{"forward validation": 0.00021145946905616784, "_timestamp": 1657060975, "_runtime": 131, "_step": 199, "loss": 0.0007928941631689668, "identity loss": 0.00041895671165548265, "forward loss": 0.00037393742240965366, "backward loss": 0.0, "consistency loss": 0.0, "eigenvalue loss": 0.0, "_wandb": {"runtime": 131}}