{"unit_circle_mse": {"unitPerturb": {"1e0": {"loss": [14.178156901041667, 10.979215169270832, 8.44267041015625, 6.350909830729168, 6.338880533854166, 5.533211181640625, 5.76335302734375, 5.25315283203125, 5.130927408854166, 4.639590006510417, 6.51098828125, 5.281698567708333, 4.215277750651041, 5.109472412109375, 3.997722412109375, 4.314321370442708, 3.8547155761718748, 3.9804358723958337, 3.2657385253906246, 3.6680005696614586, 3.6022928059895833, 3.388282633463542, 3.4842732747395835, 3.6336150716145834, 3.0918276367187496, 3.330357503255208, 2.8636539713541667, 3.5134497070312496, 3.1836819661458335, 3.023682698567708, 3.1633309733072914, 3.4058347981770836, 3.3422353515625005, 3.7721166178385417, 3.2789432779947916, 3.5254932454427084, 2.9888779296874994, 3.2010008951822915, 4.053419108072917, 2.7079024251302086, 3.0407364095052087, 3.4948566080729164, 3.099544677734375, 3.1852188313802086, 3.0495870768229167, 2.824437662760417, 2.873633870442708, 3.00859912109375, 3.8752246907552084, 3.4482491861979163, 3.16797802734375, 2.7764037272135416, 2.477611083984375, 3.3545623372395834, 2.6455205891927083, 2.807630533854167, 2.9767218424479167, 2.5597256673177085, 3.3041122233072913, 2.7802748209635415, 3.054276123046875, 3.1026810709635417, 3.0712303873697917, 3.04787109375, 3.0109172363281247, 3.543299967447916, 3.008942464192708, 2.474619384765625, 2.5155803222656252, 2.8718106282552083, 3.1606640625, 2.489893961588542, 2.6708394368489583, 2.5052150065104164, 2.8261343587239582, 2.56558984375, 2.7102666015625, 3.0704168294270833, 2.606465983072917, 2.239232014973958, 2.588838745117188, 2.3974091796875, 2.799707438151042, 3.2299492187499994, 2.8093228352864585, 2.985710693359375, 2.816197347005208, 2.71096044921875, 2.4215560709635415, 2.6850669759114587, 2.5768031412760415, 2.362947021484375, 2.5053734537760417, 2.3527187499999997, 2.284916463216146, 2.3750757649739582, 2.377165201822917, 2.0483251139322918, 2.4251457519531248, 2.258827229817708], "iden": [6.844567708333333, 5.366716471354167, 4.214379638671875, 3.2520231933593746, 3.1894733886718747, 2.84291357421875, 3.0136970214843752, 2.643099853515625, 2.6081341959635416, 2.4069598388671873, 3.5237322591145834, 2.8073234049479168, 2.1016865234375, 2.749607462565104, 2.1238912760416664, 2.2982405192057294, 2.0298677571614587, 2.0702733561197917, 1.7494849039713543, 1.9079178059895832, 1.9359586995442708, 1.8068274739583334, 1.9115765787760417, 1.9261003824869791, 1.6139263509114583, 1.7561856689453126, 1.5441059977213543, 1.8809698079427084, 1.6824593912760417, 1.5905416666666667, 1.6850226236979167, 1.8179309895833333, 1.7353097737630208, 2.062474080403646, 1.726554443359375, 1.8460387369791667, 1.556007080078125, 1.7214563395182292, 2.1907473958333337, 1.4457704264322917, 1.5933716227213541, 1.83136572265625, 1.6545657958984374, 1.7349044596354168, 1.6509506429036458, 1.4926568196614582, 1.566518798828125, 1.581992960611979, 2.0271978352864584, 1.8664431966145834, 1.6682516682942705, 1.4930990397135417, 1.3414143880208333, 1.7705050048828126, 1.3958937581380209, 1.4866695149739584, 1.5830356038411457, 1.3539678548177083, 1.7023297932942707, 1.4588272705078127, 1.6067796223958333, 1.5866792805989585, 1.5815678304036458, 1.6682288818359376, 1.61899267578125, 1.8980520426432292, 1.5942865804036461, 1.3045319010416667, 1.3461801757812502, 1.4585683593749998, 1.6423305257161458, 1.3126849365234374, 1.3665051269531248, 1.3221758626302083, 1.4518143310546874, 1.3488853759765627, 1.3840272216796876, 1.6404265543619792, 1.3614241536458334, 1.1974467773437498, 1.376186319986979, 1.2526625569661458, 1.4857508138020836, 1.662634236653646, 1.501361857096354, 1.5834230143229167, 1.4786627197265627, 1.4180326334635416, 1.2824426269531248, 1.3787316080729166, 1.3225780436197916, 1.2621055501302083, 1.312088338216146, 1.2464711914062498, 1.221420613606771, 1.219044413248698, 1.2468128662109377, 1.0748771158854167, 1.2819503987630207, 1.2034381306966144], "fwd": [5.324641764322917, 4.385371744791667, 3.443984293619792, 2.5765671386718747, 2.822390706380208, 2.4820040283203126, 2.632587524414063, 2.5329652506510416, 2.4682315266927084, 2.193600179036458, 2.9616245930989584, 2.4541040852864584, 2.099461140950521, 2.347603312174479, 1.8657611083984378, 2.0101621093750004, 1.8205598551432292, 1.9074918212890626, 1.512809814453125, 1.7577681477864584, 1.6638954671223958, 1.5791694335937503, 1.571109822591146, 1.705508097330729, 1.4763922526041668, 1.5725790201822918, 1.318015665690104, 1.6307777099609375, 1.500047322591146, 1.4320120442708333, 1.476916788736979, 1.5870852864583334, 1.606173583984375, 1.708677693684896, 1.5515721028645835, 1.6782334798177085, 1.431771484375, 1.4786749674479165, 1.8618143310546875, 1.261348673502604, 1.4467417805989584, 1.6630574951171875, 1.4445027262369792, 1.4497872314453124, 1.3978465983072919, 1.3307124430338542, 1.3063212890625, 1.4257667236328124, 1.847076416015625, 1.5810248209635418, 1.498771036783854, 1.2823961181640626, 1.1351642252604166, 1.5833586018880208, 1.248943318684896, 1.3201642456054687, 1.39299951171875, 1.2049017740885415, 1.6006511637369794, 1.3207814127604165, 1.446772908528646, 1.5151590983072918, 1.489135701497396, 1.3788888346354167, 1.3909541015625002, 1.6439415690104167, 1.4133676757812499, 1.1692948404947916, 1.1685901692708331, 1.4124960123697916, 1.517831339518229, 1.1764064127604168, 1.303311319986979, 1.1822537841796874, 1.3736069335937502, 1.2160819091796877, 1.3254381103515624, 1.4291893310546875, 1.244237101236979, 1.0410299886067709, 1.2118037923177083, 1.144041768391927, 1.3132644856770834, 1.5667015787760417, 1.3072701009114585, 1.4013190511067706, 1.336284627278646, 1.2916724039713543, 1.1379496459960936, 1.3055392659505207, 1.253429178873698, 1.1002708536783854, 1.1925509033203125, 1.1053980712890625, 1.0625795084635417, 1.1552515258789062, 1.1295106608072916, 0.9725582275390625, 1.1423844197591146, 1.0546388346354165], "bwd": [0.0, 0.0, 0.0, 0.0, 0.0, 0.0, 0.0, 0.0, 0.0, 0.0, 0.0, 0.0, 0.0, 0.0, 0.0, 0.0, 0.0, 0.0, 0.0, 0.0, 0.0, 0.0, 0.0, 0.0, 0.0, 0.0, 0.0, 0.0, 0.0, 0.0, 0.0, 0.0, 0.0, 0.0, 0.0, 0.0, 0.0, 0.0, 0.0, 0.0, 0.0, 0.0, 0.0, 0.0, 0.0, 0.0, 0.0, 0.0, 0.0, 0.0, 0.0, 0.0, 0.0, 0.0, 0.0, 0.0, 0.0, 0.0, 0.0, 0.0, 0.0, 0.0, 0.0, 0.0, 0.0, 0.0, 0.0, 0.0, 0.0, 0.0, 0.0, 0.0, 0.0, 0.0, 0.0, 0.0, 0.0, 0.0, 0.0, 0.0, 0.0, 0.0, 0.0, 0.0, 0.0, 0.0, 0.0, 0.0, 0.0, 0.0, 0.0, 0.0, 0.0, 0.0, 0.0, 0.0, 0.0, 0.0, 0.0, 0.0], "cons": [0.0, 0.0, 0.0, 0.0, 0.0, 0.0, 0.0, 0.0, 0.0, 0.0, 0.0, 0.0, 0.0, 0.0, 0.0, 0.0, 0.0, 0.0, 0.0, 0.0, 0.0, 0.0, 0.0, 0.0, 0.0, 0.0, 0.0, 0.0, 0.0, 0.0, 0.0, 0.0, 0.0, 0.0, 0.0, 0.0, 0.0, 0.0, 0.0, 0.0, 0.0, 0.0, 0.0, 0.0, 0.0, 0.0, 0.0, 0.0, 0.0, 0.0, 0.0, 0.0, 0.0, 0.0, 0.0, 0.0, 0.0, 0.0, 0.0, 0.0, 0.0, 0.0, 0.0, 0.0, 0.0, 0.0, 0.0, 0.0, 0.0, 0.0, 0.0, 0.0, 0.0, 0.0, 0.0, 0.0, 0.0, 0.0, 0.0, 0.0, 0.0, 0.0, 0.0, 0.0, 0.0, 0.0, 0.0, 0.0, 0.0, 0.0, 0.0, 0.0, 0.0, 0.0, 0.0, 0.0, 0.0, 0.0, 0.0, 0.0],