{"unit_circle_mae": {"gaussianElement": {"1e0": {"loss": [13.282181640625, 8.04138232421875], "iden": [7.130353515625, 3.976952880859375], "fwd": [5.83182861328125, 3.7444296875], "bwd": [0.0, 0.0], "cons": [0.0, 0.0], "eigen": [0.32, 0.32], "fwd_val": [3.7127499961853028, 6.256463195800781]}}}, "unit_circle_mse": {"gaussianElement": {"1e0": {"loss": [15.079353515625, 9.85519921875], "iden": [8.237908203125, 5.11682861328125], "fwd": [6.5214453125, 4.41837109375], "bwd": [0.0, 0.0], "cons": [0.0, 0.0], "eigen": [0.32, 0.32], "fwd_val": [7.744824676513672, 3.2514968070983885]}}}, "origin_mse": {"gaussianElement": {"1e0": {"loss": [14.1995849609375, 9.7809599609375], "iden": [7.73069384765625, 4.84684033203125], "fwd": [6.148890625, 4.61411962890625], "bwd": [0.0, 0.0], "cons": [0.0, 0.0], "eigen": [0.32, 0.32], "fwd_val": [5.438134063720703, 3.5513802795410156]}}}}