{"unit_circle_mae": {"gaussianElement": {"1e0": {"loss": [0.6774022475532864, 0.6281791355298914], "iden": [0.1375336854354195, 0.09458621688511061], "fwd": [0.10508596378823985, 0.0988103203151537], "bwd": [0.0, 0.0], "cons": [0.0, 0.0], "eigen": [0.43478260869565216, 0.43478260869565216], "fwd_val": [0.2751002592198989, 0.24327289356904871]}}}, "unit_circle_mse": {"gaussianElement": {"1e0": {"loss": [0.6781437086022418, 0.6285231217094089], "iden": [0.1382832319840141, 0.0953833642213241], "fwd": [0.10507782645847487, 0.09835717989050824], "bwd": [0.0, 0.0], "cons": [0.0, 0.0], "eigen": [0.43478260869565216, 0.43478260869565216], "fwd_val": [0.2743867425357594, 0.24326537637149587]}}}, "origin_mse": {"gaussianElement": {"1e0": {"loss": [0.6744722283404806, 0.6179816204568614], "iden": [0.13525660141654636, 0.09076589086781377], "fwd": [0.10443304932635764, 0.09243307942929475], "bwd": [0.0, 0.0], "cons": [0.0, 0.0], "eigen": [0.43478260869565216, 0.43478260869565216], "fwd_val": [0.26069040859446807, 0.22362508493311264]}}}}