{"none": {"gaussianElement": {"1e0": {"loss": [1.8047172183082218, 1.8210356939406622, 1.7422054109119234, 1.723466055733817, 1.710055178687686, 1.6921227228073845, 1.675279308500744, 1.6632682073683962, 1.6516795930408297, 1.6365639822823659, 1.6241941906156996, 1.6060336158389137, 1.591134970528739, 1.5737718128022695, 1.5588744753883, 1.5525404430571057, 1.5300215584891184, 1.5109840756370907, 1.5061514718191966, 1.483430662609282, 1.460038339524042, 1.452702640351795, 1.4325034186953591, 1.4248487200055802, 1.4021692548479354, 1.3918533870152063, 1.3771162850516183, 1.360527856009347, 1.3504412514822821, 1.3398700169154576, 1.3386349269321989, 1.3319936298188708, 1.3299518766857328, 1.3456452687581382, 1.3265528542654856, 1.3265619005475728, 1.3209605080740792, 1.320371300833566, 1.3157764434814454, 1.3214166732061476, 1.3173412322998046, 1.3180727095831006, 1.3238494509742373, 1.3289127894810266, 1.3168990725562684, 1.3152745564778645, 1.312872586931501, 1.313677506219773, 1.3164984748477029, 1.317644082932245], "iden": [0.0, 0.0, 0.0, 0.0, 0.0, 0.0, 0.0, 0.0, 0.0, 0.0, 0.0, 0.0, 0.0, 0.0, 0.0, 0.0, 0.0, 0.0, 0.0, 0.0, 0.0, 0.0, 0.0, 0.0, 0.0, 0.0, 0.0, 0.0, 0.0, 0.0, 0.0, 0.0, 0.0, 0.0, 0.0, 0.0, 0.0, 0.0, 0.0, 0.0, 0.0, 0.0, 0.0, 0.0, 0.0, 0.0, 0.0, 0.0, 0.0, 0.0], "fwd": [0.8523361569359189, 0.8686547960553851, 0.789824494861421, 0.7710851578485398, 0.7576742172241211, 0.739741779509045, 0.7228983924502418, 0.7108873004005068, 0.6992986134120397, 0.6841830117361887, 0.6718132927304222, 0.6536526997884113, 0.6387540181477865, 0.621390860421317, 0.60649353208996, 0.6001594361804781, 0.5776405970255534, 0.5586031414213635, 0.5537705285208566, 0.5310497193109421, 0.5076573508126396, 0.5003217243012927, 0.4801224844796317, 0.47246777670724044, 0.44978830246698287, 0.4394724527994792, 0.4247353690011161, 0.4081469127110072, 0.39806029910132995, 0.38748905545189266, 0.3862539654686337, 0.37961268197922476, 0.3775709288460868, 0.39326432091849195, 0.3741719018845331, 0.3741809481666202, 0.3685795556931269, 0.3679903847830636, 0.36339550472441173, 0.36903572990780786, 0.36496025267101473, 0.3656917572021484, 0.3714684804280599, 0.3765318280174618, 0.36451812925792876, 0.3628935995556059, 0.3604916300092425, 0.3612965402149019, 0.3641175360906692, 0.36526316234043665], "bwd": [0.0, 0.0, 0.0, 0.0, 0.0, 0.0, 0.0, 0.0, 0.0, 0.0, 0.0, 0.0, 0.0, 0.0, 0.0, 0.0, 0.0, 0.0, 0.0, 0.0, 0.0, 0.0, 0.0, 0.0, 0.0, 0.0, 0.0, 0.0, 0.0, 0.0, 0.0, 0.0, 0.0, 0.0, 0.0, 0.0, 0.0, 0.0, 0.0, 0.0, 0.0, 0.0, 0.0, 0.0, 0.0, 0.0, 0.0, 0.0, 0.0, 0.0], "cons": [0.0, 0.0, 0.0, 0.0, 0.0, 0.0, 0.0, 0.0, 0.0, 0.0, 0.0, 0.0, 0.0, 0.0, 0.0, 0.0, 0.0, 0.0, 0.0, 0.0, 0.0, 0.0, 0.0, 0.0, 0.0, 0.0, 0.0, 0.0, 0.0, 0.0, 0.0, 0.0, 0.0, 0.0, 0.0, 0.0, 0.0, 0.0, 0.0, 0.0, 0.0, 0.0, 0.0, 0.0, 0.0, 0.0, 0.0, 0.0, 0.0, 0.0], "eigen": [0.9523809523809523, 0.9523809523809523, 0.9523809523809523, 0.9523809523809523, 0.9523809523809523, 0.9523809523809523, 0.9523809523809523, 0.9523809523809523, 0.9523809523809523, 0.9523809523809523, 0.9523809523809523, 0.9523809523809523, 0.9523809523809523, 0.9523809523809523, 0.9523809523809523, 0.9523809523809523, 0.9523809523809523, 0.9523809523809523, 0.9523809523809523, 0.9523809523809523, 0.9523809523809523, 0.9523809523809523, 0.9523809523809523, 0.9523809523809523, 0.9523809523809523, 0.9523809523809523, 0.9523809523809523, 0.9523809523809523, 0.9523809523809523, 0.9523809523809523, 0.9523809523809523, 0.9523809523809523, 0.9523809523809523, 0.9523809523809523, 0.9523809523809523, 0.9523809523809523, 0.9523809523809523, 0.9523809523809523, 0.9523809523809523, 0.9523809523809523, 0.9523809523809523, 0.9523809523809523, 0.9523809523809523, 0.9523809523809523, 0.9523809523809523, 0.9523809523809523, 0.9523809523809523, 0.9523809523809523, 0.9523809523809523, 0.9523809523809523], "time": [1.867004108428955, 4.23339352607727, 6.604879856109619, 8.96004056930542, 11.329799938201905, 13.693266868591309, 16.055817794799804, 18.43624563217163, 20.82037115097046, 23.20272660255432, 25.575652742385863, 27.93459849357605, 30.274630403518678, 32.63019766807556, 34.990759229660036, 37.346480464935304, 39.71666617393494, 42.090457105636595, 44.44270348548889, 46.797354793548585, 49.17197732925415, 51.542752504348755, 53.92572860717773, 56.29676389694214, 58.67075252532959, 61.04560513496399, 63.41997227668762, 65.78467707633972, 68.14657249450684, 70.49248442649841, 72.84813942909241, 75.18917927742004, 77.56787939071656, 79.93720045089722, 82.32111101150512, 84.68296103477478, 87.04015069007873, 89.38881869316101, 91.76962866783143, 94.15646896362304, 96.5538580417633, 98.93764824867249, 101.30457043647766, 103.68403191566468, 106.04706726074218, 108.41472387313843, 110.77419333457946, 113.14195938110352, 115.50039844512939, 117.84165816307068], "fwd_val": [2.716793060302734, 2.3948933071560328, 2.263981925116645, 2.2161350250244136, 2.1260676913791228, 2.052857844034831, 1.975736363728841, 1.9153856489393444, 1.848382822672526, 1.786644787258572, 1.7044994990030922, 1.6213560740152997, 1.5470072004530167, 1.4614341100056965, 1.3954124874538847, 1.3599042468600804, 1.2014343473646376, 1.1612708621554906, 1.0789860195583767, 0.9700076421101889, 0.9328173849317762, 0.8298580593532986, 0.7438540140787759, 0.6764817873636881, 0.6104254510667589, 0.538593022028605, 0.43824700249565973, 0.3928006649017334, 0.340204734272427, 0.31524497403038876, 0.2812617169486152, 0.26882412698533803, 0.3834249152077569, 0.245114090707567, 0.24705334239535864, 0.22532846662733289, 0.22927975124782987, 0.19979494677649606, 0.22776710192362465, 0.20048769315083823, 0.21227948400709362, 0.22309342490302192, 0.26234002643161347, 0.19848837322658963, 0.19512690703074137, 0.20025446944766573, 0.19488842222425676, 0.20432794888814293, 0.19985780715942383, 0.2102709240383572], "testAccuracy": [0.06197512894868851, 0.06736530363559723, 0.05786363407969475, 0.05314533784985542, 0.057450391352176666, 0.05616559460759163, 0.056279439479112625, 0.05577507242560387, 0.05768432095646858, 0.05450523644685745, 0.05372041091322899, 0.05362726002931595, 0.0542663149535656, 0.05299506336450577, 0.05321801081299782], "testStd": [0.0, 0.0, 0.0, 0.0, 0.0, 0.0, 0.0, 0.0, 0.0, 0.0, 0.0, 0.0, 0.0, 0.0, 0.0]}}}, "unit_circle_mse-none": {"gaussianElement": {"1e0": {"loss": [1.8038102286202566, 1.86103766305106, 1.745324234735398, 1.7221571422758557, 1.7060971577962243, 1.690272449311756, 1.6771417526971728, 1.6676122029622396, 1.6540873209635418, 1.6384563627697173, 1.6372736976260232, 1.6134710766020277, 1.5948276701427642, 1.5807325090680806, 1.5675232296898252, 1.55933594476609, 1.5327021644228978, 1.5240158262706938, 1.5142427716936382, 1.4831380571637833, 1.4724918728783016, 1.467059598650251, 1.4413987477620442, 1.4184629894438245, 1.3997655232747395, 1.392608424595424, 1.3710878463018508, 1.3676574888683501, 1.3709580920991444, 1.3400208246140253, 1.3412711188906716, 1.3307974315824964, 1.324756077357701, 1.3363142467680431, 1.327420661562965, 1.320155715942383, 1.331999024890718, 1.32265134538923, 1.3236499423072452, 1.318103735787528, 1.4121696108863468, 1.3204030173165457, 1.32008421761649, 1.3171597253708611, 1.3174167996361141, 1.3269228980654761, 1.3157902672177268, 1.3192806425548735, 1.3167781103224983, 1.3150585356212798], "iden": [0.0, 0.0, 0.0, 0.0, 0.0, 0.0, 0.0, 0.0, 0.0, 0.0, 0.0, 0.0, 0.0, 0.0, 0.0, 0.0, 0.0, 0.0, 0.0, 0.0, 0.0, 0.0, 0.0, 0.0, 0.0, 0.0, 0.0, 0.0, 0.0, 0.0, 0.0, 0.0, 0.0, 0.0, 0.0, 0.0, 0.0, 0.0, 0.0, 0.0, 0.0, 0.0, 0.0, 0.0, 0.0, 0.0, 0.0, 0.0, 0.0, 0.0],