{"none": {"gaussianElement": {"1e0": {"loss": [2.0414497375488283, 2.100817689441499, 1.9908347720191593, 1.9634198688325426, 1.949817239670526, 1.9341781434558691, 1.9168772379557293, 1.9034294491722474, 1.8870398748488655, 1.870440165201823, 1.8547639755975633, 1.8413115546816872, 1.8217598324730282, 1.8051965077718102, 1.7893387022472567, 1.7691187359037854, 1.7477147420247394, 1.7458343869163877, 1.7161437261672248, 1.6931212288992747, 1.6728486742292135, 1.658770043509347, 1.6376754579089936, 1.6258006504603795, 1.6127234504336403, 1.597872052873884, 1.59107909429641, 1.5807137443905785, 1.5739356812976655, 1.565729522705078, 1.5630898975190661, 1.55884637378511, 1.5573804764520554, 1.5563748314267112, 1.5610318865094865, 1.626636268979027, 1.5781754084995814, 1.5574881054106213, 1.5621690477643693, 1.5566866011846634, 1.5536952245803106, 1.5556242806570872, 1.5557019006638302, 1.5567011696951731, 1.5622582571847097, 1.558508791242327, 1.5591843014671687, 1.5564698355538504, 1.5562593550909134, 1.5569330669584729], "iden": [0.0, 0.0, 0.0, 0.0, 0.0, 0.0, 0.0, 0.0, 0.0, 0.0, 0.0, 0.0, 0.0, 0.0, 0.0, 0.0, 0.0, 0.0, 0.0, 0.0, 0.0, 0.0, 0.0, 0.0, 0.0, 0.0, 0.0, 0.0, 0.0, 0.0, 0.0, 0.0, 0.0, 0.0, 0.0, 0.0, 0.0, 0.0, 0.0, 0.0, 0.0, 0.0, 0.0, 0.0, 0.0, 0.0, 0.0, 0.0, 0.0, 0.0], "fwd": [0.8509735652378628, 0.9103414717174712, 0.800358617873419, 0.7729436828976587, 0.7593410673595609, 0.7437019348144531, 0.7264010520208449, 0.7129532632373629, 0.6965636889139811, 0.6799639747256325, 0.6642877442496162, 0.6508353959946405, 0.6312836374555315, 0.6147203172956195, 0.5988624845232282, 0.5786425363449823, 0.5572385515485492, 0.5553581646510534, 0.5256675538562592, 0.5026450475056967, 0.48237251554216665, 0.46829381216140026, 0.44719929013933457, 0.4353245008559454, 0.4222472372509184, 0.4073958260672434, 0.4006028765723819, 0.39023755164373486, 0.3834595157986595, 0.3752533186049688, 0.37261370931352894, 0.36837018785022557, 0.366904270081293, 0.3658986500331334, 0.37055566878545854, 0.4361600807734899, 0.3876992043994722, 0.3670119399116153, 0.37169286637079146, 0.36621043341500414, 0.3632189932323638, 0.36514805157979324, 0.3652256965637207, 0.3662249519711449, 0.3717820984976632, 0.36803257805960515, 0.36870812234424416, 0.3659936541602725, 0.3657832077571324, 0.36645687421162926], "bwd": [0.0, 0.0, 0.0, 0.0, 0.0, 0.0, 0.0, 0.0, 0.0, 0.0, 0.0, 0.0, 0.0, 0.0, 0.0, 0.0, 0.0, 0.0, 0.0, 0.0, 0.0, 0.0, 0.0, 0.0, 0.0, 0.0, 0.0, 0.0, 0.0, 0.0, 0.0, 0.0, 0.0, 0.0, 0.0, 0.0, 0.0, 0.0, 0.0, 0.0, 0.0, 0.0, 0.0, 0.0, 0.0, 0.0, 0.0, 0.0, 0.0, 0.0], "cons": [0.0, 0.0, 0.0, 0.0, 0.0, 0.0, 0.0, 0.0, 0.0, 0.0, 0.0, 0.0, 0.0, 0.0, 0.0, 0.0, 0.0, 0.0, 0.0, 0.0, 0.0, 0.0, 0.0, 0.0, 0.0, 0.0, 0.0, 0.0, 0.0, 0.0, 0.0, 0.0, 0.0, 0.0, 0.0, 0.0, 0.0, 0.0, 0.0, 0.0, 0.0, 0.0, 0.0, 0.0, 0.0, 0.0, 0.0, 0.0, 0.0, 0.0], "eigen": [1.1904761904761902, 1.1904761904761902, 1.1904761904761902, 1.1904761904761902, 1.1904761904761902, 1.1904761904761902, 1.1904761904761902, 1.1904761904761902, 1.1904761904761902, 1.1904761904761902, 1.1904761904761902, 1.1904761904761902, 1.1904761904761902, 1.1904761904761902, 1.1904761904761902, 1.1904761904761902, 1.1904761904761902, 1.1904761904761902, 1.1904761904761902, 1.1904761904761902, 1.1904761904761902, 1.1904761904761902, 1.1904761904761902, 1.1904761904761902, 1.1904761904761902, 1.1904761904761902, 1.1904761904761902, 1.1904761904761902, 1.1904761904761902, 1.1904761904761902, 1.1904761904761902, 1.1904761904761902, 1.1904761904761902, 1.1904761904761902, 1.1904761904761902, 1.1904761904761902, 1.1904761904761902, 1.1904761904761902, 1.1904761904761902, 1.1904761904761902, 1.1904761904761902, 1.1904761904761902, 1.1904761904761902, 1.1904761904761902, 1.1904761904761902, 1.1904761904761902, 1.1904761904761902, 1.1904761904761902, 1.1904761904761902, 1.1904761904761902], "time": [1.8334057092666627, 4.204252815246582, 6.575483274459839, 8.949557948112489, 11.333879351615906, 13.70731565952301, 16.080360436439513, 18.446019768714905, 20.82372090816498, 23.20177619457245, 25.58465838432312, 27.955060410499573, 30.324287915229796, 32.69940440654754, 35.07560977935791, 37.457613825798035, 39.82652304172516, 42.19242646694183, 44.56511378288269, 46.94459159374237, 49.314606642723085, 51.6808483839035, 54.05143082141876, 56.432140707969666, 58.80752868652344, 61.17765724658966, 63.55237324237824, 65.92910685539246, 68.30703556537628, 70.68622786998749, 73.06547977924347, 75.44562149047852, 77.82680675983428, 80.20464298725128, 82.57556133270263, 84.954416847229, 87.32870213985443, 89.7082409620285, 92.08336200714112, 94.45924503803253, 96.83035025596618, 99.20763752460479, 101.58617217540741, 103.96754548549652, 106.34811103343964, 108.72538547515869, 111.09868695735932, 113.47553906440734, 115.84442908763886, 118.231444978714], "fwd_val": [2.9078854242960612, 2.484836239284939, 2.2707525465223526, 2.212205717298719, 2.142581219143337, 2.057718700832791, 1.982107310824924, 1.9193868425157337, 1.8465821478101945, 1.7681270069546173, 1.6901772075229218, 1.6014668782552082, 1.5205939292907715, 1.4420764181349015, 1.332969019148085, 1.2388655132717556, 1.2043283992343479, 1.095936425526937, 0.9664602014753554, 0.8476466867658827, 0.7667879263559978, 0.665780480702718, 0.5722792863845825, 0.5260749446021186, 0.4585795481999716, 0.3965926779641045, 0.35638879140218105, 0.3041758166419135, 0.27094258069992067, 0.23673884736167058, 0.23133585453033448, 0.21450627512402, 0.21948277023103505, 0.22764882776472306, 0.2263703187306722, 0.3958017163806491, 0.2174917115105523, 0.21857399675581193, 0.2223786155382792, 0.20197146601147123, 0.21133960750367908, 0.2104937858051724, 0.1994683437877231, 0.2418354696697659, 0.22462312512927585, 0.2230260729789734, 0.20423538419935436, 0.20408112472958034, 0.21577837997012672, 0.21053678327136569], "testAccuracy": [0.06667520105838776, 0.06451492756605148, 0.06944764405488968, 0.05162060260772705, 0.05127175524830818, 0.05066724121570587, 0.05114206299185753, 0.05711310729384422, 0.05129946023225784, 0.049395233392715454, 0.05564097315073013, 0.05448777601122856, 0.05307687073945999, 0.05430849641561508, 0.05691705271601677], "testStd": [0.0, 0.0, 0.0, 0.0, 0.0, 0.0, 0.0, 0.0, 0.0, 0.0, 0.0, 0.0, 0.0, 0.0, 0.0]}}, "uniformEigen": {"1e0": {"loss": [5.031436956496465, 4.448668979463124, 2.3707901545933314, 1.7986110142299108, 1.6889818282354443, 1.8065377371651787, 1.7336648850213916, 1.6294047219412668, 1.6454507736932666, 1.661095246814546, 1.6189432053338915, 1.6342209952218194, 1.6335525331043061, 1.6164208911714097, 1.6261024475097656, 1.6196312858944846, 1.6074464525495258, 1.599068832397461, 1.6373078119187128, 1.5981486002604166, 1.6078337896437873, 1.6157989138648623, 1.6452614193870907, 1.5984530494326636, 1.6064627329508465, 1.6006308964320592, 1.5900730496361144, 1.5945017678397044, 1.58196899777367, 1.5933828263055712, 1.6072596595400852, 1.5864871433803014, 1.620798801240467, 1.5956742604573566, 1.6006415412539527, 1.5940254574730282, 1.5975008464994882, 1.6349159240722657, 1.6048150017147975, 1.6249718257359096, 1.632577387491862, 1.6111168634323847, 1.602753430321103, 1.5969487326485772, 1.5774754842122394, 1.5805045899890717, 1.5925404866536457, 1.588420104980469, 1.5809268769763765, 1.5761607397170294], "iden": [0.0, 0.0, 0.0, 0.0, 0.0, 0.0, 0.0, 0.0, 0.0, 0.0, 0.0, 0.0, 0.0, 0.0, 0.0, 0.0, 0.0, 0.0, 0.0, 0.0, 0.0, 0.0, 0.0, 0.0, 0.0, 0.0, 0.0, 0.0, 0.0, 0.0, 0.0, 0.0, 0.0, 0.0, 0.0, 0.0, 0.0, 0.0, 0.0, 0.0, 0.0, 0.0, 0.0, 0.0, 0.0, 0.0, 0.0, 0.0, 0.0, 0.0],