{"none": {"gaussianElement": {"1e0": {"loss": [2.164455377487909, 2.388354237874349, 2.1080078851609003, 1.8413569495791482, 1.74622076125372, 1.7550456819080171, 1.6825449988955543, 1.6580366588774182, 1.6274800981794084, 1.580909438360305, 1.5262730553036643, 1.4658860161190943, 1.4092429933093842, 1.3655149913969493, 1.3538724990118118, 1.3697762262253534, 1.4725995744977678, 1.384536579677037, 1.3473213377453033, 1.334834961664109, 1.3244238172258649, 1.3325323558989026, 1.3268574305943082, 1.3229860214960008, 1.345475333077567, 1.3298572176978702, 1.3260387057349796, 1.3441313607352119, 1.3178477514357794, 1.318335651216053, 1.3171820867629278, 1.3188658396402997, 1.3204528445289248, 1.3196168263753256, 1.3264288402739024, 1.440105183919271, 1.330977321806408, 1.3265097481863837, 1.3218323117210753, 1.3226983751569474, 1.3234410967145647, 1.3255897885277157, 1.3474268413725354, 1.3275784992036364, 1.324258223034087, 1.3529197511218842, 1.323158736456008, 1.3194783891950335, 1.3203137897309802, 1.3156749725341796], "iden": [0.0, 0.0, 0.0, 0.0, 0.0, 0.0, 0.0, 0.0, 0.0, 0.0, 0.0, 0.0, 0.0, 0.0, 0.0, 0.0, 0.0, 0.0, 0.0, 0.0, 0.0, 0.0, 0.0, 0.0, 0.0, 0.0, 0.0, 0.0, 0.0, 0.0, 0.0, 0.0, 0.0, 0.0, 0.0, 0.0, 0.0, 0.0, 0.0, 0.0, 0.0, 0.0, 0.0, 0.0, 0.0, 0.0, 0.0, 0.0, 0.0, 0.0], "fwd": [1.2120744432721817, 1.4359732854933966, 1.155626969110398, 0.8889759608677454, 0.7938398270379928, 0.8026647295270648, 0.730164046514602, 0.7056557428269159, 0.6750991548810686, 0.6285284768967401, 0.5738920938400995, 0.5135050274076917, 0.45686201822190053, 0.41313404809860954, 0.4014915420895531, 0.4173952693030948, 0.5202186221168155, 0.4321556091308594, 0.39494042623610726, 0.38245399111793155, 0.3720428693862189, 0.3801514398484003, 0.37447651000249954, 0.37060507365635464, 0.39309437615530834, 0.3774762607756116, 0.3736577442714146, 0.39175044014340354, 0.3654668217613583, 0.3659547215416318, 0.36480109351021905, 0.3664848872593471, 0.368071901230585, 0.36723586945306685, 0.3740478969755627, 0.4877241997491746, 0.37859637850806827, 0.37412880942935034, 0.36945135934012285, 0.3703174000694638, 0.3710601307096935, 0.3732088225228446, 0.3950458844502767, 0.37519754682268414, 0.3718773024422782, 0.4005388032822381, 0.37077778861636207, 0.3670974322727748, 0.36793284189133424, 0.36329402923583987], "bwd": [0.0, 0.0, 0.0, 0.0, 0.0, 0.0, 0.0, 0.0, 0.0, 0.0, 0.0, 0.0, 0.0, 0.0, 0.0, 0.0, 0.0, 0.0, 0.0, 0.0, 0.0, 0.0, 0.0, 0.0, 0.0, 0.0, 0.0, 0.0, 0.0, 0.0, 0.0, 0.0, 0.0, 0.0, 0.0, 0.0, 0.0, 0.0, 0.0, 0.0, 0.0, 0.0, 0.0, 0.0, 0.0, 0.0, 0.0, 0.0, 0.0, 0.0], "cons": [0.0, 0.0, 0.0, 0.0, 0.0, 0.0, 0.0, 0.0, 0.0, 0.0, 0.0, 0.0, 0.0, 0.0, 0.0, 0.0, 0.0, 0.0, 0.0, 0.0, 0.0, 0.0, 0.0, 0.0, 0.0, 0.0, 0.0, 0.0, 0.0, 0.0, 0.0, 0.0, 0.0, 0.0, 0.0, 0.0, 0.0, 0.0, 0.0, 0.0, 0.0, 0.0, 0.0, 0.0, 0.0, 0.0, 0.0, 0.0, 0.0, 0.0], "eigen": [0.9523809523809523, 0.9523809523809523, 0.9523809523809523, 0.9523809523809523, 0.9523809523809523, 0.9523809523809523, 0.9523809523809523, 0.9523809523809523, 0.9523809523809523, 0.9523809523809523, 0.9523809523809523, 0.9523809523809523, 0.9523809523809523, 0.9523809523809523, 0.9523809523809523, 0.9523809523809523, 0.9523809523809523, 0.9523809523809523, 0.9523809523809523, 0.9523809523809523, 0.9523809523809523, 0.9523809523809523, 0.9523809523809523, 0.9523809523809523, 0.9523809523809523, 0.9523809523809523, 0.9523809523809523, 0.9523809523809523, 0.9523809523809523, 0.9523809523809523, 0.9523809523809523, 0.9523809523809523, 0.9523809523809523, 0.9523809523809523, 0.9523809523809523, 0.9523809523809523, 0.9523809523809523, 0.9523809523809523, 0.9523809523809523, 0.9523809523809523, 0.9523809523809523, 0.9523809523809523, 0.9523809523809523, 0.9523809523809523, 0.9523809523809523, 0.9523809523809523, 0.9523809523809523, 0.9523809523809523, 0.9523809523809523, 0.9523809523809523], "time": [2.4217918872833253, 5.211871242523193, 7.881364583969116, 10.579647159576416, 13.274061298370361, 15.94878339767456, 18.65119924545288, 21.343690347671508, 24.06276378631592, 26.762528228759766, 29.46881432533264, 32.1604070186615, 34.84649405479431, 37.53087854385376, 40.21336040496826, 42.924402713775635, 45.610222053527835, 48.29987721443176, 51.0067843914032, 53.73270978927612, 56.39426188468933, 59.080500268936156, 61.77820320129395, 64.47991232872009, 67.1580270767212, 69.86405701637268, 72.56244950294494, 75.26630659103394, 77.96623425483703, 80.67845945358276, 83.3979941368103, 86.11630911827088, 88.82320346832276, 91.50432682037354, 94.20449981689453, 96.9212661743164, 99.62323794364929, 102.3019772529602, 105.02639546394349, 107.71551289558411, 110.41907420158387, 113.12811450958252, 115.81674942970275, 118.50577964782715, 121.19315366744995, 123.89074921607971, 126.5771288394928, 129.2767776489258, 131.97919936180114, 134.74987745285034], "fwd_val": [7.7288697984483505, 4.457684495713976, 3.2324810451931425, 2.4326431698269313, 2.459901555379232, 2.104188283284505, 1.9420457628038197, 1.8318268669976128, 1.5944266425238716, 1.3402655283610028, 1.0370750215318467, 0.7385352452596028, 0.5204395082261828, 0.3566868199242486, 0.5316213501824273, 1.249094745847914, 0.7586732175615098, 0.3737213876512316, 0.3190147876739502, 0.28276819123162167, 0.26233962906731495, 0.25265298949347603, 0.25256578657362194, 0.28116152021620006, 0.25209156937069366, 0.2414393186569214, 0.2321095519595676, 0.2373196045557658, 0.20509486463334822, 0.20698104169633655, 0.20134847693973118, 0.22533748149871827, 0.2213902473449707, 0.24248018529680043, 0.22794667349921333, 0.27793821228875054, 0.25581396950615776, 0.23622456656561958, 0.22398535410563153, 0.2442593150668674, 0.23131601015726724, 0.21420563326941594, 0.3064439641104804, 0.23614716529846191, 0.46408331924014623, 0.22198443677690297, 0.22125936084323458, 0.224652189678616, 0.2089024543762207, 0.20929815239376492], "testAccuracy": [0.15548858046531677, 0.1393771767616272, 0.09594763815402985, 0.05731111392378807, 0.0586533397436142, 0.0592452771961689, 0.05795696750283241, 0.05786227062344551, 0.060150742530822754, 0.0562802292406559, 0.05521184206008911, 0.05502355843782425, 0.05647670105099678, 0.053587377071380615, 0.05398071929812431], "testStd": [0.0, 0.0, 0.0, 0.0, 0.0, 0.0, 0.0, 0.0, 0.0, 0.0, 0.0, 0.0, 0.0, 0.0, 0.0]}}}, "unit_circle_mse-none": {"gaussianElement": {"1e0": {"loss": [2.5434498378208708, 2.414759572347005, 1.9687223525274369, 1.9980855305989582, 1.7288546607607889, 1.7693352835518972, 1.6796859741210937, 1.6405813671293714, 1.647588784354074, 1.5656205676850818, 1.5133906954810734, 1.45521605355399, 1.4050050099690756, 1.3589922950381326, 1.3416695549374535, 1.3512484777541387, 1.348859605335054, 1.3310687292189824, 1.3270476568312872, 1.3326538812546505, 1.3397677285330638, 1.5391182854062035, 1.4143177214122953, 1.326629384358724, 1.3235189165387837, 1.3236431848435175, 1.320783651442755, 1.3436621166410903, 1.3221477326892672, 1.4254660288492838, 1.3260491689046225, 1.3207194192068918, 1.322454107375372, 1.3195686885288782, 1.3240533737909224, 1.32556639171782, 1.335614722115653, 1.3277018592471168, 1.3167637416294642, 1.3206876118977866, 1.3159163338797435, 1.3148829505557105, 1.3165188743954612, 1.3194884163992746, 1.3156665075392948, 1.3245317186628067, 1.3286762419201081, 1.3216601780482702, 1.463727533249628, 1.348837879725865], "iden": [0.0, 0.0, 0.0, 0.0, 0.0, 0.0, 0.0, 0.0, 0.0, 0.0, 0.0, 0.0, 0.0, 0.0, 0.0, 0.0, 0.0, 0.0, 0.0, 0.0, 0.0, 0.0, 0.0, 0.0, 0.0, 0.0, 0.0, 0.0, 0.0, 0.0, 0.0, 0.0, 0.0, 0.0, 0.0, 0.0, 0.0, 0.0, 0.0, 0.0, 0.0, 0.0, 0.0, 0.0, 0.0, 0.0, 0.0, 0.0, 0.0, 0.0],