{"none": {"gaussianElement": {"1e0": {"loss": [3.232726324172247, 3.272454107375372, 3.174918474469866, 3.151919846307664, 3.138404264904204, 3.1270177568708144, 3.122952343168713, 3.11035897391183, 3.1009012494768418, 3.0876960754394527, 3.0727962857200986, 3.059059324718657, 3.0442227863130116, 3.0280904315766835, 3.0131461370558967, 2.99399911789667, 2.9752037411644348, 2.9621657598586313, 2.9380773271833145, 2.9205469585600357, 2.8955696650913785, 2.8764816829136444, 2.859209750947498, 2.8517024448939736, 2.8291363489060175, 2.8091595059349426, 2.826913379487537, 2.8189671471005395, 2.7724188123430524, 2.7727042606898715, 2.756147148495628, 2.751785841442289, 2.773379298618862, 2.7506040663946245, 2.7476827348981585, 2.7486136118570967, 2.7492059980119974, 2.746672784714472, 2.7472045716785254, 2.7461774190266928, 2.744293594360351, 2.746462722051711, 2.746166065761021, 2.7533021291097004, 2.748148854573567, 2.744198953537714, 2.750498272123791, 2.746974599929083, 2.7452745891752697, 2.750183850242978], "iden": [0.0, 0.0, 0.0, 0.0, 0.0, 0.0, 0.0, 0.0, 0.0, 0.0, 0.0, 0.0, 0.0, 0.0, 0.0, 0.0, 0.0, 0.0, 0.0, 0.0, 0.0, 0.0, 0.0, 0.0, 0.0, 0.0, 0.0, 0.0, 0.0, 0.0, 0.0, 0.0, 0.0, 0.0, 0.0, 0.0, 0.0, 0.0, 0.0, 0.0, 0.0, 0.0, 0.0, 0.0, 0.0, 0.0, 0.0, 0.0, 0.0, 0.0], "fwd": [0.8517739159720283, 0.8915017355056036, 0.7939661116827103, 0.7709675016857329, 0.7574518385387603, 0.7460653850010465, 0.7420000212533133, 0.7294065657116118, 0.719948841276623, 0.7067437171936037, 0.6918438820611863, 0.6781069256010511, 0.6632704416910807, 0.6471380324590774, 0.6321937651861281, 0.6130467505682082, 0.5942513329642158, 0.5812133652823313, 0.5571249643961589, 0.5395945912315732, 0.5146172568911597, 0.49552930650256927, 0.478257333664667, 0.47075006394159224, 0.44818394978841153, 0.4282071386064802, 0.4459609803699312, 0.43801477750142415, 0.3914664086841401, 0.39175187519618443, 0.37519473802475706, 0.37083341053553986, 0.3924269335610525, 0.3696516718183244, 0.3667303289685931, 0.36766122863406225, 0.36825361024765735, 0.3657204173860096, 0.36625218391418446, 0.36522507213410876, 0.36334122021993004, 0.36551031839279907, 0.3652136757260277, 0.37234975042797275, 0.3671964055015927, 0.36324655896141417, 0.3695459479377383, 0.3660222439538865, 0.3643221832457043, 0.3692314783732097], "bwd": [0.0, 0.0, 0.0, 0.0, 0.0, 0.0, 0.0, 0.0, 0.0, 0.0, 0.0, 0.0, 0.0, 0.0, 0.0, 0.0, 0.0, 0.0, 0.0, 0.0, 0.0, 0.0, 0.0, 0.0, 0.0, 0.0, 0.0, 0.0, 0.0, 0.0, 0.0, 0.0, 0.0, 0.0, 0.0, 0.0, 0.0, 0.0, 0.0, 0.0, 0.0, 0.0, 0.0, 0.0, 0.0, 0.0, 0.0, 0.0, 0.0, 0.0], "cons": [0.0, 0.0, 0.0, 0.0, 0.0, 0.0, 0.0, 0.0, 0.0, 0.0, 0.0, 0.0, 0.0, 0.0, 0.0, 0.0, 0.0, 0.0, 0.0, 0.0, 0.0, 0.0, 0.0, 0.0, 0.0, 0.0, 0.0, 0.0, 0.0, 0.0, 0.0, 0.0, 0.0, 0.0, 0.0, 0.0, 0.0, 0.0, 0.0, 0.0, 0.0, 0.0, 0.0, 0.0, 0.0, 0.0, 0.0, 0.0, 0.0, 0.0], "eigen": [2.3809523809523805, 2.3809523809523805, 2.3809523809523805, 2.3809523809523805, 2.3809523809523805, 2.3809523809523805, 2.3809523809523805, 2.3809523809523805, 2.3809523809523805, 2.3809523809523805, 2.3809523809523805, 2.3809523809523805, 2.3809523809523805, 2.3809523809523805, 2.3809523809523805, 2.3809523809523805, 2.3809523809523805, 2.3809523809523805, 2.3809523809523805, 2.3809523809523805, 2.3809523809523805, 2.3809523809523805, 2.3809523809523805, 2.3809523809523805, 2.3809523809523805, 2.3809523809523805, 2.3809523809523805, 2.3809523809523805, 2.3809523809523805, 2.3809523809523805, 2.3809523809523805, 2.3809523809523805, 2.3809523809523805, 2.3809523809523805, 2.3809523809523805, 2.3809523809523805, 2.3809523809523805, 2.3809523809523805, 2.3809523809523805, 2.3809523809523805, 2.3809523809523805, 2.3809523809523805, 2.3809523809523805, 2.3809523809523805, 2.3809523809523805, 2.3809523809523805, 2.3809523809523805, 2.3809523809523805, 2.3809523809523805, 2.3809523809523805], "time": [1.846103024482727, 4.215281963348389, 6.590796494483948, 8.966529774665833, 11.34678692817688, 13.717703700065613, 16.098386359214782, 18.472709894180298, 20.852161931991578, 23.227006363868714, 25.609301853179932, 27.98529980182648, 30.360591340065003, 32.74022989273071, 35.122424244880676, 37.503304386138915, 39.87320868968963, 42.25493762493134, 44.632218265533446, 47.02216539382935, 49.40159115791321, 51.78054840564728, 54.155498194694516, 56.532566046714784, 58.91144585609436, 61.29266204833984, 63.68042593002319, 66.05961349010468, 68.43844439983368, 70.80688526630402, 73.18576023578643, 75.5707421541214, 77.94953303337097, 80.32638084888458, 82.71275095939636, 85.09163160324097, 87.4664747953415, 89.83671770095825, 92.22011575698852, 94.59607512950898, 96.97708611488342, 99.36048259735108, 101.73769874572754, 104.12517285346985, 106.50299077033996, 108.88145263195038, 111.27378103733062, 113.65521247386933, 116.03273050785064, 118.4085335969925], "fwd_val": [2.8107315699259443, 2.4443519592285154, 2.2550147586398657, 2.2082392586602104, 2.157702891031901, 2.0941237343682184, 2.047575314839681, 2.042527792188856, 1.9461585362752278, 1.8895659340752495, 1.819601599375407, 1.7601132074991863, 1.6700931125217013, 1.5952518886990017, 1.5017605887518988, 1.4015792316860625, 1.3325500700208877, 1.2337832450866701, 1.1375130759345162, 1.0106321864657932, 0.9165233876970078, 0.8034528467390272, 0.7569341500600179, 0.6040465646319919, 0.5580222871568469, 0.4416670560836791, 0.6332138299942017, 0.36052305036120946, 0.2873661028014289, 0.2753833929697672, 0.2373008767763773, 0.28694961865743, 0.24272242387135826, 0.21630135509702897, 0.213458612230089, 0.2170811891555786, 0.2059884362750583, 0.21196639802720812, 0.2106263213687473, 0.19961153798633152, 0.20676597754160567, 0.20936400757895574, 0.23131408823861016, 0.21790591213438243, 0.20342296494377984, 0.2113560650083754, 0.22251389159096613, 0.1994296418295966, 0.238425534301334, 0.20344917244381375], "testAccuracy": [0.07551483809947968, 0.05590706691145897, 0.05920923128724098, 0.05962110683321953, 0.06922072917222977, 0.05155991390347481, 0.05072467774152756, 0.0528305321931839, 0.052363380789756775, 0.055816296488046646, 0.0511074997484684, 0.05417560413479805, 0.0568712018430233, 0.05674998462200165, 0.0563909113407135], "testStd": [0.0, 0.0, 0.0, 0.0, 0.0, 0.0, 0.0, 0.0, 0.0, 0.0, 0.0, 0.0, 0.0, 0.0, 0.0]}}, "uniformEigen": {"1e0": {"loss": [5.879742177327474, 5.03070662362235, 3.230080758957636, 3.153088578723726, 3.0045088450113933, 3.0275054568336124, 2.895459983462379, 2.9085825057256787, 2.921039835611979, 2.847381664457776, 2.9015998113723027, 2.8480091639927454, 2.8276340484619142, 2.832040278116862, 2.841021546863374, 2.842961320422945, 2.85886720929827, 2.941016042800177, 2.826143591744559, 2.8170094989594956, 2.799532536097935, 2.822442336309524, 2.811201549711682, 2.8356422787620907, 2.8191908155168806, 2.817743392217727, 2.799623017084031, 2.8537910643078033, 2.8345794496082126, 2.8089154743012927, 2.8090940202985495, 2.8002872285388767, 2.7778721582321895, 2.7797498430524556, 2.8068342844645184, 2.7922498612176807, 2.777092343284971, 2.7775911240350633, 2.7755388350713823, 2.7813198634556366, 2.79421017964681, 2.776626405261812, 2.7983307793026877, 2.819424620128813, 2.8141907283238004, 2.8238059634254093, 2.786203602382115, 2.7790878659202938, 2.7833681560698014, 2.785189619518462], "iden": [0.0, 0.0, 0.0, 0.0, 0.0, 0.0, 0.0, 0.0, 0.0, 0.0, 0.0, 0.0, 0.0, 0.0, 0.0, 0.0, 0.0, 0.0, 0.0, 0.0, 0.0, 0.0, 0.0, 0.0, 0.0, 0.0, 0.0, 0.0, 0.0, 0.0, 0.0, 0.0, 0.0, 0.0, 0.0, 0.0, 0.0, 0.0, 0.0, 0.0, 0.0, 0.0, 0.0, 0.0, 0.0, 0.0, 0.0, 0.0, 0.0, 0.0],