{"unit_circle_mse-none": {"gaussianElement": {"1e0": {"loss": [1.8007325671968006], "iden": [0.0], "fwd": [0.8483517056419736], "bwd": [0.0], "cons": [0.0], "eigen": [0.9523809523809523], "time": [1.767413854598999], "fwd_val": [3.357947243584527], "testAccuracy": [4.729827404022217, 0.15060123801231384, 0.49610471725463867, 0.7070037126541138, 0.7839193344116211, 0.8008196353912354, 0.8027990460395813, 0.8040138483047485, 0.8043572306632996, 0.8040372133255005, 0.8044588565826416, 0.8040557503700256, 0.805155873298645, 0.8037943243980408, 0.8041924238204956], "testStd": [0.0, 0.0, 0.0, 0.0, 0.0, 0.0, 0.0, 0.0, 0.0, 0.0, 0.0, 0.0, 0.0, 0.0, 0.0]}}}}