{"unit_circle_mse-none": {"gaussianElement": {"1e0": {"loss": [1.8088643755231584, 1.8443556649344308, 1.7582119896298363, 1.7394134884788877, 1.7303464617047992, 1.7092667715890066, 1.6911173865908669, 1.6734827677408854, 1.652987053280785, 1.6264510381789434, 1.6014483497256324, 1.5712708246140252, 1.54443842569987, 1.5145318894159225, 1.4895072755359469, 1.4508546375093005, 1.4192635672433036, 1.3902572995140436, 1.363089407057989, 1.3633227212088448, 1.3438079470679873, 1.342754418509347, 1.3339720589773996, 1.3382994878859746, 1.3410927908761159, 1.346906988961356, 1.351429675874256, 1.331693612961542, 1.3261850992838542, 1.3304078238351003, 1.3384015037899926, 1.323700695946103, 1.3514807928176156, 1.3330382029215495, 1.3324640183221725, 1.335578391665504, 1.3222648257300968, 1.3643232618059429, 1.3948382423037575, 1.3513702392578124, 1.3670159657796224, 1.3600733257475355, 1.4002605619884672, 1.3784036727178663, 1.3363849094935827, 1.3284151168096632, 1.3623495374407089, 1.3232491811116538, 1.3280814579554967, 1.3467356727236792], "iden": [0.0, 0.0, 0.0, 0.0, 0.0, 0.0, 0.0, 0.0, 0.0, 0.0, 0.0, 0.0, 0.0, 0.0, 0.0, 0.0, 0.0, 0.0, 0.0, 0.0, 0.0, 0.0, 0.0, 0.0, 0.0, 0.0, 0.0, 0.0, 0.0, 0.0, 0.0, 0.0, 0.0, 0.0, 0.0, 0.0, 0.0, 0.0, 0.0, 0.0, 0.0, 0.0, 0.0, 0.0, 0.0, 0.0, 0.0, 0.0, 0.0, 0.0], "fwd": [0.8564834049769809, 0.8919746580578032, 0.805831019083659, 0.7870325360979353, 0.7779655093238467, 0.7568859009515672, 0.7387364614577521, 0.721101815359933, 0.7006061281476702, 0.6740701584588914, 0.6490673882620674, 0.6188898631504604, 0.5920574551536925, 0.5621509097871327, 0.5371263231549944, 0.4984737032935733, 0.4668826239449637, 0.4378763471330915, 0.41070848192487447, 0.41094178699311756, 0.39142698106311613, 0.3903734933762323, 0.38159111567905973, 0.3859185672941662, 0.38871185211908255, 0.39452603203909736, 0.399048714410691, 0.37931267874581476, 0.37380414690290176, 0.3780269077845982, 0.38602054232642763, 0.3713197299412319, 0.3990998313540504, 0.38065725508190335, 0.38008307502383276, 0.3831974392845517, 0.3698838869730631, 0.41194233667282837, 0.44245728084019254, 0.3989893232073103, 0.41463502702258886, 0.4076923642839704, 0.44787961414882116, 0.4260227203369141, 0.3840039434887114, 0.37603415534609835, 0.4099685986836752, 0.3708682468959263, 0.37570050557454426, 0.39435469309488935], "bwd": [0.0, 0.0, 0.0, 0.0, 0.0, 0.0, 0.0, 0.0, 0.0, 0.0, 0.0, 0.0, 0.0, 0.0, 0.0, 0.0, 0.0, 0.0, 0.0, 0.0, 0.0, 0.0, 0.0, 0.0, 0.0, 0.0, 0.0, 0.0, 0.0, 0.0, 0.0, 0.0, 0.0, 0.0, 0.0, 0.0, 0.0, 0.0, 0.0, 0.0, 0.0, 0.0, 0.0, 0.0, 0.0, 0.0, 0.0, 0.0, 0.0, 0.0], "cons": [0.0, 0.0, 0.0, 0.0, 0.0, 0.0, 0.0, 0.0, 0.0, 0.0, 0.0, 0.0, 0.0, 0.0, 0.0, 0.0, 0.0, 0.0, 0.0, 0.0, 0.0, 0.0, 0.0, 0.0, 0.0, 0.0, 0.0, 0.0, 0.0, 0.0, 0.0, 0.0, 0.0, 0.0, 0.0, 0.0, 0.0, 0.0, 0.0, 0.0, 0.0, 0.0, 0.0, 0.0, 0.0, 0.0, 0.0, 0.0, 0.0, 0.0], "eigen": [0.9523809523809523, 0.9523809523809523, 0.9523809523809523, 0.9523809523809523, 0.9523809523809523, 0.9523809523809523, 0.9523809523809523, 0.9523809523809523, 0.9523809523809523, 0.9523809523809523, 0.9523809523809523, 0.9523809523809523, 0.9523809523809523, 0.9523809523809523, 0.9523809523809523, 0.9523809523809523, 0.9523809523809523, 0.9523809523809523, 0.9523809523809523, 0.9523809523809523, 0.9523809523809523, 0.9523809523809523, 0.9523809523809523, 0.9523809523809523, 0.9523809523809523, 0.9523809523809523, 0.9523809523809523, 0.9523809523809523, 0.9523809523809523, 0.9523809523809523, 0.9523809523809523, 0.9523809523809523, 0.9523809523809523, 0.9523809523809523, 0.9523809523809523, 0.9523809523809523, 0.9523809523809523, 0.9523809523809523, 0.9523809523809523, 0.9523809523809523, 0.9523809523809523, 0.9523809523809523, 0.9523809523809523, 0.9523809523809523, 0.9523809523809523, 0.9523809523809523, 0.9523809523809523, 0.9523809523809523, 0.9523809523809523, 0.9523809523809523], "time": [1.7899866580963135, 4.038600158691406, 6.280528974533081, 8.558548212051392, 10.791725063323975, 13.069014596939088, 15.345298194885254, 17.59255247116089, 19.83941521644592, 22.11699995994568, 24.390837717056275, 26.633931827545165, 28.851758527755738, 31.131605911254884, 33.388209676742555, 35.62583479881287, 37.8948676109314, 40.17380380630493, 42.42078375816345, 44.69275259971619, 46.95217351913452, 49.20549464225769, 51.45380716323852, 53.72137813568115, 55.97670102119446, 58.2530077457428, 60.54587507247925, 62.80701103210449, 65.06221804618835, 67.30061254501342, 69.57772116661071, 71.84076204299927, 74.10133895874023, 76.37104458808899, 78.6344449043274, 80.89367241859436, 83.15041422843933, 85.41328163146973, 87.66165900230408, 89.9198097229004, 92.18570165634155, 94.43795571327209, 96.69330787658691, 98.95493960380554, 101.22637929916382, 103.46020970344543, 105.71348252296448, 107.96550831794738, 110.22373600006104, 112.48680882453918], "fwd_val": [2.8232973734537756, 2.462099499172635, 2.3248318142361106, 2.310578155517578, 2.1994459788004557, 2.116976843939887, 2.041347206963433, 1.9305459340413413, 1.831433826022678, 1.6956762313842773, 1.5636897193060981, 1.4293137868245442, 1.2922922346327037, 1.1699640697903102, 0.9908054987589517, 0.8211837980482313, 0.6687875959608289, 0.5007630348205566, 0.4701910760667588, 0.3775921609666612, 0.3441193686591254, 0.29827925364176433, 0.3337491830190023, 0.34086068471272785, 0.3134795559777154, 0.34668529298570416, 0.3102160771687825, 0.25126618014441593, 0.2498815721935696, 0.3223807440863715, 0.2731587462955051, 0.2867354763878716, 0.3475733757019043, 0.2858658578660753, 0.2847268872790866, 0.26264522870381674, 0.34710388978322343, 0.7052271551556057, 0.32213719156053333, 0.46750656498803034, 0.39097145398457844, 0.596736447016398, 0.5519952721065945, 0.319299398528205, 0.26087071630689834, 0.31114466985066735, 0.22472228209177653, 0.22037128077612983, 0.2909328566657172, 0.41622044510311557], "testAccuracy": [0.09582411497831345, 0.10579706728458405, 0.10711643844842911, 0.11583124101161957, 0.12007831037044525, 0.12888038158416748, 0.13857857882976532, 0.1521824300289154, 0.167444109916687, 0.1617473065853119, 0.1521168202161789, 0.16447550058364868, 0.13865035772323608, 0.10475605726242065, 0.108523890376091], "testStd": [0.0, 0.0, 0.0, 0.0, 0.0, 0.0, 0.0, 0.0, 0.0, 0.0, 0.0, 0.0, 0.0, 0.0, 0.0]}}}}