{"unit_circle_mse-none": {"gaussianElement": {"1e0": {"loss": [1.7069398789178758], "iden": [0.0], "fwd": [0.7545589265369234], "bwd": [0.0], "cons": [0.0], "eigen": [0.9523809523809523], "time": [1.7868595123291016], "fwd_val": [1.6237421035766602], "testAccuracy": [0.11783220618963242, 0.22707806527614594, 0.18118584156036377, 0.22580572962760925, 0.41976645588874817, 0.43285495042800903, 0.44123804569244385, 0.5119730234146118, 0.6379224061965942, 0.6118492484092712, 0.6314300298690796, 0.6851530075073242, 0.7205107808113098, 0.7120186686515808, 0.7230334877967834], "testStd": [0.0, 0.0, 0.0, 0.0, 0.0, 0.0, 0.0, 0.0, 0.0, 0.0, 0.0, 0.0, 0.0, 0.0, 0.0]}}}}