{"unit_circle_mse-none": {"gaussianElement": {"1e0": {"loss": [1.798258281889416], "iden": [0.0], "fwd": [0.8458773295084635], "bwd": [0.0], "cons": [0.0], "eigen": [0.9523809523809523], "time": [1.7895779609680176], "fwd_val": [2.9706609514024525], "testAccuracy": [3.166663408279419, 0.2725374400615692, 0.33888453245162964, 0.6884142160415649, 0.7527551054954529, 0.7824724912643433, 0.8000656962394714, 0.803564727306366, 0.8033495545387268, 0.8042587637901306, 0.804538369178772, 0.8042424321174622, 0.80467689037323, 0.8042701482772827, 0.8053725361824036], "testStd": [0.0, 0.0, 0.0, 0.0, 0.0, 0.0, 0.0, 0.0, 0.0, 0.0, 0.0, 0.0, 0.0, 0.0, 0.0]}}}}