{"none": {"gaussianElement": {"1e0": {"loss": [0.252498690113085, 0.25091209376783674, 0.24993629490403818, 0.2431289268737514, 0.2282688032873145, 0.20694323117330193, 0.1976452469499144, 0.17725886096693064, 0.15419861954641126, 0.1350696079480594, 0.11459192702759347, 0.105549850115493, 0.0948518239199843, 0.09069965798016552, 0.09021592092296303, 0.08809993796152611, 0.08816112500891837, 0.08782580371316709, 0.08969590417870647, 0.08840487127434718], "iden": [0.0, 0.0, 0.0, 0.0, 0.0, 0.0, 0.0, 0.0, 0.0, 0.0, 0.0, 0.0, 0.0, 0.0, 0.0, 0.0, 0.0, 0.0, 0.0, 0.0], "fwd": [0.1867452570945705, 0.18515867189729593, 0.1841828786074843, 0.17737551057719753, 0.16251539256474742, 0.14118980094178085, 0.13189181393139984, 0.11150544467037671, 0.08844518513439997, 0.06931618468402183, 0.048838506550549374, 0.03979642058072025, 0.029098399262450052, 0.02494623227750874, 0.024462496613802974, 0.022346508775127533, 0.02240770279000339, 0.022072381145877926, 0.023942478127675516, 0.02265144731356129], "bwd": [0.0, 0.0, 0.0, 0.0, 0.0, 0.0, 0.0, 0.0, 0.0, 0.0, 0.0, 0.0, 0.0, 0.0, 0.0, 0.0, 0.0, 0.0, 0.0, 0.0], "cons": [0.0, 0.0, 0.0, 0.0, 0.0, 0.0, 0.0, 0.0, 0.0, 0.0, 0.0, 0.0, 0.0, 0.0, 0.0, 0.0, 0.0, 0.0, 0.0, 0.0], "eigen": [0.06575342465753424, 0.06575342465753424, 0.06575342465753424, 0.06575342465753424, 0.06575342465753424, 0.06575342465753424, 0.06575342465753424, 0.06575342465753424, 0.06575342465753424, 0.06575342465753424, 0.06575342465753424, 0.06575342465753424, 0.06575342465753424, 0.06575342465753424, 0.06575342465753424, 0.06575342465753424, 0.06575342465753424, 0.06575342465753424, 0.06575342465753424, 0.06575342465753424], "time": [1.5191389560699462, 3.9221309185028077, 6.335366439819336, 8.720961666107177, 11.128014373779298, 13.523486661911011, 15.904072809219361, 18.306576347351076, 20.692653322219847, 23.09946632385254, 25.491135787963866, 27.87974977493286, 30.270928382873535, 32.702038288116455, 35.09250226020813, 37.50655517578125, 39.907351064682004, 42.28801083564758, 44.686987495422365, 47.094080448150635], "fwd_val": [0.1732960078259405, 0.1575615004448883, 0.16202513046694644, 0.14135700565989273, 0.13367418958753013, 0.10906284782621596, 0.10452428161618021, 0.0931629036359741, 0.07560619231967342, 0.0542526775992051, 0.04384673067433055, 0.03199209785403837, 0.0351967825261867, 0.028970633262405454, 0.03198474866372568, 0.029425710761220747, 0.030159689526818995, 0.03306639367255612, 0.02976012347976943, 0.030091917524399204], "testAccuracy": [0.03838384555031856, 0.04906133779635032, 0.05577509663999081, 0.07393450352052848, 0.08448909843961398, 0.10936953748265903, 0.12935916955272356, 0.1447921854754289, 0.16060861696799597, 0.18982651084661484, 0.19555748254060745, 0.1920247202118238, 0.1777722512682279, 0.16264299551645914, 0.14351344356934229, 0.1313534826040268, 0.1288029638429483, 0.12795326486229897, 0.12728043148914972, 0.12563263749082884, 0.12117082501451175, 0.11691436544060707, 0.11180632685621579, 0.10761959105730057, 0.10426733021934827, 0.10306651890277863, 0.1011970763405164, 0.09601036583383878, 0.08900605514645576], "testStd": [0.01535337360237487, 0.029939214570950924, 0.02141689550026425, 0.05008580435871857, 0.05252009937402921, 0.05423991101331486, 0.03353837381366546, 0.02495968554212807, 0.03407422006085542, 0.02298837456066893, 0.034402996545033024, 0.03455496642932728, 0.03326644924727274, 0.03387129011426222, 0.027071582265596965, 0.019142379334601934, 0.016344955024750436, 0.015654116223408822, 0.015408096477628268, 0.01862486903895124, 0.01760202081451387, 0.0152190189986014, 0.01719981550211972, 0.01706392010113798, 0.01635915678203673, 0.015162203081904317, 0.01942937782178049, 0.017621726250062263, 0.01314961274138181]}}, "spikeAndSlab": {"1e-1": {"loss": [0.25963181029716037, 0.2379702103845605, 0.20841942634756708, 0.18989782045965325, 0.1547218664160602, 0.13674989465164814, 0.12321102612639126, 0.1140603122101527, 0.10733086015535816, 0.10244410684663954, 0.10079199246619937, 0.09476469693118579, 0.09508338823710402, 0.09162288857377283, 0.09017757468027612, 0.08755917623162815, 0.08636683494533033, 0.08721471777789669, 0.08620598640616081, 0.0848529122409211], "iden": [0.0, 0.0, 0.0, 0.0, 0.0, 0.0, 0.0, 0.0, 0.0, 0.0, 0.0, 0.0, 0.0, 0.0, 0.0, 0.0, 0.0, 0.0, 0.0, 0.0], "fwd": [0.19387838563962614, 0.17221678572702626, 0.14266601005101312, 0.12414440416309933, 0.08896844175852596, 0.07099647138761059, 0.05745760216560538, 0.04830689103636023, 0.04157742922708868, 0.03669067975048605, 0.03503856188630405, 0.029011273667148257, 0.029329960095827983, 0.02586946008412261, 0.02442414932599351, 0.02180575296759061, 0.02061340993942191, 0.02146129172686572, 0.020452558264884773, 0.01909949211225118], "bwd": [0.0, 0.0, 0.0, 0.0, 0.0, 0.0, 0.0, 0.0, 0.0, 0.0, 0.0, 0.0, 0.0, 0.0, 0.0, 0.0, 0.0, 0.0, 0.0, 0.0], "cons": [0.0, 0.0, 0.0, 0.0, 0.0, 0.0, 0.0, 0.0, 0.0, 0.0, 0.0, 0.0, 0.0, 0.0, 0.0, 0.0, 0.0, 0.0, 0.0, 0.0], "eigen": [0.06575342465753424, 0.06575342465753424, 0.06575342465753424, 0.06575342465753424, 0.06575342465753424, 0.06575342465753424, 0.06575342465753424, 0.06575342465753424, 0.06575342465753424, 0.06575342465753424, 0.06575342465753424, 0.06575342465753424, 0.06575342465753424, 0.06575342465753424, 0.06575342465753424, 0.06575342465753424, 0.06575342465753424, 0.06575342465753424, 0.06575342465753424, 0.06575342465753424], "time": [1.509993553161621, 3.9010683059692384, 6.289094543457031, 8.675449466705322, 11.073174428939819, 13.468914031982422, 15.871919059753418, 18.26712498664856, 20.650778198242186, 23.041232919692995, 25.4549099445343, 27.8471040725708, 30.229440927505493, 32.61198058128357, 35.00588607788086, 37.39917044639587, 39.77762880325317, 42.171804428100586, 44.54723224639893, 46.92510061264038], "fwd_val": [0.1550429914308631, 0.13135780374401052, 0.11457648062283673, 0.09348276446598931, 0.07601171831769835, 0.06445861444381125, 0.052507248823193534, 0.041266148101880354, 0.04092897647052955, 0.03781882333486744, 0.032338377972539877, 0.03149528362324848, 0.024861182476395377, 0.02857314353019911, 0.02253225331529135, 0.022169919837500163, 0.02769796877571542, 0.022586059028015814, 0.021243509371883434, 0.021211331127730354], "testAccuracy": [0.02454122807830572, 0.055692450143396854, 0.04996825661510229, 0.04887319930518667, 0.07593091142674287, 0.08827885612845421, 0.08208469239374001, 0.07049621796856324, 0.07040085224434733, 0.059194418446471296, 0.051119953549156584, 0.05022347532212734, 0.04774810296172897, 0.04480656345064441, 0.04449984338134527, 0.044642639346420765, 0.0395306843953828, 0.03978820222740372, 0.03820002746457855, 0.04069028080751499, 0.04073814628645778, 0.03519714266682664, 0.030765223627289135, 0.030694088898599148, 0.030960266167918842, 0.028288791111359995, 0.029249484029908974, 0.02630835445597768, 0.02274453577895959], "testStd": [0.014638384341247576, 0.019295472161872676, 0.016712940953421306, 0.023781291206714, 0.035021308483718115, 0.033877816312257704, 0.03146288947179334, 0.03058205285531619, 0.02709874510579078, 0.027496944850192002, 0.029594886948626862, 0.023568326725503158, 0.019453710793562413, 0.016093660676324784, 0.015220267451612075, 0.014280873929861528, 0.012775904847420892, 0.013043907969954976, 0.01199219647414119, 0.013107050150885684, 0.015143761832820842, 0.012839783550953084, 0.01014154642553249, 0.010475266571076496, 0.01028966003179673, 0.009089537742179259, 0.009804154076701781, 0.008621930938579074, 0.006666154674224434]}}}}