{"none": {"gaussianElement": {"1e0": {"loss": [0.2585935716324201, 0.26012315723994006, 0.24300364037082622, 0.24456409471764412, 0.23214113557719748, 0.23481069068386132, 0.23002868931043094, 0.20433328985623572, 0.19466651951341324, 0.2027144173400043, 0.1791450535325699, 0.16930641487853165, 0.15168628152646974, 0.14105826321257847, 0.12494410963363298, 0.11549624090325343, 0.10790174092331979, 0.10640037501783675, 0.10126147823246648, 0.09444793840521547], "iden": [0.0, 0.0, 0.0, 0.0, 0.0, 0.0, 0.0, 0.0, 0.0, 0.0, 0.0, 0.0, 0.0, 0.0, 0.0, 0.0, 0.0, 0.0, 0.0, 0.0], "fwd": [0.19284014976187927, 0.19436972700841895, 0.1772502212872788, 0.17881066169912957, 0.16638771928064355, 0.16905726045234018, 0.16427527022688357, 0.1385798735596818, 0.12891309624937572, 0.13696099546946347, 0.11339162190755207, 0.10355298604050726, 0.08593286941040597, 0.07530483716154752, 0.05919068706634382, 0.04974281903271261, 0.04214831626578553, 0.04064694966355415, 0.03550805287818386, 0.02869450956719106], "bwd": [0.0, 0.0, 0.0, 0.0, 0.0, 0.0, 0.0, 0.0, 0.0, 0.0, 0.0, 0.0, 0.0, 0.0, 0.0, 0.0, 0.0, 0.0, 0.0, 0.0], "cons": [0.0, 0.0, 0.0, 0.0, 0.0, 0.0, 0.0, 0.0, 0.0, 0.0, 0.0, 0.0, 0.0, 0.0, 0.0, 0.0, 0.0, 0.0, 0.0, 0.0], "eigen": [0.06575342465753424, 0.06575342465753424, 0.06575342465753424, 0.06575342465753424, 0.06575342465753424, 0.06575342465753424, 0.06575342465753424, 0.06575342465753424, 0.06575342465753424, 0.06575342465753424, 0.06575342465753424, 0.06575342465753424, 0.06575342465753424, 0.06575342465753424, 0.06575342465753424, 0.06575342465753424, 0.06575342465753424, 0.06575342465753424, 0.06575342465753424, 0.06575342465753424], "time": [1.5004042148590089, 3.875770664215088, 6.274564647674561, 8.662301778793335, 11.065545463562012, 13.47016773223877, 15.862978172302245, 18.27369341850281, 20.680594396591186, 23.06335391998291, 25.477450704574586, 27.893340969085692, 30.287507438659667, 32.66816911697388, 35.08165612220764, 37.46840243339538, 39.85683350563049, 42.25016212463379, 44.65627355575562, 47.07179045677185], "fwd_val": [0.18514949480692544, 0.17769800791225956, 0.1683809548376455, 0.14324818037558293, 0.1580260120536202, 0.1478552676053439, 0.1443568529330206, 0.12968209302367795, 0.11736511435485694, 0.10642601422449624, 0.09770590952821015, 0.08874290880181748, 0.07491821254125156, 0.05831985640640995, 0.055477599110964226, 0.04412438635280935, 0.044090485735983856, 0.0350203908296023, 0.032536236147565734, 0.034900604800325655], "testAccuracy": [0.03742363955825567, 0.04972437039638559, 0.07255673905213673, 0.08500724689414103, 0.0734937892605861, 0.0925953049833576, 0.09804805802802245, 0.10145558975636959, 0.09862900339066982, 0.10271509115894635, 0.09880509103337924, 0.09128343189756076, 0.08221386993924777, 0.07685233404239018, 0.07137028748790424, 0.0688946358859539, 0.06691599140564601, 0.0639116931706667, 0.06353419894973437, 0.061190709471702576, 0.057446744913856186, 0.0544616828362147, 0.05355617714424928, 0.0529596172273159, 0.048120694855848946, 0.04722587764263153, 0.04644289861122767, 0.04451875202357769, 0.04106600768864155], "testStd": [0.03493936052046088, 0.04555615232425507, 0.04572545093047237, 0.046790336904080965, 0.04333631883097321, 0.03980462673777408, 0.02789804119117611, 0.0351530086113208, 0.023276171608417585, 0.007686942572389371, 0.009229854525682212, 0.013517174669689663, 0.009986491540268098, 0.00957531346291031, 0.010710281468761434, 0.01209272143633678, 0.011699236881355784, 0.00941585149387429, 0.008485347440619219, 0.00626355827403595, 0.00485925082884646, 0.0034174500946316656, 0.003895588625223884, 0.00551403583182339, 0.0044747871351646954, 0.004528288413854326, 0.004568216605368349, 0.007108211649126662, 0.005379529539637533]}}, "spikeAndSlab": {"1e-1": {"loss": [0.2629199135140197, 0.26152166497217466, 0.23879619999018975, 0.23384158060430935, 0.20735271018389695, 0.1864136912724743, 0.1816661594338613, 0.17504975061982733, 0.16484409837417952, 0.15722454192975882, 0.15196757556096602, 0.1449440956986658, 0.13734505152593465, 0.13588350757616297, 0.1264455452139519, 0.12452851177894905, 0.12360294986533246, 0.11763650693849885, 0.11351043561822205, 0.11368040041292093], "iden": [0.0, 0.0, 0.0, 0.0, 0.0, 0.0, 0.0, 0.0, 0.0, 0.0, 0.0, 0.0, 0.0, 0.0, 0.0, 0.0, 0.0, 0.0, 0.0, 0.0], "fwd": [0.19716649443047232, 0.19576822359267979, 0.17304276975866867, 0.16808816152076198, 0.14159928552636272, 0.1206602680084368, 0.11591273338283033, 0.10929634407775043, 0.09909067511014198, 0.09147111587872787, 0.08621415647741867, 0.07919067243462827, 0.07159163104889056, 0.07013008361537706, 0.06069211776942422, 0.05877508224417629, 0.0578495224208048, 0.05188308646145477, 0.04775701305093286, 0.04792697993587686], "bwd": [0.0, 0.0, 0.0, 0.0, 0.0, 0.0, 0.0, 0.0, 0.0, 0.0, 0.0, 0.0, 0.0, 0.0, 0.0, 0.0, 0.0, 0.0, 0.0, 0.0], "cons": [0.0, 0.0, 0.0, 0.0, 0.0, 0.0, 0.0, 0.0, 0.0, 0.0, 0.0, 0.0, 0.0, 0.0, 0.0, 0.0, 0.0, 0.0, 0.0, 0.0], "eigen": [0.06575342465753424, 0.06575342465753424, 0.06575342465753424, 0.06575342465753424, 0.06575342465753424, 0.06575342465753424, 0.06575342465753424, 0.06575342465753424, 0.06575342465753424, 0.06575342465753424, 0.06575342465753424, 0.06575342465753424, 0.06575342465753424, 0.06575342465753424, 0.06575342465753424, 0.06575342465753424, 0.06575342465753424, 0.06575342465753424, 0.06575342465753424, 0.06575342465753424], "time": [1.538192129135132, 3.925217056274414, 6.305526494979858, 8.696793794631958, 11.097132301330566, 13.465495395660401, 15.888995456695557, 18.276736450195312, 20.646354722976685, 23.048923683166503, 25.438114166259766, 27.830804920196535, 30.238923168182374, 32.61465044021607, 34.99369292259216, 37.38244471549988, 39.7716872215271, 42.16023011207581, 44.55516347885132, 46.94864006042481], "fwd_val": [0.1627638887092111, 0.1701369763188508, 0.15129996808830667, 0.13255502382914225, 0.1288228632363336, 0.10766552020578184, 0.10700381667909606, 0.08872563266907721, 0.08609005070730877, 0.0733486580963872, 0.08817877671568866, 0.07986438049786333, 0.06532594959900959, 0.06483230542829455, 0.06120937757445995, 0.058524072458202715, 0.05115991331720889, 0.04795665923332055, 0.05019745250830905, 0.04552069426350739], "testAccuracy": [0.02547113550826907, 0.035690292716026306, 0.027240962721407413, 0.04509425706540545, 0.06579765460143487, 0.08072214697798093, 0.07466782008608182, 0.09817417959372203, 0.10747397194306056, 0.10664965957403183, 0.10736310730377834, 0.0840271171182394, 0.09863522524634998, 0.09372972200314204, 0.06873702133695285, 0.04987269143263499, 0.0636941169699033, 0.06506643568476041, 0.07086757260064284, 0.05554143153131008, 0.07770646053055923, 0.051807062700390816, 0.06225372478365898, 0.05409319885075092, 0.044742503513892494, 0.05443362519145012, 0.06487850534419219, 0.05230118644734224, 0.04177217806379], "testStd": [0.010069655321918093, 0.023188041525799227, 0.010301069715034078, 0.02908942389723968, 0.0330578251221396, 0.0251639975699376, 0.013339448258123951, 0.0300574179806088, 0.03001083530817576, 0.03465895207101854, 0.035504904251289625, 0.027425989401118685, 0.029193550389015964, 0.01832287741360045, 0.013492095494091949, 0.010856637899893988, 0.012577607776678013, 0.013970578363346276, 0.012460830084024174, 0.009847141665997558, 0.016056493638984905, 0.007975050914193593, 0.012372401553357695, 0.011858796883616006, 0.010065801710600831, 0.011761374912817632, 0.012025534597572465, 0.010918223979684819, 0.009195969351929813]}}}}