{"unit_circle_mae": {"gaussianElement": {"1e0": {"loss": [0.3592998347870291, 0.3565226794377854], "iden": [0.016757722967835866, 0.01327831233473129], "fwd": [0.013774951952233163, 0.014477231622286584], "bwd": [0.0, 0.0], "cons": [0.0, 0.0], "eigen": [0.3287671232876712, 0.3287671232876712], "fwd_val": [0.012074577395658754, 0.014117934949540095]}}}, "unit_circle_mse": {"gaussianElement": {"1e0": {"loss": [0.3586405157498573, 0.3539885777861016], "iden": [0.016387106838835975, 0.012291268126605309], "fwd": [0.013486301300188177, 0.012930215983630316], "bwd": [0.0, 0.0], "cons": [0.0, 0.0], "eigen": [0.3287671232876712, 0.3287671232876712], "fwd_val": [0.015187119564188467, 0.013673671945665577]}}}, "origin_mse": {"gaussianElement": {"1e0": {"loss": [0.3609604926958476, 0.3524783060430936], "iden": [0.018242209795947487, 0.012050159227902486], "fwd": [0.013951166579712472, 0.011660981722618346], "bwd": [0.0, 0.0], "cons": [0.0, 0.0], "eigen": [0.3287671232876712, 0.3287671232876712], "fwd_val": [0.01517042203321933, 0.012917041394637594]}}}}