{"unit_circle_mae": {"gaussianElement": {"1e0": {"loss": [2.1730299944196427, 2.0382003348214286], "iden": [1.0509940708705356, 0.9719518694196428], "fwd": [0.8077507672991071, 0.7519634486607143], "bwd": [0.0, 0.0], "cons": [0.0, 0.0], "eigen": [0.3142857142857143, 0.3142857142857143], "fwd_val": [0.10755825193723043, 0.12362322123845418]}}}, "unit_circle_mse": {"gaussianElement": {"1e0": {"loss": [2.3575711495535714, 2.1525223214285716], "iden": [1.1580804268973215, 1.0855987723214287], "fwd": [0.8852056361607142, 0.75263720703125], "bwd": [0.0, 0.0], "cons": [0.0, 0.0], "eigen": [0.3142857142857143, 0.3142857142857143], "fwd_val": [0.15135307296117148, 0.1705685040950775]}}}, "origin_mse": {"gaussianElement": {"1e0": {"loss": [2.4422488839285714, 2.2578934151785712], "iden": [1.1067529296875, 1.1181803152901786], "fwd": [1.0212105887276786, 0.8254270368303571], "bwd": [0.0, 0.0], "cons": [0.0, 0.0], "eigen": [0.3142857142857143, 0.3142857142857143], "fwd_val": [0.18389596716562906, 0.17269406429926554]}}}, "none": {"gaussianElement": {"1e0": {"loss": [2.485719029017857, 2.4173978794642856], "iden": [1.1865795200892857, 1.2167907366071429], "fwd": [0.9848537946428572, 0.8863223353794643], "bwd": [0.0, 0.0], "cons": [0.0, 0.0], "eigen": [0.3142857142857143, 0.3142857142857143], "fwd_val": [0.19798848819732667, 0.14332732844352722]}}, "gaussianEigen": {"1e0": {"loss": [2.292663783482143, 2.1692449776785714], "iden": [1.1713667689732143, 1.0701927315848214], "fwd": [0.8070111607142857, 0.7847670200892857], "bwd": [0.0, 0.0], "cons": [0.0, 0.0], "eigen": [0.3142857142857143, 0.3142857142857143], "fwd_val": [0.166416508992513, 0.13917652972539266]}}, "doubleGaussianEigen": {"1e0": {"loss": [2.404004185267857, 2.4037882254464287], "iden": [1.16930712890625, 1.14092431640625], "fwd": [0.9204107142857143, 0.94857861328125], "bwd": [0.0, 0.0], "cons": [0.0, 0.0], "eigen": [0.3142857142857143, 0.3142857142857143], "fwd_val": [0.13105433416366577, 0.1337927309672038]}}, "uniformEigen": {"1e0": {"loss": [2.350359375, 2.2488775111607144], "iden": [1.1482101004464285, 1.0169644949776786], "fwd": [0.8878634905133929, 0.9176272321428571], "bwd": [0.0, 0.0], "cons": [0.0, 0.0], "eigen": [0.3142857142857143, 0.3142857142857143], "fwd_val": [0.19692206796010336, 0.14501257220904032]}}, "svdElement": {"1e0": {"loss": [2.248477818080357, 2.5158127790178573], "iden": [1.1069279436383928, 1.2965263671875], "fwd": [0.8272635323660714, 0.9050013253348215], "bwd": [0.0, 0.0], "cons": [0.0, 0.0], "eigen": [0.3142857142857143, 0.3142857142857143], "fwd_val": [0.1385571902592977, 0.20559484068552653]}}, "unitPerturb": {"1e0": {"loss": [2.3198178013392856, 2.3565616629464285], "iden": [1.1445532924107142, 1.1217894810267857], "fwd": [0.8609785853794643, 0.9204861188616071], "bwd": [0.0, 0.0], "cons": [0.0, 0.0], "eigen": [0.3142857142857143, 0.3142857142857143], "fwd_val": [0.15338803784052532, 0.16558676815032958]}}}}