{"none": {"gaussianElement": {"1e0": {"loss": [23.045059523809524, 22.18111904761905, 21.022284226190475, 19.57344605654762, 18.193373511904763, 16.401327008928572, 14.742650669642856, 12.925046502976192, 11.254308035714287, 9.837692150297618, 8.809663318452381, 8.06917113095238, 7.616345238095239, 7.167990327380952, 6.9878236607142865], "iden": [12.93587462797619, 12.33863244047619, 11.410987723214285, 9.855735305059524, 8.968765438988095, 7.51348046875, 6.269378999255952, 4.9431343936011904, 3.5667546502976193, 2.686087100074405, 2.034943870907738, 1.6673343563988094, 1.4266247674851191, 1.2579764694940476, 1.180452334449405], "fwd": [10.109187499999999, 9.84249255952381, 9.611300967261904, 9.717710379464286, 9.224603608630952, 8.887849888392857, 8.473269345238096, 7.981912016369047, 7.687553571428572, 7.151601934523811, 6.7747193080357135, 6.401835751488096, 6.189721912202381, 5.91001246279762, 5.807371651785715], "bwd": [0.0, 0.0, 0.0, 0.0, 0.0, 0.0, 0.0, 0.0, 0.0, 0.0, 0.0, 0.0, 0.0, 0.0, 0.0], "cons": [0.0, 0.0, 0.0, 0.0, 0.0, 0.0, 0.0, 0.0, 0.0, 0.0, 0.0, 0.0, 0.0, 0.0, 0.0], "eigen": [0.0, 0.0, 0.0, 0.0, 0.0, 0.0, 0.0, 0.0, 0.0, 0.0, 0.0, 0.0, 0.0, 0.0, 0.0], "fwd_val": [1.7997983326382105, 1.8118058060540092, 1.7584488527509903, 1.7433740537431506, 1.630704649395413, 1.5611748629675972, 1.4297808736165365, 1.3730522128211124, 1.3000441575580173, 1.208418689303928, 1.1252308665911357, 1.1150273758570353, 1.0627788285149469, 1.0549663849936592, 1.0112900386386448]}}, "gaussianEigen": {"1e0": {"loss": [23.409786458333333, 22.61345461309524, 21.42049925595238, 19.833566592261906, 18.04975892857143, 16.280464285714285, 14.334420014880953, 12.42869605654762, 10.751021205357143, 9.325609561011904, 8.123521577380952, 7.386920386904762, 6.91190978422619, 6.332458891369048, 6.3481439732142855], "iden": [13.209651785714286, 12.624004464285713, 11.89596949404762, 10.825641369047618, 9.493527343750001, 8.369452194940477, 6.593421875000001, 5.189055152529762, 3.918841889880952, 2.74825134858631, 1.9647143322172622, 1.5044103422619048, 1.2447601609002976, 1.081406459263393, 1.0378961821056547], "fwd": [10.200133184523809, 9.989451636904763, 9.524532552083334, 9.007928385416667, 8.556233258928572, 7.911006138392857, 7.741001860119049, 7.239639136904761, 6.832183779761905, 6.577356584821428, 6.158805617559524, 5.88251134672619, 5.667149646577381, 5.251052827380953, 5.310246558779762], "bwd": [0.0, 0.0, 0.0, 0.0, 0.0, 0.0, 0.0, 0.0, 0.0, 0.0, 0.0, 0.0, 0.0, 0.0, 0.0], "cons": [0.0, 0.0, 0.0, 0.0, 0.0, 0.0, 0.0, 0.0, 0.0, 0.0, 0.0, 0.0, 0.0, 0.0, 0.0], "eigen": [0.0, 0.0, 0.0, 0.0, 0.0, 0.0, 0.0, 0.0, 0.0, 0.0, 0.0, 0.0, 0.0, 0.0, 0.0], "fwd_val": [1.8599323054419623, 1.7621844978332522, 1.6870419239468044, 1.574645251168145, 1.4988438524670071, 1.4465935224956936, 1.3756599522696602, 1.2878077887429131, 1.1963064623938668, 1.0636037078433567, 1.0728426053788926, 0.9908566293716431, 0.9690450383292304, 0.9475846384896173, 0.9441847926245795]}}, "doubleGaussianEigen": {"1e0": {"loss": [24.366692708333332, 22.50717038690476, 21.28451785714286, 19.78236011904762, 18.326377976190475, 16.827322916666667, 15.379201636904762, 14.009494047619048, 12.801116443452381, 11.813324776785715, 11.045933035714285, 10.363061941964284, 9.679376488095238, 9.24123753720238, 8.883151599702382], "iden": [13.266514508928571, 12.231222470238095, 11.693685639880954, 10.758635416666666, 9.72362927827381, 8.655573474702381, 7.360621837797619, 6.343004092261904, 5.5777422805059516, 5.0103351004464285, 4.527584681919643, 4.142860212053571, 3.6997539527529764, 3.4125027204241074, 3.1948990420386907], "fwd": [11.100173735119048, 10.275946428571428, 9.590841517857143, 9.023720796130952, 8.602757254464285, 8.171753720238094, 8.018579799107142, 7.666486607142858, 7.223371837797619, 6.80298865327381, 6.518349888392858, 6.220196614583333, 5.979623511904761, 5.828732142857143, 5.68825427827381], "bwd": [0.0, 0.0, 0.0, 0.0, 0.0, 0.0, 0.0, 0.0, 0.0, 0.0, 0.0, 0.0, 0.0, 0.0, 0.0], "cons": [0.0, 0.0, 0.0, 0.0, 0.0, 0.0, 0.0, 0.0, 0.0, 0.0, 0.0, 0.0, 0.0, 0.0, 0.0], "eigen": [0.0, 0.0, 0.0, 0.0, 0.0, 0.0, 0.0, 0.0, 0.0, 0.0, 0.0, 0.0, 0.0, 0.0, 0.0], "fwd_val": [1.8568776206970217, 1.8128104519314236, 1.7285035569932725, 1.5857447948455812, 1.561625089433458, 1.498141728931003, 1.3894762484232583, 1.318007041719225, 1.2198552770614626, 1.1918949188656278, 1.1796065180036754, 1.0920806664360896, 1.0938251162634955, 1.0289385823143853, 1.0245477039549087]}}, "uniformEigen": {"1e0": {"loss": [22.653850446428567, 21.411954613095237, 19.98793005952381, 17.947137648809523, 15.9186953125, 13.690737723214285, 11.752378348214286, 9.684727864583333, 8.277670014880952, 7.155569940476191, 6.695709635416666, 6.1674659598214285, 5.944054129464287, 5.88621484375, 5.679863467261906], "iden": [12.576994047619047, 11.627134672619048, 10.442368675595239, 8.773578683035714, 7.235685453869048, 5.694733258928572, 4.225204148065476, 2.937794177827381, 1.9496844773065476, 1.3508042689732143, 1.1763086867559525, 1.0960431082589286, 1.0548544456845237, 1.0628274507068451, 1.0211158156622024], "fwd": [10.076845982142858, 9.784811383928572, 9.54556175595238, 9.173555245535715, 8.683004092261905, 7.996003162202382, 7.527172061011904, 6.7469313616071425, 6.327981770833333, 5.804764694940476, 5.519402250744048, 5.071423549107142, 4.8891954985119055, 4.823388857886904, 4.658748883928571], "bwd": [0.0, 0.0, 0.0, 0.0, 0.0, 0.0, 0.0, 0.0, 0.0, 0.0, 0.0, 0.0, 0.0, 0.0, 0.0], "cons": [0.0, 0.0, 0.0, 0.0, 0.0, 0.0, 0.0, 0.0, 0.0, 0.0, 0.0, 0.0, 0.0, 0.0, 0.0], "eigen": [0.0, 0.0, 0.0, 0.0, 0.0, 0.0, 0.0, 0.0, 0.0, 0.0, 0.0, 0.0, 0.0, 0.0, 0.0], "fwd_val": [1.8676027278900147, 1.7309688943227133, 1.7083617964850533, 1.5406079326205784, 1.471616414282057, 1.3496712578667533, 1.258947197702196, 1.1461863742404514, 1.0632245762083266, 0.9471326646274991, 0.9356696275605096, 0.8588166612519158, 0.8487600143220689, 0.8045680492189197, 0.8132698657777574]}}, "svdElement": {"1e0": {"loss": [23.09019196428572, 22.134384672619046, 20.85851860119048, 19.129567336309524, 17.013801339285717, 14.526294642857144, 11.989623883928573, 9.62307775297619, 7.821005394345238, 6.760440848214286, 6.079124069940477, 5.797129092261905, 5.607768229166667, 5.602427269345238, 5.5402062872023805], "iden": [13.05713206845238, 12.22898363095238, 11.11862462797619, 9.889192894345237, 8.374285342261905, 6.76762462797619, 5.076721819196428, 3.52894921875, 2.376842680431548, 1.6684153645833335, 1.327675734747024, 1.2017972702752975, 1.1448772553943452, 1.138253627232143, 1.1269965355282736], "fwd": [10.033062500000002, 9.905399181547619, 9.739899553571428, 9.240372581845238, 8.63951134672619, 7.758663132440475, 6.9128993675595245, 6.094126860119047, 5.4441590401785716, 5.092023716517857, 4.751449776785714, 4.5953311941964285, 4.462891834077381, 4.4641749441964285, 4.4132101934523815], "bwd": [0.0, 0.0, 0.0, 0.0, 0.0, 0.0, 0.0, 0.0, 0.0, 0.0, 0.0, 0.0, 0.0, 0.0, 0.0], "cons": [0.0, 0.0, 0.0, 0.0, 0.0, 0.0, 0.0, 0.0, 0.0, 0.0, 0.0, 0.0, 0.0, 0.0, 0.0], "eigen": [0.0, 0.0, 0.0, 0.0, 0.0, 0.0, 0.0, 0.0, 0.0, 0.0, 0.0, 0.0, 0.0, 0.0, 0.0], "fwd_val": [1.8223654795752633, 1.7630688773261174, 1.7175181797875299, 1.6684607656266952, 1.4686053377787271, 1.2367197559144765, 1.1445622910923428, 1.0199833981725905, 0.914763474146525, 0.8888953516218397, 0.836909606191847, 0.8188701117833456, 0.817137030813429, 0.8027893920474583, 0.8033559246063233]}}, "unitPerturbEigen": {"1e0": {"loss": [23.155267857142857, 22.155480654761902, 20.745627976190477, 19.04510007440476, 16.850760044642858, 14.531059523809525, 12.218609561011904, 10.180701636904763, 8.67397340029762, 7.701009858630953, 7.155368303571429, 6.662201078869049, 6.389315662202381, 6.4176225818452375, 6.169079241071429],