{"unit_circle_mae": {"gaussianElement": {"1e0": {"loss": [2.338402622767857, 2.4110658482142857], "iden": [1.08549169921875, 1.2600883091517858], "fwd": [0.938625, 0.8366922433035714], "bwd": [0.0, 0.0], "cons": [0.0, 0.0], "eigen": [0.3142857142857143, 0.3142857142857143], "fwd_val": [0.13189429076512654, 0.18492384815216065]}}}, "unit_circle_mse": {"gaussianElement": {"1e0": {"loss": [2.4360223214285712, 2.6428359375], "iden": [1.245435825892857, 1.369176060267857], "fwd": [0.8763009207589286, 0.95937451171875], "bwd": [0.0, 0.0], "cons": [0.0, 0.0], "eigen": [0.3142857142857143, 0.3142857142857143], "fwd_val": [0.15366748197873434, 0.14348317035039265]}}}, "origin_mse": {"gaussianElement": {"1e0": {"loss": [2.3204354073660713, 2.1876602957589286], "iden": [1.1116841517857143, 1.053639857700893], "fwd": [0.8944659598214286, 0.8197345842633929], "bwd": [0.0, 0.0], "cons": [0.0, 0.0], "eigen": [0.3142857142857143, 0.3142857142857143], "fwd_val": [0.1903401927947998, 0.2035720992088318]}}}, "none": {"gaussianElement": {"1e0": {"loss": [2.102710379464286, 2.252724609375], "iden": [0.9881131417410715, 1.1038968331473213], "fwd": [0.8003113839285714, 0.8345424107142857], "bwd": [0.0, 0.0], "cons": [0.0, 0.0], "eigen": [0.3142857142857143, 0.3142857142857143], "fwd_val": [0.1563180708885193, 0.1572255851427714]}}, "gaussianEigen": {"1e0": {"loss": [2.604685267857143, 2.5352176339285712], "iden": [1.3174965122767857, 1.2812724609375], "fwd": [0.9729032505580357, 0.9396591796875], "bwd": [0.0, 0.0], "cons": [0.0, 0.0], "eigen": [0.3142857142857143, 0.3142857142857143], "fwd_val": [0.11751447598139445, 0.12247096761067708]}}, "doubleGaussianEigen": {"1e0": {"loss": [2.346967075892857, 2.495791573660714], "iden": [1.1750037667410713, 1.2232898995535715], "fwd": [0.8576776646205357, 0.9582165876116071], "bwd": [0.0, 0.0], "cons": [0.0, 0.0], "eigen": [0.3142857142857143, 0.3142857142857143], "fwd_val": [0.1725568670431773, 0.1910834217071533]}}, "uniformEigen": {"1e0": {"loss": [2.4664698660714284, 2.152572265625], "iden": [1.134818359375, 1.0575012555803571], "fwd": [1.0173655831473214, 0.7807850167410715], "bwd": [0.0, 0.0], "cons": [0.0, 0.0], "eigen": [0.3142857142857143, 0.3142857142857143], "fwd_val": [0.14927232170104981, 0.17953310712178547]}}, "svdElement": {"1e0": {"loss": [2.3385775669642856, 2.3552530691964284], "iden": [1.1790245535714285, 1.1568699776785714], "fwd": [0.8452671595982143, 0.8840975167410714], "bwd": [0.0, 0.0], "cons": [0.0, 0.0], "eigen": [0.3142857142857143, 0.3142857142857143], "fwd_val": [0.12378963788350424, 0.13928717486063638]}}, "unitPerturb": {"1e0": {"loss": [2.446984375, 2.3938853236607143], "iden": [1.1924476841517857, 1.1922477678571428], "fwd": [0.9402505580357143, 0.8873516322544643], "bwd": [0.0, 0.0], "cons": [0.0, 0.0], "eigen": [0.3142857142857143, 0.3142857142857143], "fwd_val": [0.17118698263168336, 0.1770445988178253]}}}}