{"unit_circle_mae": {"gaussianEigen": {"1e0": {"loss": [7.054494233630952, 7.037177269345238, 6.945716517857143, 6.904659970238096, 6.816807105654763, 6.717632254464287, 6.687634672619048, 6.541161644345237, 6.458744047619047, 6.3304045758928575, 6.227609188988095, 6.113415364583333, 6.031362537202381, 5.953633370535715, 5.694595982142857, 5.620127604166666, 5.45867150297619, 5.280312127976191, 5.314894717261905, 5.201070870535714, 4.975911551339286, 4.9840693824404765, 4.696699962797619, 4.701997209821428, 4.525234095982143], "iden": [3.291724237351191, 3.297468470982143, 3.244009765625, 3.2776144903273807, 3.1499844680059526, 3.0488801153273806, 3.0903750000000003, 2.997761346726191, 2.927190848214286, 2.9524470796130955, 2.7537131696428574, 2.729404482886905, 2.631005626860119, 2.6834800037202378, 2.3747391648065475, 2.4980702194940476, 2.28379296875, 2.197598167782738, 2.2188987630208334, 2.0729861421130953, 2.045434477306548, 1.9843602120535715, 1.7952051711309525, 1.8314126441592264, 1.7281063290550593], "fwd": [2.5671606212797617, 2.5539837239583334, 2.5258682105654757, 2.4610933779761903, 2.5106682477678572, 2.5225213913690476, 2.4609496837797615, 2.4168287760416667, 2.414802455357143, 2.2710152994791666, 2.3768024088541666, 2.297047805059524, 2.3236296502976193, 2.2038468656994046, 2.2639136439732144, 2.0767010788690476, 2.140400623139881, 2.0593931361607143, 2.0841701543898807, 2.1283392392113094, 1.9431971726190476, 2.0251846168154763, 1.940173828125, 1.9225619419642859, 1.8575276227678572], "bwd": [0.0, 0.0, 0.0, 0.0, 0.0, 0.0, 0.0, 0.0, 0.0, 0.0, 0.0, 0.0, 0.0, 0.0, 0.0, 0.0, 0.0, 0.0, 0.0, 0.0, 0.0, 0.0, 0.0, 0.0, 0.0], "cons": [0.0, 0.0, 0.0, 0.0, 0.0, 0.0, 0.0, 0.0, 0.0, 0.0, 0.0, 0.0, 0.0, 0.0, 0.0, 0.0, 0.0, 0.0, 0.0, 0.0, 0.0, 0.0, 0.0, 0.0, 0.0], "eigen": [1.1956098865327383, 1.1857249116443453, 1.175837437220982, 1.1659513462611606, 1.1561546688988094, 1.1462305268787203, 1.13631005859375, 1.1265713588169644, 1.116749534970238, 1.1069425688244048, 1.0970935639880952, 1.0869639485677085, 1.076726818266369, 1.066307076590402, 1.0559436965215774, 1.045355492001488, 1.0344789050874257, 1.023320794968378, 1.0118257475353423, 0.9997456868489584, 0.9872801862444196, 0.9745237310500371, 0.9613214489164806, 0.9480227661132812, 0.9396007341657366], "fwd_val": [0.4769032378726535, 0.46753028615315756, 0.4630838940938314, 0.46784336831834583, 0.48436572223239477, 0.4909124734666612, 0.42929252709282767, 0.4495772738986545, 0.4007399397956, 0.4431567556593153, 0.3789157562255859, 0.43535075526767314, 0.39440827941894535, 0.4174661314222548, 0.4079604536692301, 0.4022871668073866, 0.3978121342129177, 0.3459110760158963, 0.3969745534261067, 0.3755388610627916, 0.3703921740849813, 0.35481641239590117, 0.34995467207166886, 0.32001113075680204, 0.3541441015667386]}}}, "unit_circle_mse": {"gaussianEigen": {"1e0": {"loss": [6.756016555059524, 6.719013020833334, 6.640394345238096, 6.556185453869048, 6.429094866071428, 6.374018043154762, 6.275600818452381, 6.254537202380952, 6.179038876488096, 6.053612165178571, 5.966147321428571, 5.920158854166666, 5.764449404761905, 5.61407459077381, 5.503395275297618, 5.371319196428572, 5.263499813988095, 5.17973865327381, 4.99401525297619, 4.75568982514881, 4.629120907738095, 4.533141183035713, 4.35856677827381, 4.262954241071428, 4.037487630208333], "iden": [3.378197544642857, 3.4271262090773806, 3.374836495535714, 3.2769967447916666, 3.0534747023809525, 3.0807823660714284, 2.8775921688988095, 3.029441685267857, 3.004221633184524, 2.8550873325892856, 2.8160135788690472, 2.831685825892857, 2.6459534040178574, 2.606893322172619, 2.505690755208333, 2.362217726934524, 2.203107933407738, 2.1555086960565473, 2.002462425595238, 1.9025184616815476, 1.761441917782738, 1.6679546130952378, 1.5283400762648809, 1.4553062453497025, 1.3005056501116072], "fwd": [2.557005766369048, 2.482361235119048, 2.46701209077381, 2.4912477678571427, 2.597974795386905, 2.5256876860119046, 2.640195033482143, 2.476553013392857, 2.435041527157738, 2.4670495721726193, 2.4266613653273814, 2.372654808407738, 2.4100329241071425, 2.305750046502976, 2.3030327845982144, 2.3209834914434526, 2.3786993117559523, 2.3487757161458336, 2.3220467354910714, 2.1894650297619047, 2.2095235305059524, 2.212543247767857, 2.1830054873511906, 2.1657691592261905, 2.1003703031994045], "bwd": [0.0, 0.0, 0.0, 0.0, 0.0, 0.0, 0.0, 0.0, 0.0, 0.0, 0.0, 0.0, 0.0, 0.0, 0.0, 0.0, 0.0, 0.0, 0.0, 0.0, 0.0, 0.0, 0.0, 0.0, 0.0], "cons": [0.0, 0.0, 0.0, 0.0, 0.0, 0.0, 0.0, 0.0, 0.0, 0.0, 0.0, 0.0, 0.0, 0.0, 0.0, 0.0, 0.0, 0.0, 0.0, 0.0, 0.0, 0.0, 0.0, 0.0, 0.0], "eigen": [0.8208122442336309, 0.809526111421131, 0.7985465378534226, 0.7879405982607887, 0.777646472749256, 0.7675481422061012, 0.7578132207961309, 0.7485417887369792, 0.7397763323102678, 0.7314754057384673, 0.7234723510742187, 0.7158185105096725, 0.7084636056082588, 0.7014302629743304, 0.6946712326776413, 0.6881183064778646, 0.6816934087844122, 0.6754549822126116, 0.6695064493815105, 0.6637060227167039, 0.6581551658993675, 0.6526435982840402, 0.6472211216517857, 0.641879130045573, 0.6366125168573289], "fwd_val": [0.47717094124688036, 0.49730036120944554, 0.47731770833333337, 0.44120569547017413, 0.4615255379147, 0.4678923161824544, 0.45491072591145826, 0.4478189192877875, 0.43409392738342284, 0.4527041369544135, 0.4342578298780653, 0.46467289204067647, 0.43850797653198237, 0.4207285635206435, 0.44675311321682404, 0.41844327121310765, 0.4026101606157091, 0.4341718898349338, 0.3906742708418105, 0.4055273312462701, 0.4053371452755398, 0.4100629766252306, 0.4001493002573649, 0.40519203334384496, 0.37104780960083006]}}}, "origin_mse": {"gaussianEigen": {"1e0": {"loss": [7.343739583333334, 7.317159226190476, 7.301909226190477, 7.196388020833333, 7.144232700892857, 7.026040922619047, 6.930384858630952, 6.842875558035715, 6.756294642857142, 6.624087425595238, 6.494198474702382, 6.345385044642857, 6.237667038690476, 6.087522135416666, 5.9828701636904755, 5.799453124999999, 5.732473586309524, 5.52901246279762, 5.441311011904761, 5.291702845982143, 5.120931175595238, 4.983646391369047, 4.76526209077381, 4.726688616071428, 4.587693917410714], "iden": [3.2332195870535716, 3.2999188058035713, 3.3962132626488093, 3.1926908482142857, 3.236238653273809, 3.121619419642857, 3.0504116443452376, 2.968146763392857, 2.9141237909226194, 2.8180625, 2.633384021577381, 2.590329613095238, 2.5085353422619048, 2.2991195126488093, 2.320589750744048, 2.1207579055059522, 2.093862537202381, 1.9290364583333333, 1.9010526413690476, 1.7671831287202382, 1.5909350353422618, 1.5299784458705359, 1.4640180431547618, 1.3434614257812498, 1.296016648065476], "fwd": [2.5964335007440478, 2.514835472470238, 2.414795944940476, 2.524363467261905, 2.440128627232143, 2.447729445684524, 2.433924572172619, 2.4394056919642857, 2.4174618675595236, 2.3918336123511903, 2.456894298735119, 2.3610587797619047, 2.3448148251488092, 2.4137103329613097, 2.296921456473214, 2.3229293619791664, 2.2921589471726187, 2.263062732514881, 2.2125224609375, 2.2060020926339288, 2.2207042410714286, 2.1534944661458333, 2.0102703218005953, 2.101323428199405, 2.0187810639880954], "bwd": [0.0, 0.0, 0.0, 0.0, 0.0, 0.0, 0.0, 0.0, 0.0, 0.0, 0.0, 0.0, 0.0, 0.0, 0.0, 0.0, 0.0, 0.0, 0.0, 0.0, 0.0, 0.0, 0.0, 0.0, 0.0], "cons": [0.0, 0.0, 0.0, 0.0, 0.0, 0.0, 0.0, 0.0, 0.0, 0.0, 0.0, 0.0, 0.0, 0.0, 0.0, 0.0, 0.0, 0.0, 0.0, 0.0, 0.0, 0.0, 0.0, 0.0, 0.0], "eigen": [1.5140864955357143, 1.5024032273065477, 1.4909004371279762, 1.4793338913690475, 1.4678654668898812, 1.4566930571056549, 1.446048781622024, 1.4353241954985119, 1.4247105422247024, 1.414191615513393, 1.403918433779762, 1.3939957217261905, 1.3843179175967262, 1.3746922200520835, 1.365359305245536, 1.3557664853050595, 1.3464517299107142, 1.3369129929315475, 1.327737327938988, 1.3185179501488096, 1.3092919456845238, 1.3001727120535715, 1.290973400297619, 1.2819035063244046, 1.2728966006324407],