{"unit_circle_mae": {"gaussianElement": {"1e0": {"loss": [6.214326450892857, 6.1624447544642855], "iden": [3.3706157924107143, 3.3412650669642856], "fwd": [2.529423549107143, 2.506892020089286], "bwd": [0.0, 0.0], "cons": [0.0, 0.0], "eigen": [0.3142857142857143, 0.3142857142857143], "fwd_val": [0.5124231173197429, 0.5163606338500977]}}}, "unit_circle_mse": {"gaussianElement": {"1e0": {"loss": [6.210795758928572, 6.18549609375], "iden": [3.3897525111607143, 3.363601004464286], "fwd": [2.506756138392857, 2.5076099330357144], "bwd": [0.0, 0.0], "cons": [0.0, 0.0], "eigen": [0.3142857142857143, 0.3142857142857143], "fwd_val": [0.43437256749471026, 0.44896044286092124]}}}, "origin_mse": {"gaussianElement": {"1e0": {"loss": [6.13358984375, 6.173961495535714], "iden": [3.1353404017857143, 3.2992904575892856], "fwd": [2.6839614955357143, 2.560384765625], "bwd": [0.0, 0.0], "cons": [0.0, 0.0], "eigen": [0.3142857142857143, 0.3142857142857143], "fwd_val": [0.5272281417846679, 0.5224194018046061]}}}, "none": {"gaussianElement": {"1e0": {"loss": [6.318876674107143, 6.176070870535714], "iden": [3.5868286830357143, 3.2682008928571427], "fwd": [2.417761160714286, 2.5935851004464285], "bwd": [0.0, 0.0], "cons": [0.0, 0.0], "eigen": [0.3142857142857143, 0.3142857142857143], "fwd_val": [0.4517978502909342, 0.4945813814798991]}}, "gaussianEigen": {"1e0": {"loss": [6.225326450892857, 6.159627790178572], "iden": [3.400888950892857, 3.315810267857143], "fwd": [2.5101498325892857, 2.529532924107143], "bwd": [0.0, 0.0], "cons": [0.0, 0.0], "eigen": [0.3142857142857143, 0.3142857142857143], "fwd_val": [0.45539011001586915, 0.4624756024678548]}}, "doubleGaussianEigen": {"1e0": {"loss": [6.159962611607143, 6.078707589285714], "iden": [3.2685111607142856, 3.340498604910714], "fwd": [2.5771643415178573, 2.4239215959821427], "bwd": [0.0, 0.0], "cons": [0.0, 0.0], "eigen": [0.3142857142857143, 0.3142857142857143], "fwd_val": [0.40231339263916016, 0.4837432123819987]}}, "uniformEigen": {"1e0": {"loss": [6.344546875, 6.27772265625], "iden": [3.5459135044642855, 3.4550066964285713], "fwd": [2.4843487723214284, 2.5084313616071428], "bwd": [0.0, 0.0], "cons": [0.0, 0.0], "eigen": [0.3142857142857143, 0.3142857142857143], "fwd_val": [0.5119247016906738, 0.47034444681803383]}}, "svdElement": {"1e0": {"loss": [6.236388392857143, 6.13978515625], "iden": [3.3509787946428573, 3.298469308035714], "fwd": [2.571124441964286, 2.527030970982143], "bwd": [0.0, 0.0], "cons": [0.0, 0.0], "eigen": [0.3142857142857143, 0.3142857142857143], "fwd_val": [0.4678133455912272, 0.4436987813313802]}}, "unitPerturb": {"1e0": {"loss": [6.104068080357143, 6.062623325892857], "iden": [3.144685546875, 3.1532449776785714], "fwd": [2.6450968191964286, 2.5950931919642857], "bwd": [0.0, 0.0], "cons": [0.0, 0.0], "eigen": [0.3142857142857143, 0.3142857142857143], "fwd_val": [0.4520505854288737, 0.41143780008951825]}}}}