{"average": {"gaussianElement": {"1e0": {"loss": [0.09359998311081978, 0.08328911768247003, 0.07842446941218964, 0.07333562145494435, 0.0720730785909853, 0.07164733747369079, 0.06926168502737942, 0.06891626506091253, 0.06882653083975457, 0.06887396546803654], "iden": [0.01843094324956746, 0.01057381651717234, 0.005664894243353578, 0.0020251539744198595, 0.0015286228972482899, 0.0014087901267831183, 0.000873476130777298, 0.0010769675311432581, 0.0010742921263115592, 0.0012128442389779984], "fwd": [0.014792051271760845, 0.012151569209686698, 0.011553908047610766, 0.00929813123729131, 0.00765256663980005, 0.006603674692650364, 0.00412198767814462, 0.0030141688917325513, 0.0024083228960429153, 0.0018822114761561563], "bwd": [0.0, 0.0, 0.0, 0.0, 0.0, 0.0, 0.0, 0.0, 0.0, 0.0], "cons": [0.0, 0.0, 0.0, 0.0, 0.0, 0.0, 0.0, 0.0, 0.0, 0.0], "eigen": [0.060376988970525736, 0.06056373848762686, 0.061205669080830055, 0.06201233765850329, 0.06289189291871301, 0.06363487434169474, 0.06426622225269335, 0.06482513527891952, 0.06534390716247906, 0.06577891546841626], "fwd_val": [0.014698679056528495, 0.0132220556386619, 0.011861686257348545, 0.00809036708780341, 0.007166116937826989, 0.00619534173929365, 0.004279183358817861, 0.0033732951587237023, 0.00197075557221633, 0.0020439787955291795]}}, "gaussianEigen": {"1e0": {"loss": [0.20222921850474457, 0.1902315322666952, 0.1866234348244863, 0.18277090412296662, 0.18078719187000572, 0.17985884435644978, 0.17919828510719893, 0.1786161936581407, 0.1789268319465254, 0.17873040464915096], "iden": [0.01880383252008865, 0.011543108448045984, 0.008000789276541095, 0.00413837519954873, 0.002253325562498885, 0.001365829711635363, 0.0011728473994285548, 0.0009257830441270244, 0.0010859155219439503, 0.001044514843318016], "fwd": [0.01381551402888886, 0.008122006943236747, 0.005634361423858225, 0.0034245525865249983, 0.0022474534979693966, 0.0015381756438512236, 0.001081307184750631, 0.0008240380787958294, 0.0009397536107938584, 0.0008803236430094122], "bwd": [0.0, 0.0, 0.0, 0.0, 0.0, 0.0, 0.0, 0.0, 0.0, 0.0], "cons": [0.0, 0.0, 0.0, 0.0, 0.0, 0.0, 0.0, 0.0, 0.0, 0.0], "eigen": [0.16960987543950887, 0.17056641295620295, 0.17298830045412664, 0.17520797742556218, 0.1762864175996824, 0.17695481374383518, 0.1769441436959184, 0.17686638549038264, 0.1769011575881749, 0.17680556806799483], "fwd_val": [0.013235692384738278, 0.00805170740482312, 0.004833963398196271, 0.003402157388207609, 0.001971133419233052, 0.001413501934080884, 0.0013446331297117923, 0.0014005725687420694, 0.0009612607201276386, 0.0012821074809141206]}}}}