{"none": {"gaussianElement": {"1e0": {"loss": [0.44263743222031965, 0.4119054228203482, 0.3035322912207477, 0.26362405019263696, 0.2182751381233947, 0.22268159770530108, 0.20798501489369292, 0.1790953196347032, 0.16443209713452484, 0.1427133359865511, 0.1292907854193422, 0.11672924860427368, 0.1068379302003068, 0.09536633774570134, 0.0917046812571347, 0.10218749721300656, 0.10154486529903325, 0.09790174231681649, 0.09398070731663813, 0.0930024586856093], "iden": [0.171193956348994, 0.1315866130672089, 0.06433790372386915, 0.028679261577728134, 0.014173599138651809, 0.00980617749636576, 0.010613642653373823, 0.012830233465046643, 0.013910672436021778, 0.011338120726145566, 0.010592506791903003, 0.017029658626748004, 0.013060412123867366, 0.00994760957482743, 0.00801644956684548, 0.010990832603141053, 0.011728221423005404, 0.008817519444853204, 0.006897526571195419, 0.00634603108445259], "fwd": [0.20569006514875857, 0.21456535722567066, 0.17344095587186073, 0.1691913622155037, 0.13834810997253139, 0.14712201122823915, 0.13161795280839755, 0.10051169199486301, 0.08476800091190426, 0.06562180889251569, 0.052944841776808645, 0.03394616183624964, 0.02802410038638877, 0.019665297416791523, 0.017934813129303118, 0.025443234726718573, 0.02406321486381635, 0.02333079995629994, 0.02132976479726295, 0.02090300120175157], "bwd": [0.0, 0.0, 0.0, 0.0, 0.0, 0.0, 0.0, 0.0, 0.0, 0.0, 0.0, 0.0, 0.0, 0.0, 0.0, 0.0, 0.0, 0.0, 0.0, 0.0], "cons": [0.0, 0.0, 0.0, 0.0, 0.0, 0.0, 0.0, 0.0, 0.0, 0.0, 0.0, 0.0, 0.0, 0.0, 0.0, 0.0, 0.0, 0.0, 0.0, 0.0], "eigen": [0.06575342465753424, 0.06575342465753424, 0.06575342465753424, 0.06575342465753424, 0.06575342465753424, 0.06575342465753424, 0.06575342465753424, 0.06575342465753424, 0.06575342465753424, 0.06575342465753424, 0.06575342465753424, 0.06575342465753424, 0.06575342465753424, 0.06575342465753424, 0.06575342465753424, 0.06575342465753424, 0.06575342465753424, 0.06575342465753424, 0.06575342465753424, 0.06575342465753424], "fwd_val": [0.1894174860295466, 0.15367567443233374, 0.15864849762448174, 0.14867882596121895, 0.14513697860321562, 0.11276437119009414, 0.07563469293804752, 0.07754842085154928, 0.07191217975052083, 0.047731498253326295, 0.03160601556781026, 0.03953143498363894, 0.028377475393951034, 0.028068613962850708, 0.03768661335086669, 0.026130518811528426, 0.027462787914199337, 0.029056706194332448, 0.025177741732190388, 0.03096094890685089], "testAccuracy": [0.08053454446295898, 0.08504484718044598, 0.11281766680379708, 0.11533320570985477, 0.15867510189612707, 0.15565898021062216, 0.16751692816615105, 0.16694704194863638, 0.16327246154348055, 0.1506537397702535, 0.13660493989785513, 0.12916597599784532, 0.12332038953900337, 0.11643855770428975, 0.11184107263882954, 0.11011188104748726, 0.10612470904986064, 0.10505884885787964, 0.10024365037679672, 0.0967114952703317, 0.09463587279121081, 0.08967438712716103, 0.08897254119316737, 0.0821458175778389, 0.08119175086418788, 0.07733359808723132, 0.07329180277884007, 0.07059480187793572, 0.06752030923962593], "testStd": [0.04246070594889771, 0.023317646400413207, 0.04591585535030745, 0.03958463875480835, 0.03491415245222766, 0.03617685147128888, 0.03621326066679831, 0.02703114191326782, 0.03609028623652828, 0.03717238299227227, 0.02789140056262325, 0.026636001491498033, 0.01937591736186581, 0.013928425177001632, 0.013609774747558144, 0.014712679382437885, 0.013484105936747889, 0.015227618366730202, 0.01586890478340712, 0.012181837515724846, 0.01146469256543518, 0.013856943179611902, 0.013835930510944157, 0.01106228778544276, 0.011763306258485713, 0.014471728797995128, 0.010805002572834128, 0.010020029055850276, 0.009878676642837387]}}, "unitPerturb": {"1e0": {"loss": [0.37733184953802795, 0.29432835687785386, 0.2133490993552012, 0.1899648309298302, 0.14078820633561645, 0.12173403387200342, 0.10997047598503495, 0.10819252745745933, 0.10529881307523545, 0.10333297938516695, 0.10813749130458047, 0.09914651809762058, 0.0973182155661387, 0.10028429423293023, 0.10003538784915454, 0.09924417434762058, 0.09425579750374571, 0.10535065812062999, 0.10143089816994863, 0.10005456236399472], "iden": [0.1402331765928225, 0.10135113441780821, 0.05881953827322346, 0.04679382533243258, 0.028096616213724494, 0.017761625873443744, 0.0135927418051245, 0.010745824526434076, 0.011284781155520923, 0.009654760142983911, 0.014941402766258206, 0.011135474949666898, 0.010998481158252176, 0.01183018183599324, 0.014334598523841056, 0.009709015066765215, 0.009346793013620595, 0.014414695844258347, 0.012552091520126553, 0.009198023304003015], "fwd": [0.17134529009257277, 0.12722382567244578, 0.08877615732689427, 0.07741761229353952, 0.046938191592421165, 0.03821897811541274, 0.03062431300611801, 0.03169329220845819, 0.028260601165632136, 0.02792480503587418, 0.02744265517143354, 0.022257622845096674, 0.02056631323409407, 0.02270069209407998, 0.019947363796843785, 0.02378173201051477, 0.019155580703526326, 0.025182534135095604, 0.023125386346965076, 0.02510311353152201], "bwd": [0.0, 0.0, 0.0, 0.0, 0.0, 0.0, 0.0, 0.0, 0.0, 0.0, 0.0, 0.0, 0.0, 0.0, 0.0, 0.0, 0.0, 0.0, 0.0, 0.0], "cons": [0.0, 0.0, 0.0, 0.0, 0.0, 0.0, 0.0, 0.0, 0.0, 0.0, 0.0, 0.0, 0.0, 0.0, 0.0, 0.0, 0.0, 0.0, 0.0, 0.0], "eigen": [0.06575342465753424, 0.06575342465753424, 0.06575342465753424, 0.06575342465753424, 0.06575342465753424, 0.06575342465753424, 0.06575342465753424, 0.06575342465753424, 0.06575342465753424, 0.06575342465753424, 0.06575342465753424, 0.06575342465753424, 0.06575342465753424, 0.06575342465753424, 0.06575342465753424, 0.06575342465753424, 0.06575342465753424, 0.06575342465753424, 0.06575342465753424, 0.06575342465753424], "fwd_val": [0.15338784081924364, 0.09039102180376529, 0.06021536270009531, 0.04873209826996169, 0.04295082723844838, 0.03323862695655577, 0.0471778698205564, 0.033640027238167045, 0.029165129490712607, 0.028392037235788294, 0.02755261729688844, 0.019203211038392908, 0.020121823666368322, 0.021530583956775266, 0.02681895687384306, 0.017817349669534036, 0.02250203391876006, 0.023451349441555962, 0.02396249224022391, 0.03921083609263102], "testAccuracy": [0.034594130236655474, 0.04941893648356199, 0.0767329487328728, 0.06857770370940368, 0.09502042829990387, 0.08883257148166497, 0.08843427213529746, 0.08473323347667854, 0.07966922223567963, 0.06758695840835571, 0.06120940359930197, 0.05451227600375811, 0.054524642104903855, 0.05427899211645126, 0.04675769371291002, 0.0493521507208546, 0.045251517867048584, 0.04681121309598287, 0.04325649638970693, 0.042110842652618885, 0.04483360672990481, 0.035302046686410904, 0.039854680808881916, 0.032392517663538456, 0.034110624343156815, 0.02771473505223791, 0.028071061242371798, 0.02997266345967849, 0.024882100522518158], "testStd": [0.02057944821442762, 0.022402504199966446, 0.02605556733720013, 0.035087743358393896, 0.02131411850492902, 0.02205143087516561, 0.024943394928217722, 0.030592764305806392, 0.030581179067498247, 0.03531194409503792, 0.02594588884772977, 0.022341370377518977, 0.018177011099251395, 0.017197417650174043, 0.015386945098447014, 0.014332273908855409, 0.014350920749760599, 0.014278945839345478, 0.013550985165775634, 0.01215776324455338, 0.015779966372022832, 0.013136723388711542, 0.012674516393535881, 0.010867035882952646, 0.010679031016974051, 0.010281571156093808, 0.009735480544480084, 0.011163053264402685, 0.008406975165212832]}}}, "unit_circle_mse": {"gaussianElement": {"1e0": {"loss": [0.45234859936857874, 0.3922306705283248, 0.27762715936251425, 0.2297420135916096, 0.22756762918271975, 0.19432456656678082, 0.15443724192440783, 0.15210936385202625, 0.1293234211124786, 0.11949571583369006, 0.09999621665641054, 0.07344198705943208, 0.07978739281223245, 0.07132679142364085, 0.06400560352900257, 0.0704152007081193, 0.06997911287769334, 0.06281800291853952, 0.0618838305887022, 0.06220781857564569],