{"unit_circle_mse-consistent": {"unitPerturb": {"1e0": {"loss": [29.714183989025297, 27.174435570126487, 25.550438290550595, 24.567830403645832, 24.07798839750744, 23.696666899181547, 23.626639229910715, 23.806380498976935, 23.617937360491073, 23.137340727306547, 23.245532807849703, 22.764301118396578, 22.795427594866073, 22.63232421875, 22.291537330264138, 21.82228015718006, 22.055408296130953, 21.803180512927828, 21.633431570870535, 21.416437058221724, 21.22395978655134, 21.10101318359375, 21.18887183779762, 20.90506562732515, 20.617917015438987, 20.51762462797619, 20.227364676339285, 20.260030110677082, 20.053158714657737, 19.846886044456845, 19.673995245070685, 19.551738920665922, 18.998288109188987, 19.394476027715776, 19.184160505022323, 18.995111374627974, 18.746348063151043, 18.6458987281436, 18.62754894438244, 18.395595005580358, 18.17289079938616, 17.92289079938616, 17.741629464285715, 17.759329659598215, 17.59096418108259, 17.617434547061013, 17.733636765252974, 17.566365559895832, 17.525210425967263, 17.231305803571427, 17.19116937546503, 17.079762776692707, 17.059625534784224, 16.5939694359189, 16.70601545061384, 16.659000941685267, 16.323878696986608, 16.401063464936755, 16.180292038690474, 16.113933744884672, 16.335293724423362, 15.837694440569196, 15.923068091982888, 15.956753685360862, 15.577503022693453, 15.457720075334821, 15.419029599144345, 15.408299037388392, 15.175625755673362, 15.240195138113839, 15.11796642485119, 15.050493512834821, 14.918712797619047, 15.0758056640625, 14.854082380022321, 14.729723249162946, 14.507379441034226, 14.593873523530506, 14.347510928199405, 14.22367931547619, 14.261601039341517, 14.074709937686013, 14.129984537760416, 13.97541736421131, 13.995814732142858, 13.616067068917411, 13.844575427827381, 13.593415759858631, 13.602196103050595, 13.526131766183036, 13.274838402157737, 13.303633916945685, 13.064409528459821, 13.190156482514881, 12.990251813616071, 12.952777680896578, 12.850492931547619, 12.797636486235119, 12.612862723214286, 12.541432698567709, 12.429975237165179, 12.240882510230655, 12.401294526599703, 12.197053455171131, 12.268576485770089, 12.068184262230282, 11.877534412202381, 12.002951485770089, 11.969778878348214, 11.909312656947545], "iden": [0.0, 0.0, 0.0, 0.0, 0.0, 0.0, 0.0, 0.0, 0.0, 0.0, 0.0, 0.0, 0.0, 0.0, 0.0, 0.0, 0.0, 0.0, 0.0, 0.0, 0.0, 0.0, 0.0, 0.0, 0.0, 0.0, 0.0, 0.0, 0.0, 0.0, 0.0, 0.0, 0.0, 0.0, 0.0, 0.0, 0.0, 0.0, 0.0, 0.0, 0.0, 0.0, 0.0, 0.0, 0.0, 0.0, 0.0, 0.0, 0.0, 0.0, 0.0, 0.0, 0.0, 0.0, 0.0, 0.0, 0.0, 0.0, 0.0, 0.0, 0.0, 0.0, 0.0, 0.0, 0.0, 0.0, 0.0, 0.0, 0.0, 0.0, 0.0, 0.0, 0.0, 0.0, 0.0, 0.0, 0.0, 0.0, 0.0, 0.0, 0.0, 0.0, 0.0, 0.0, 0.0, 0.0, 0.0, 0.0, 0.0, 0.0, 0.0, 0.0, 0.0, 0.0, 0.0, 0.0, 0.0, 0.0, 0.0, 0.0, 0.0, 0.0, 0.0, 0.0, 0.0, 0.0, 0.0, 0.0, 0.0, 0.0], "fwd": [1.155138924008324, 0.958534422374907, 0.6492876325334821, 0.6533548264276414, 0.5343142009916759, 0.4862458365304129, 0.48232559930710567, 0.4642018817719959, 0.44661249433244976, 0.5055396216256278, 0.46574846903483075, 0.48100725809733075, 0.5405165354410807, 0.5104226611909413, 0.46241510482061476, 0.42273807525634766, 0.416302726382301, 0.41563497270856586, 0.4141865684872582, 0.41479710170200895, 0.4176316488356817, 0.4115097409202939, 0.4240966070265997, 0.42315419514973956, 0.4085164751325335, 0.41455059959774926, 0.40446036202566965, 0.4104831332252139, 0.41185333615257624, 0.40481422061011907, 0.40656316848028273, 0.4095681054251535, 0.39906974065871464, 0.4100062960670108, 0.40466099693661645, 0.4112789517357236, 0.40537003108433317, 0.4099902198428199, 0.4143209911528088, 0.41347272055489676, 0.40355123792375835, 0.4057025909423828, 0.40428833734421504, 0.4062295641217913, 0.40333439054943265, 0.40903018769763766, 0.4040975116548084, 0.4118743169875372, 0.4129683630807059, 0.40188743954613093, 0.41141178494408015, 0.40670567467099145, 0.4138150442214239, 0.41015733991350445, 0.4020042419433594, 0.4133859816051665, 0.4035829362415132, 0.39685912359328496, 0.3951855614071801, 0.398216928754534, 0.4080843244280134, 0.3924245834350586, 0.41101383027576266, 0.42651194617861793, 0.4010106949579148, 0.3925590515136719, 0.4029174078078497, 0.4112045651390439, 0.41185892195928664, 0.39730308169410344, 0.4103126525878906, 0.4037927900041853, 0.4005298614501953, 0.4046464193434942, 0.3986612047467913, 0.4243362063453311, 0.39426185971214656, 0.39741307213192895, 0.40097935994466144, 0.414352053687686, 0.40842537652878536, 0.39625331333705355, 0.40253725506010507, 0.39824640183221727, 0.4155929656255813, 0.39372398739769343, 0.39423987978980657, 0.3973477227347238, 0.3934523718697684, 0.4021457036336263, 0.4120399838402158, 0.394759768531436, 0.3943416504632859, 0.394391105288551, 0.39518329075404574, 0.3911229542323521, 0.39945479801722933, 0.39008104233514695, 0.396669796534947, 0.4106464840116955, 0.38397389366513207, 0.38987150646391366, 0.3906786328270322, 0.39296077546619235, 0.40307317461286274, 0.3884342738560268, 0.3885946727934338, 0.3995574769519624, 0.38930157252720426, 0.38618323916480657], "bwd": [0.8570308004106794, 1.1065548601604642, 0.8833880424499512, 0.5316366468157087, 0.5021550541832334, 0.4617046174548921, 0.4806928521110898, 0.4570379597800119, 0.5433540344238281, 0.45880970500764395, 0.4566534019651867, 0.4515535377320789, 0.4148072174617222, 0.4884408315022786, 0.43594928014846074, 0.48730348405383883, 0.4580986499786377, 0.4679429190499442, 0.4244730472564697, 0.4352786313919794, 0.45021023069109234, 0.4249467168535505, 0.4400708107721238, 0.4026425225394113, 0.40581464767456055, 0.40329496065775555, 0.40411376953125, 0.4382203533535912, 0.42091514950706843, 0.40732018152872723, 0.4066750208536784, 0.42732782590956914, 0.39925131343659903, 0.40240189007350374, 0.4025049323127383, 0.42040259497506277, 0.40634691147577195, 0.39747212046668645, 0.41091062909080867, 0.44798360552106586, 0.3971616654168992, 0.40713960783822195, 0.388023887361799, 0.41213087808518184, 0.40906927699134465, 0.4455179827553885, 0.4098638920556931, 0.4851533685411726, 0.41860896065121606, 0.41960826374235605, 0.4542283784775507, 0.4244279634384882, 0.4190841515858968, 0.3960227512177967, 0.40284978775751024, 0.4010233311426072, 0.43622329121544245, 0.4714953899383545, 0.38080877917153494, 0.39456954456510995, 0.3844105743226551, 0.41777076039995464, 0.38923128445943195, 0.4164666107722691, 0.3967554626010713, 0.38431983902340844, 0.4336172966730027, 0.4037912573133196, 0.3860624971843901, 0.37415624800182523, 0.43473061493464876, 0.39500798497881207, 0.3867140951610747, 0.4301956267583938, 0.3925967954453968, 0.3920041833605085, 0.3855830260685512, 0.4006968396050589, 0.39588078998384024, 0.3785610766637893, 0.3845190831593105, 0.3887542088826497, 0.3881750163577852, 0.37906851654960994, 0.38607662064688547, 0.37627725374130977, 0.38315664586566744, 0.3831444638116019, 0.38223340965452646, 0.3994720663343157, 0.3789320730027698, 0.3818365732828776, 0.38302758194151376, 0.3936930611020043, 0.3787627901349749, 0.37964859462919687, 0.39886518887111116, 0.38008628005073186, 0.3823701086498442, 0.378177421433585, 0.38561642737615676, 0.3882683004651751, 0.38007361548287527, 0.382030447324117, 0.3760966005779448, 0.38524438653673443, 0.37448263735998244, 0.3772249278568086, 0.38061190786815824, 0.37695367563338505],