{"forward validation": 0.0003917319655130451, "_timestamp": 1657061562, "_runtime": 145, "_step": 199, "loss": 0.0006416859687305987, "identity loss": 0.0003302649420220405, "forward loss": 0.0003114209685008973, "backward loss": 0.0, "consistency loss": 0.0, "eigenvalue loss": 0.0, "_wandb": {"runtime": 145}}