{"unit_circle_mse-consistent": {"gaussianElement": {"1e0": {"loss": [2.119921057481925, 1.7703613652849126], "iden": [0.0, 0.0], "fwd": [0.011215418985445204, 0.01021472054166518], "bwd": [0.011666105145551662, 0.00934779865375211], "cons": [0.5289686043331431, 0.5261929818302892], "eigen": [0.06575342465753424, 0.06575342465753424], "fwd_val": [0.18228055857485878, 0.15485968016451937], "testAccuracy": [0.036283946596086025, 0.04426869625846545, 0.040585058430830635, 0.04400545607010523, 0.04516029575218757, 0.04599789840479692, 0.043735923866430916, 0.04232740122824907, 0.044249135069549084, 0.04275064760198196, 0.03906251738468806, 0.03356277756392956, 0.02897631066540877, 0.025867031887173653, 0.02379829591761033, 0.022573507390916348, 0.022078500750164192, 0.022170493379235268, 0.023020268107453983, 0.022671050081650417, 0.022180090347925823, 0.022276378857592743, 0.021278248789409798, 0.02128672848145167, 0.021440602528552215, 0.021161186198393505, 0.02051077162226041, 0.01983447481567661, 0.01977438588316242], "testStd": [0.009053603108791032, 0.016897101848441703, 0.014379514478435053, 0.016856345617541228, 0.013229061532444972, 0.014145824152309914, 0.011410127836077059, 0.017724856471871404, 0.02071513627979636, 0.023733216172793874, 0.02154654093362485, 0.01538980998535779, 0.010025628826251772, 0.005985929097520377, 0.0036939742863433553, 0.003233897170365721, 0.0027641831117315246, 0.0026915442768847666, 0.0033075305415432954, 0.003483625052793061, 0.00305459422523738, 0.0025508753746809804, 0.002741856840937089, 0.002238648131325603, 0.0027420113923443032, 0.002965737627841571, 0.0021908352821051634, 0.002437321769784258, 0.002314179604631868]}}}, "none-consistent": {"gaussianElement": {"1e0": {"loss": [2.0723430662576106, 1.7263132684669902], "iden": [0.0, 0.0], "fwd": [0.010868824707681546, 0.010202813112209557], "bwd": [0.01135918488059777, 0.010150854845206668], "cons": [0.5244053856604357, 0.5215396689497717], "eigen": [0.06575342465753424, 0.06575342465753424], "fwd_val": [0.16437228328747835, 0.18164211022105192], "testAccuracy": [0.04065329643587271, 0.043154628636936344, 0.04664210726817449, 0.05192580011983713, 0.061465285097559295, 0.0532891775170962, 0.057048668464024864, 0.05019451087961594, 0.04645470560838779, 0.03962385064611832, 0.035701618840297066, 0.03051679829756419, 0.026683829103906948, 0.025381028031309445, 0.025119742068151634, 0.024391818481187027, 0.024085482272009056, 0.024496295489370823, 0.023635983777542908, 0.022997756799062092, 0.022497110689679783, 0.021328733923534553, 0.01978697783003251, 0.01934774499386549, 0.01945646557336052, 0.017984908695022266, 0.017693261615931988, 0.0177379148080945, 0.017900317596892517], "testStd": [0.015190369832452595, 0.013019587864724336, 0.019172456903314462, 0.011462403398526968, 0.009972396451617974, 0.01135888297040158, 0.015371716180234701, 0.018480201556446977, 0.02235572726435237, 0.01853634188402062, 0.016283606992440757, 0.010714067333199786, 0.006263442815949915, 0.004426179926959386, 0.0040608083165804875, 0.0035939433486853354, 0.0033868943680575997, 0.0030929421096138688, 0.0022556104673869524, 0.003438043594242045, 0.003365123877736013, 0.003354910152903759, 0.0027673450274770797, 0.0030395844021880994, 0.0031208531191464733, 0.001656796141416912, 0.0014348018928075136, 0.001643093134633338, 0.0018829850886935466]}}}}