{
    "none-consistent": {
        "unitPerturb": {
            "1e0": {
                "loss": [
                    20.641746399894597,
                    19.24578615218874,
                    17.54548572358631,
                    16.79052249968998,
                    15.300174773685518,
                    15.093392266167536,
                    14.653469993954614,
                    14.275682964022197,
                    14.129679846385168,
                    13.944178505549354,
                    13.85581800672743,
                    13.778200179811506,
                    13.611196850973462,
                    13.436252170138891,
                    13.235308934771824,
                    13.339464217897444,
                    13.426539345393104,
                    13.021233452690971,
                    13.23248557438926,
                    12.76764884827629,
                    13.012731158544147,
                    12.968407282753597,
                    12.38995385548425,
                    12.400095621744791,
                    12.42010934012277,
                    12.151073153056794,
                    12.47863285125248,
                    12.020914229135665,
                    11.85336473253038,
                    11.680754162016369,
                    11.704689146980407,
                    11.622662498837423,
                    11.748807876829117,
                    11.677745274135043,
                    11.618451073056173,
                    11.273446945917039,
                    11.284402514260913,
                    10.9918210468595,
                    10.8970702640594,
                    10.94263421921503,
                    10.818855406746032,
                    10.489515758696058,
                    10.589865063864087,
                    10.38428000798301,
                    10.580717298719618,
                    10.199752807617188,
                    10.23974173409598,
                    10.154371957930307,
                    10.049459790426587,
                    9.976044185577877
                ],
                "iden": [
                    0.0,
                    0.0,
                    0.0,
                    0.0,
                    0.0,
                    0.0,
                    0.0,
                    0.0,
                    0.0,
                    0.0,
                    0.0,
                    0.0,
                    0.0,
                    0.0,
                    0.0,
                    0.0,
                    0.0,
                    0.0,
                    0.0,
                    0.0,
                    0.0,
                    0.0,
                    0.0,
                    0.0,
                    0.0,
                    0.0,
                    0.0,
                    0.0,
                    0.0,
                    0.0,
                    0.0,
                    0.0,
                    0.0,
                    0.0,
                    0.0,
                    0.0,
                    0.0,
                    0.0,
                    0.0,
                    0.0,
                    0.0,
                    0.0,
                    0.0,
                    0.0,
                    0.0,
                    0.0,
                    0.0,
                    0.0,
                    0.0,
                    0.0
                ],
                "fwd": [
                    1.2968289511544364,
                    2.7965525369795543,
                    0.6299662514338418,
                    0.5768253538343642,
                    0.5397561088440911,
                    0.48837151603093226,
                    0.4879154175046891,
                    0.4520105785793729,
                    0.43392885298956,
                    0.42418526846265037,
                    0.4240410063001845,
                    0.42517286633688306,
                    0.41218883272201295,
                    0.4184249999031188,
                    0.4417555521404932,
                    0.4680211808946398,
                    0.46956068371969556,
                    0.44561104547409786,
                    0.5104495154486762,
                    0.42713725377642914,
                    0.4569616166372148,
                    0.4701650256202335,
                    0.40962046668643043,
                    0.45712112245105563,
                    0.4378079611157614,
                    0.4205028594486297,
                    0.4215608778454009,
                    0.40414072975279797,
                    0.41492011055113776,
                    0.4093965500120133,
                    0.39839543236626523,
                    0.40751902262369794,
                    0.41881680867028614,
                    0.4780173377385215,
                    0.434546879359654,
                    0.41897451309930717,
                    0.39646736023918033,
                    0.4039400040157257,
                    0.40353484380812876,
                    0.41290570819188677,
                    0.39676969013516866,
                    0.4060475334288582,
                    0.3936385729956249,
                    0.38660189462086514,
                    0.3933756389315166,
                    0.38269672696552587,
                    0.4109389441353934,
                    0.41033599490211126,
                    0.42194106086852057,
                    0.41128438616555835
                ],
                "bwd": [
                    1.0051149943518258,
                    0.6776049931844076,
                    0.6675071716308594,
                    0.5887126922607422,
                    0.5412789450751411,
                    0.5409013051835317,
                    0.49999489859929164,
                    0.45870799110049293,
                    0.4375845591227214,
                    0.424874744718037,
                    0.4203195571899414,
                    0.4303517417302207,
                    0.41701527247353204,
                    0.41413434346516925,
                    0.4267755992828854,
                    0.4237470324077304,
                    0.4451680410475958,
                    0.4191582997639974,
                    0.42620875343443854,
                    0.41222392188178164,
                    0.4361627972315228,
                    0.46999380323621964,
                    0.4325553046332466,
                    0.41438036116342697,
                    0.43475812578958184,
                    0.4354289675515795,
                    0.4269913113306439,
                    0.41922074272519066,
                    0.4119476742214627,
                    0.4164353930760944,
                    0.4191759957207573,
                    0.3967623029436384,
                    0.3980985671754867,
                    0.4279903835720486,
                    0.4192636732071165,
                    0.4174511016361297,
                    0.4018653687976655,
                    0.42691783299521796,
                    0.41360108814542257,
                    0.4056847436087472,
                    0.40245446704682847,
                    0.3989343794565352,
                    0.40089619348919586,
                    0.40240289294530474,
                    0.4238823027837844,
                    0.4049251193091983,
                    0.3894301974584186,
                    0.39823633526998853,
                    0.39783047872876365,
                    0.4031840127611917
                ],