{"none-consistent": {"unitPerturb": {"1e0": {"loss": [20.540858364250383, 19.677534008751902, 18.930763948344747, 18.25080176227169, 17.827598221080667, 17.57134703196347, 17.29571888080289, 17.06023859636606, 16.808532807743532, 16.59118804699391, 16.349869197108067, 16.11394685835236, 15.859512640315828, 15.613967667903347, 15.381811857876713, 15.145126997716895, 14.900988156392694, 14.659304842085236, 14.40337798468417, 14.176084474885846], "iden": [0.0, 0.0, 0.0, 0.0, 0.0, 0.0, 0.0, 0.0, 0.0, 0.0, 0.0, 0.0, 0.0, 0.0, 0.0, 0.0, 0.0, 0.0, 0.0, 0.0], "fwd": [0.18691324498192544, 0.14685375846502804, 0.1326156105262141, 0.10546715676875236, 0.0790891464442423, 0.0882399003073868, 0.0799847885898259, 0.07227918140057198, 0.06374599857417416, 0.06113499854797642, 0.06745494279324374, 0.06151191037902367, 0.05349809597253436, 0.05467486388788557, 0.03819521028701573, 0.04121416925113858, 0.038515685500982506, 0.035686320474703014, 0.02536054288959939, 0.02689254389143063], "bwd": [0.18462668408723362, 0.16706223393502664, 0.11091310219496171, 0.06393841143975337, 0.05311620239072013, 0.04111914206494661, 0.043605697608610994, 0.043271259557529494, 0.03984726161172945, 0.040613061216868224, 0.035756687994598434, 0.03144217597113715, 0.03238711248249768, 0.02949462786112746, 0.03022189205639983, 0.030972953111250836, 0.026465982352943365, 0.03028276986364542, 0.029727312781857935, 0.028166090734473098], "cons": [18.607374904870625, 18.296765006659058, 18.010567981830288, 17.745908247716898, 17.49196989155251, 17.23972394644216, 16.99396731116819, 16.758586615296803, 16.52750190258752, 16.305079908675797, 16.08605403348554, 15.8531226217656, 15.609281059741248, 15.372005802891932, 15.136590919901066, 14.904288551179604, 14.66925894216134, 14.43464998335236, 14.206239000665905, 13.976728084570018], "eigen": [0.06575342465753424, 0.06575342465753424, 0.06575342465753424, 0.06575342465753424, 0.06575342465753424, 0.06575342465753424, 0.06575342465753424, 0.06575342465753424, 0.06575342465753424, 0.06575342465753424, 0.06575342465753424, 0.06575342465753424, 0.06575342465753424, 0.06575342465753424, 0.06575342465753424, 0.06575342465753424, 0.06575342465753424, 0.06575342465753424, 0.06575342465753424, 0.06575342465753424], "fwd_val": [0.164081766921477, 0.13262204671507552, 0.10485615764839062, 0.09249982543357649, 0.08507439415747929, 0.0762225837395259, 0.06989336592883623, 0.06135111684064615, 0.06837224382837166, 0.058544494647590685, 0.052589186803666234, 0.05029646133263138, 0.047816253834620515, 0.04160079166445115, 0.041578915672025825, 0.03966252896904753, 0.03324077850666599, 0.02791243126106979, 0.027785561030997556, 0.029734548067317106], "testAccuracy": [0.02011277216176192, 0.030764945161839325, 0.02411694886783759, 0.027358332338432472, 0.0474028034756581, 0.04809680317218105, 0.06968276078502338, 0.07709029068549474, 0.07521052348117034, 0.09599577635526657, 0.08749056172867616, 0.0988077453027169, 0.0816903921465079, 0.06096117881437143, 0.05457368679344654, 0.052686682591835655, 0.043123423432310425, 0.047212012112140656, 0.04809541814029217, 0.04362783891459306, 0.039636606660981975, 0.03602904422829548, 0.0393129059424003, 0.03456228567908207, 0.03379546105861664, 0.03374741009126107, 0.02924364898353815, 0.02588635232920448, 0.01975774159654975], "testStd": [0.0027926569083237996, 0.012744323001408198, 0.01835087348132617, 0.013207289566621894, 0.03358167896412446, 0.0341116634241784, 0.024045339835543453, 0.009737072193513555, 0.023447830192582772, 0.01644969844197129, 0.02090362058326822, 0.03249353046960132, 0.027972531602201634, 0.020468909697670682, 0.013569070633228021, 0.0068954756665520305, 0.005041505378109292, 0.005604252310543267, 0.006467647775853971, 0.007824231854742942, 0.008686317850615575, 0.007138764502674159, 0.00813145986466315, 0.008342097955727502, 0.007585913712399513, 0.007839554839317272, 0.00886676595902235, 0.009183012543418037, 0.005289514838920697]}}}}