{
    "unit_circle_mae": {
        "gaussianElement": {
            "1e0": {
                "loss": [
                    14.561600911458333,
                    14.008690755208333,
                    11.096857747395832,
                    7.928903157552084,
                    9.216221028645833,
                    7.01080078125,
                    6.421123046875,
                    5.714671223958334,
                    5.625890462239583,
                    6.6922919921875,
                    5.151787109375,
                    5.093224772135417,
                    4.5861516927083334,
                    4.336684733072917,
                    4.558945475260416
                ],
                "iden": [
                    7.524839680989583,
                    6.794225748697916,
                    4.6870834960937495,
                    3.155421305338541,
                    4.00420654296875,
                    2.7526077473958335,
                    2.7355089518229168,
                    2.33213525390625,
                    2.3655805257161457,
                    3.0571725260416667,
                    2.250736490885416,
                    2.2136165771484375,
                    1.9653568115234374,
                    1.8440297037760416,
                    1.9928986409505207
                ],
                "fwd": [
                    5.745106608072916,
                    5.993164225260418,
                    5.236914876302083,
                    3.639210856119792,
                    4.111868733723958,
                    3.187045084635417,
                    2.641467610677083,
                    2.3641826171875002,
                    2.2665470377604167,
                    2.6651353352864584,
                    1.9516689860026044,
                    1.9517261962890624,
                    1.7137008463541665,
                    1.6048747151692708,
                    1.6981568603515624
                ],
                "bwd": [
                    0.0,
                    0.0,
                    0.0,
                    0.0,
                    0.0,
                    0.0,
                    0.0,
                    0.0,
                    0.0,
                    0.0,
                    0.0,
                    0.0,
                    0.0,
                    0.0,
                    0.0
                ],
                "cons": [
                    0.0,
                    0.0,
                    0.0,
                    0.0,
                    0.0,
                    0.0,
                    0.0,
                    0.0,
                    0.0,
                    0.0,
                    0.0,
                    0.0,
                    0.0,
                    0.0,
                    0.0
                ],
                "eigen": [
                    1.2916545410156248,
                    1.2213011067708333,
                    1.172859578450521,
                    1.1342713216145832,
                    1.1001460774739584,
                    1.0711478678385415,
                    1.0441460774739584,
                    1.018353535970052,
                    0.9937632242838542,
                    0.9699840698242187,
                    0.9493816731770833,
                    0.9278819986979167,
                    0.9070940755208333,
                    0.8877805989583333,
                    0.86789013671875
                ],
                "fwd_val": [
                    4.489929911295573,
                    4.663188986460368,
                    3.8848204790751146,
                    5.5697045936584475,
                    4.054123467763264,
                    4.656642449696858,
                    3.0635643310546876,
                    2.179086193084717,
                    2.2052274182637532,
                    2.0528239466349283,
                    2.3287115783691408,
                    1.7440545132954917,
                    2.1640820630391437,
                    2.2901317583719893,
                    1.8190684026082355
                ]
            }
        }
    },
    "unit_circle_mse": {
        "gaussianElement": {
            "1e0": {
                "loss": [
                    14.258748372395834,
                    10.0541025390625,
                    9.092498046874999,
                    7.902621582031249,
                    6.427430501302084,
                    6.563078287760416,
                    5.42310986328125,
                    4.7786158854166665,
                    5.3608779296875,
                    5.93625,
                    4.8620556640625,
                    5.078064453125,
                    4.87190283203125,
                    4.6324366861979165,
                    4.950749674479167
                ],
                "iden": [
                    7.43510693359375,
                    4.576158040364583,
                    3.7046263834635416,
                    3.440576985677083,
                    2.7175098470052084,
                    2.8040913899739586,
                    2.4658447265625,
                    2.088868408203125,
                    2.5329803873697916,
                    2.8847138671875,
                    2.272003824869792,
                    2.395724527994792,
                    2.182466186523438,
                    2.251415445963542,
                    2.379664794921875
                ],
                "fwd": [
                    5.7813037109375,
                    4.552568766276043,
                    4.5470891927083334,
                    3.6800663248697916,
                    2.9730248209635413,
                    3.0625485026041663,
                    2.296566731770833,
                    2.060349365234375,
                    2.2264484049479165,
                    2.476995361328125,
                    2.0373268636067707,
                    2.1512272949218754,
                    2.1799256184895834,
                    1.8932152913411457,
                    2.104818074544271
                ],
                "bwd": [
                    0.0,
                    0.0,
                    0.0,
                    0.0,
                    0.0,
                    0.0,
                    0.0,
                    0.0,
                    0.0,
                    0.0,
                    0.0,
                    0.0,
                    0.0,
                    0.0,
                    0.0
                ],
                "cons": [
                    0.0,
                    0.0,
                    0.0,
                    0.0,
                    0.0,
                    0.0,
                    0.0,
                    0.0,
                    0.0,
                    0.0,
                    0.0,
                    0.0,
                    0.0,
                    0.0,
                    0.0
                ],
                "eigen": [
                    1.0423382771809895,
                    0.9253749186197916,
                    0.8407824096679688,
                    0.7819788004557292,
                    0.7368955281575521,
                    0.696438720703125,
                    0.6606986490885417,
                    0.6293981526692708,
                    0.6014490966796875,
                    0.5745409138997396,
                    0.5527252604166667,
                    0.5311124674479167,
                    0.509511260986328,
                    0.48780593872070316,
                    0.46626658121744796
                ],