{"unit_circle_mae": {"gaussianElement": {"1e0": {"loss": [12.232376562499999, 10.473503776041667, 9.071695540364582, 7.276285611979166, 6.805021093749999, 5.586829980468749, 5.7217375, 5.104365559895833, 4.991957796223958, 5.287136848958334, 4.945238427734375, 4.954602376302083, 4.5725322265625, 4.970529524739584, 4.5200398274739575, 4.580362076822917, 4.082620247395833, 4.291153857421874, 4.032722233072916, 3.954615299479166, 3.9034515625000004, 3.872255875651042, 3.8729353515624996, 3.989025537109375, 3.53387822265625, 3.8659991861979166, 3.9245366699218756, 3.999595638020833, 3.749482291666667, 4.171366503906251, 3.732922949218749, 4.062507747395833, 4.082986425781249, 3.53624775390625, 3.619990966796875, 3.5496307942708327, 3.5969386393229166, 3.395051692708334, 3.4242401204427084, 3.2231042154947915, 3.3994227539062503, 3.4749777506510418, 3.3313340169270833, 3.3183684570312493, 3.0152853352864586, 3.3710099446614588, 3.595217936197917, 3.227098209635417, 3.3233222981770827, 3.3885020670572916], "iden": [6.675513346354166, 5.158739892578126, 4.230568082682292, 3.243060172526042, 3.1121793294270836, 2.606399064127604, 2.6873653889973963, 2.4493152180989584, 2.4137663736979165, 2.6176824055989583, 2.468361979166667, 2.4673933512369794, 2.2812032307942705, 2.5016523356119795, 2.233991202799479, 2.2970821370442707, 2.0238903971354167, 2.1476321451822917, 1.9896308837890628, 1.939811303710937, 1.9099562825520835, 1.882132063802083, 1.9020507975260414, 1.9973622395833328, 1.7070498046874998, 1.9312770751953126, 1.9231467610677082, 2.0108192220052086, 1.802032820638021, 2.0977463216145837, 1.8399220296223961, 1.9873752115885412, 2.009015926106771, 1.713411165364583, 1.7661694254557292, 1.7292354654947917, 1.7372741292317708, 1.6280082275390626, 1.6409933268229164, 1.5241890706380208, 1.6251575846354167, 1.6516532470703127, 1.5906785400390626, 1.5741282389322917, 1.4054740804036459, 1.5979020019531247, 1.6998083251953124, 1.5345326985677084, 1.5565507161458334, 1.591167374674479], "fwd": [5.236862809244792, 4.994763785807292, 4.521127783203125, 3.7132255533854166, 3.372841829427083, 2.6604307942708334, 2.714372111002604, 2.3350502685546877, 2.258191284179688, 2.3494545084635416, 2.156876359049479, 2.167209025065104, 1.971328914388021, 2.148877075195313, 1.9660488199869792, 1.9632799235026042, 1.7387298746744795, 1.8235215738932298, 1.7230914225260414, 1.6948041259765623, 1.673495328776042, 1.6701238850911462, 1.6508844645182288, 1.6716633626302084, 1.5068284342447917, 1.6147220703124998, 1.6813898518880208, 1.6687762776692705, 1.6274494466145832, 1.753620174153646, 1.5730009440104167, 1.755132552083333, 1.7539704752604168, 1.502836580403646, 1.533821573893229, 1.5003953776041667, 1.5396643717447915, 1.4470435221354165, 1.4632468749999998, 1.3789150960286458, 1.4542652303059895, 1.5033245686848957, 1.420655582682292, 1.4242402587890626, 1.289811287434896, 1.4531079589843752, 1.5754095865885416, 1.3725655721028647, 1.4467715332031252, 1.4773346516927084], "bwd": [0.0, 0.0, 0.0, 0.0, 0.0, 0.0, 0.0, 0.0, 0.0, 0.0, 0.0, 0.0, 0.0, 0.0, 0.0, 0.0, 0.0, 0.0, 0.0, 0.0, 0.0, 0.0, 0.0, 0.0, 0.0, 0.0, 0.0, 0.0, 0.0, 0.0, 0.0, 0.0, 0.0, 0.0, 0.0, 0.0, 0.0, 0.0, 0.0, 0.0, 0.0, 0.0, 0.0, 0.0, 0.0, 0.0, 0.0, 0.0, 0.0, 0.0], "cons": [0.0, 0.0, 0.0, 0.0, 0.0, 0.0, 0.0, 0.0, 0.0, 0.0, 0.0, 0.0, 0.0, 0.0, 0.0, 0.0, 0.0, 0.0, 0.0, 0.0, 0.0, 0.0, 0.0, 0.0, 0.0, 0.0, 0.0, 0.0, 0.0, 0.0, 0.0, 0.0, 0.0, 0.0, 0.0, 0.0, 0.0, 0.0, 0.0, 0.0, 0.0, 0.0, 0.0, 0.0, 0.0, 0.0, 0.0, 0.0, 0.0, 0.0], "eigen": [0.32, 0.32, 0.32, 0.32, 0.32, 0.32, 0.32, 0.32, 0.32, 0.32, 0.32, 0.32, 0.32, 0.32, 0.32, 0.32, 0.32, 0.32, 0.32, 0.32, 0.32, 0.32, 0.32, 0.32, 0.32, 0.32, 0.32, 0.32, 0.32, 0.32, 0.32, 0.32, 0.32, 0.32, 0.32, 0.32, 0.32, 0.32, 0.32, 0.32, 0.32, 0.32, 0.32, 0.32, 0.32, 0.32, 0.32, 0.32, 0.32, 0.32], "fwd_val": [5.676396575673421, 5.162075860850016, 5.299554875183104, 3.6411296450297033, 3.00163085861206, 3.1104241528828935, 3.41599459660848, 2.2502113600413005, 2.6032930250803634, 2.629858232498169, 2.440100145594279, 2.083184968058268, 2.587958195622762, 2.155908665974935, 2.2921194702148435, 1.8928779469807944, 2.0639693930308027, 2.072237888209025, 2.1206022005716956, 1.9080632615407305, 1.6909848293304444, 2.717386145019531, 2.089931649780273, 1.7926803436279297, 1.8978286345163984, 2.170541585540772, 1.7933769732157392, 1.8299905231475828, 1.5980450756072997, 1.7434162068684893, 1.941873155721029, 1.9082668910980223, 1.6943197133382164, 1.7101010897318525, 1.8992915424346921, 1.7714663405100501, 1.7627032442728676, 1.826408996582031, 1.7314646611531574, 1.8284712277730306, 1.7371220060984292, 1.8042034086863201, 1.7665868766784667, 1.7963168947855628, 1.589489141082764, 1.5969803763071695, 1.8284891812642414, 1.7692617898305254, 1.5807626327514648, 1.5734911528269453]}}}, "unit_circle_mse": {"gaussianElement": {"1e0": {"loss": [11.882197135416668, 11.035480501302084, 8.94743173828125, 7.611915006510416, 6.508625032552084, 5.723318489583334, 5.766980110677083, 5.358762972005208, 5.347305973307292, 4.859332568359376, 4.9654827962239585, 4.815641764322916, 4.55454072265625, 4.499559244791667, 4.648495133463542, 4.32848193359375, 4.20321435546875, 4.387568245442709, 4.315514990234374, 4.0381180175781255, 4.348604801432291, 3.8976467285156247, 3.849974007161458, 4.108934016927083, 3.645595491536459, 3.8011879069010415, 3.9986976074218754, 3.604328304036459, 3.727497688802083, 4.13800439453125, 3.764819140625, 3.509505517578125, 3.6693917805989584, 3.391043424479167, 3.5171160481770825, 3.594726334635417, 3.3900516927083335, 3.821969905598958, 3.5442679524739575, 3.5854613444010415, 3.5681440266927082, 3.6212429199218756, 3.368742057291667, 3.3534057617187503, 3.42949091796875, 3.4888511881510413, 3.274801106770833, 3.2411364095052084, 3.491539208984375, 3.1758956705729164], "iden": [6.465390071614584, 5.575477766927084, 4.126210514322917, 3.5417085937500006, 3.0560425781249996, 2.656857486979166, 2.71102822265625, 2.5620464843749997, 2.596992114257812, 2.345368294270833, 2.487151538085938, 2.3935236328125002, 2.2274640869140625, 2.234900797526042, 2.3081222819010416, 2.1490964274088546, 2.0827625081380203, 2.1796253173828126, 2.144221948242188, 2.029574926757812, 2.1840436442057296, 1.8928225341796874, 1.8876996337890626, 2.047435913085937, 1.8155629882812503, 1.8548841796874997, 1.9815910807291666, 1.7684594238281248, 1.8348842936197918, 2.0257607421875, 1.8777493733723953, 1.6845607340494795, 1.7691314860026042, 1.6440763509114584, 1.6961822184244792, 1.7527000813802085, 1.6189914306640627, 1.829092390950521, 1.6717057210286461, 1.7390409016927082, 1.7093163330078125, 1.7061250488281252, 1.6100446614583332, 1.6237291666666667, 1.6202921549479166, 1.6715952067057294, 1.5469213134765627, 1.5212636474609373, 1.6172613444010415, 1.4804731282552084], "fwd": [5.096807080078124, 5.140002701822917, 4.501221223958334, 3.750206315104166, 3.132582600911459, 2.7464609863281253, 2.7359518229166673, 2.4767164388020837, 2.4303138509114586, 2.1939644124348954, 2.158331331380208, 2.1021180826822916, 2.0070766438802083, 1.9446583984375003, 2.020372810872396, 1.859385457356771, 1.8004516927083332, 1.8879428710937496, 1.8512930338541662, 1.6885429606119793, 1.8445611897786458, 1.6848241861979163, 1.642274373372396, 1.7414980631510413, 1.5100324381510417, 1.6263037027994796, 1.6971064046223958, 1.5158687988281252, 1.5726134195963541, 1.7922436767578127, 1.5670697998046872, 1.5049448567708335, 1.5802602783203126, 1.4269671549479166, 1.5009337727864582, 1.5220261881510415, 1.4510603230794272, 1.6728776448567706, 1.552562345377604, 1.5264205485026041, 1.538827726236979, 1.5951178141276041, 1.4386974731445312, 1.409676603190104, 1.4891986328124998, 1.4972560221354168, 1.4078798828125, 1.3998727457682292, 1.5542777994791668, 1.3754225504557291],