{"max": {"gaussianElement": {"1e0": {"loss": [39.84336328125, 20.376796875, 17.48240234375, 14.950552734375, 14.3830126953125], "iden": [22.0710234375, 9.438130859375, 8.3049951171875, 7.4120654296875, 7.29334375], "fwd": [17.23807421875, 9.9379404296875, 8.0608310546875, 6.40512939453125, 5.95553173828125], "bwd": [0.0, 0.0, 0.0, 0.0, 0.0], "cons": [0.0, 0.0, 0.0, 0.0, 0.0], "eigen": [0.5342591166496277, 1.0007266092300415, 1.116568557024002, 1.133355312347412, 1.1341407954692841], "fwd_val": [15.826932319641113, 10.86631925201416, 10.207370372772218, 6.614335008621216, 6.594389766693115]}}}, "average": {"gaussianElement": {"1e0": {"loss": [36.55709375, 27.06468359375, 21.441384765625, 14.33078515625, 14.594376953125], "iden": [19.898517578125, 13.7289189453125, 9.95994921875, 7.21274609375, 7.595748046875], "fwd": [16.425537109375, 13.0700556640625, 11.1934306640625, 6.79585546875, 6.64713916015625], "bwd": [0.0, 0.0, 0.0, 0.0, 0.0], "cons": [0.0, 0.0, 0.0, 0.0, 0.0], "eigen": [0.2330424055457115, 0.26570817530155183, 0.2880053558945656, 0.32218209624290467, 0.3514906251430511], "fwd_val": [10.103300971984863, 11.312876941680909, 8.244415172576904, 8.27909905052185, 5.789774812698364]}}}, "inverse": {"gaussianElement": {"1e0": {"loss": [315.28803125, 279.08528125, 108.2746953125, 106.5701484375, 126.683421875], "iden": [19.6933125, 11.297306640625, 8.5913935546875, 9.6324990234375, 7.95508984375], "fwd": [19.429865234375, 12.1277802734375, 7.543333984375, 9.0189365234375, 7.1013017578125], "bwd": [0.0, 0.0, 0.0, 0.0, 0.0], "cons": [0.0, 0.0, 0.0, 0.0, 0.0], "eigen": [276.1647718880208, 255.66006440902504, 92.13998565891553, 87.91871110716237, 111.62703594319892], "fwd_val": [12.37651127243042, 10.597615535736084, 13.702260856628419, 7.360949653625489, 7.959282440185547]}}}, "unit_circle": {"gaussianElement": {"1e0": {"loss": [49.24280859375, 40.59051953125, 37.07725, 36.767578125, 32.432189453125], "iden": [14.075734375, 10.5606552734375, 9.83212109375, 9.9868291015625, 7.772955078125], "fwd": [14.884220703125, 10.7936923828125, 8.6227646484375, 8.4950029296875, 6.62175244140625], "bwd": [0.0, 0.0, 0.0, 0.0, 0.0], "cons": [0.0, 0.0, 0.0, 0.0, 0.0], "eigen": [20.282856159210205, 19.23617500305176, 18.6223642539978, 18.285736026763917, 18.037485008239745], "fwd_val": [15.023649089813233, 7.368927532196045, 9.83951745223999, 10.391631309509277, 8.554535514831542]}}}, "none": {"gaussianElement": {"1e0": {"loss": [36.4207421875, 16.935517578125, 17.23503125, 14.8575107421875, 17.004998046875], "iden": [19.063734375, 8.72979296875, 9.2645302734375, 7.9753515625, 9.1554912109375], "fwd": [17.357009765625, 8.2057216796875, 7.9705029296875, 6.8821591796875, 7.84950439453125], "bwd": [0.0, 0.0, 0.0, 0.0, 0.0], "cons": [0.0, 0.0, 0.0, 0.0, 0.0], "eigen": [0.0, 0.0, 0.0, 0.0, 0.0], "fwd_val": [12.678838649749755, 11.30442380142212, 10.04947721862793, 8.86560210800171, 7.3947217044830325]}}, "gaussianEigen": {"1e0": {"loss": [41.20865625, 19.3183515625, 19.67032421875, 16.936912109375, 13.983671875], "iden": [23.141255859375, 10.5817509765625, 10.5849111328125, 9.3349375, 7.86653662109375], "fwd": [18.0673984375, 8.7366015625, 9.0854140625, 7.60197314453125, 6.1171328125], "bwd": [0.0, 0.0, 0.0, 0.0, 0.0], "cons": [0.0, 0.0, 0.0, 0.0, 0.0], "eigen": [0.0, 0.0, 0.0, 0.0, 0.0], "fwd_val": [12.888261653900146, 12.491947647094726, 7.946971794128418, 7.516757621765136, 6.718861545562744]}}, "doubleGaussianEigen": {"1e0": {"loss": [55.63673046875, 25.6175234375, 17.9451171875, 17.12357421875, 13.0007705078125], "iden": [25.1712109375, 13.1292919921875, 9.230935546875, 8.5278076171875, 6.79930078125], "fwd": [30.46551953125, 12.4882265625, 8.7141865234375, 8.595763671875, 6.20146533203125], "bwd": [0.0, 0.0, 0.0, 0.0, 0.0], "cons": [0.0, 0.0, 0.0, 0.0, 0.0], "eigen": [0.0, 0.0, 0.0, 0.0, 0.0], "fwd_val": [18.751845878601074, 14.227552124023438, 9.010801692962646, 5.671226285934448, 8.683943599700928]}}, "uniformEigen": {"1e0": {"loss": [42.95122265625, 21.881361328125, 19.18766796875, 18.706013671875, 17.502591796875], "iden": [23.0245703125, 10.212974609375, 9.707787109375, 9.138001953125, 8.99007421875], "fwd": [19.926650390625, 11.668384765625, 9.479876953125, 9.568009765625, 8.512517578125], "bwd": [0.0, 0.0, 0.0, 0.0, 0.0], "cons": [0.0, 0.0, 0.0, 0.0, 0.0], "eigen": [0.0, 0.0, 0.0, 0.0, 0.0], "fwd_val": [15.796899536132813, 10.963600105285645, 11.548477264404298, 10.86838889503479, 8.228806129455567]}}, "svdElement": {"1e0": {"loss": [32.549615234375, 29.44841015625, 17.011845703125, 14.91930859375, 13.001625], "iden": [18.244498046875, 16.435544921875, 9.2141630859375, 8.2949931640625, 7.04879736328125], "fwd": [14.30512109375, 13.012869140625, 7.7976845703125, 6.62431640625, 5.95282861328125], "bwd": [0.0, 0.0, 0.0, 0.0, 0.0], "cons": [0.0, 0.0, 0.0, 0.0, 0.0], "eigen": [0.0, 0.0, 0.0, 0.0, 0.0], "fwd_val": [19.898096214294434, 11.795489589691162, 8.38611513710022, 8.251679676055907, 5.983270189285278]}}, "unitPerturbEigen": {"1e0": {"loss": [45.89683984375, 21.10410546875, 17.021603515625, 17.40534375, 14.5170556640625], "iden": [25.110212890625, 10.89876171875, 9.089150390625, 8.94359375, 7.6324033203125], "fwd": [20.786625, 10.20534765625, 7.93245361328125, 8.4617529296875, 6.8846513671875], "bwd": [0.0, 0.0, 0.0, 0.0, 0.0], "cons": [0.0, 0.0, 0.0, 0.0, 0.0], "eigen": [0.0, 0.0, 0.0, 0.0, 0.0], "fwd_val": [12.527640830993652, 9.01663589477539, 10.176351623535156, 7.28573775100708, 10.686367080688477]}}}}