{"unit_circle_mae": {"gaussianElement": {"1e0": {"loss": [14.026204882812502, 12.089839453125, 9.548893847656249, 8.583420703124998, 7.55695234375], "iden": [7.155023681640626, 5.619351416015625, 4.065421899414062, 3.484319506835938, 3.174665368652344], "fwd": [5.589480322265625, 5.2606259521484375, 4.325888208007813, 3.983634228515625, 3.3041597412109374], "bwd": [0.0, 0.0, 0.0, 0.0, 0.0], "cons": [0.0, 0.0, 0.0, 0.0, 0.0], "eigen": [1.2817008422851563, 1.2098624633789063, 1.1575837524414063, 1.1154670043945312, 1.0781269897460937], "fwd_val": [5.328893278121948, 4.148203534317017, 4.44962423095703, 3.6396698509216305, 3.229265962028504]}}}, "unit_circle_mse": {"gaussianElement": {"1e0": {"loss": [13.6838927734375, 11.582111083984376, 9.833584912109377, 7.8724642089843755, 6.8049333984375], "iden": [7.06454736328125, 5.382818139648437, 4.1715509765625, 3.2728111572265624, 2.8814674316406252], "fwd": [5.5786703613281245, 5.274866503906251, 4.81508857421875, 3.812331811523437, 3.185842797851562], "bwd": [0.0, 0.0, 0.0, 0.0, 0.0], "cons": [0.0, 0.0, 0.0, 0.0, 0.0], "eigen": [1.0406751098632814, 0.9244261169433594, 0.8469451660156251, 0.7873210266113283, 0.737623016357422], "fwd_val": [4.612180773544312, 5.344614554214476, 4.397082324600221, 4.000246292495727, 4.204663910293579]}}}, "none": {"gaussianElement": {"1e0": {"loss": [15.369253808593749, 12.720280273437501, 10.111510400390625, 8.688904736328125, 7.364096679687501], "iden": [7.709433447265624, 5.78967939453125, 4.124345971679687, 3.3203048339843746, 2.794025537109375], "fwd": [6.059819946289062, 5.330600903320312, 4.387164453125001, 3.768599829101563, 2.9700713867187503], "bwd": [0.0, 0.0, 0.0, 0.0, 0.0], "cons": [0.0, 0.0, 0.0, 0.0, 0.0], "eigen": [1.5999999999999999, 1.5999999999999999, 1.5999999999999999, 1.5999999999999999, 1.5999999999999999], "fwd_val": [5.393678314590454, 5.088234861373901, 4.134787885665893, 3.26757931022644, 3.084827146911621]}}}}