{"none": {"newInit": {"1e0": {"loss": [0.2640147773823963, 0.1961020273705051, 0.1447523468342727, 0.11915560276722437, 0.10314970437431625, 0.09375630325015459, 0.09332928708336306, 0.08639343586867983, 0.08619931016338471, 0.08425551462391197, 0.08475757987894787, 0.08588928965854499, 0.0845077166274258, 0.08331316943582334, 0.08356093082979571, 0.08495768833015244, 0.08157310079403302, 0.08245026285064093, 0.081966043643574, 0.08292888484589041], "iden": [0.0, 0.0, 0.0, 0.0, 0.0, 0.0, 0.0, 0.0, 0.0, 0.0, 0.0, 0.0, 0.0, 0.0, 0.0, 0.0, 0.0, 0.0, 0.0, 0.0], "fwd": [0.1982613759498074, 0.13034860271297088, 0.07899892449923301, 0.0534021850771737, 0.03739627507179295, 0.028002877431373075, 0.027575860683957915, 0.020640015856134657, 0.020445876215872336, 0.018502092288872243, 0.01900415231829546, 0.020135863839763485, 0.018754293131138817, 0.01755974013330004, 0.01780750181758422, 0.01920426222105912, 0.015819679039616924, 0.016696841676848484, 0.016212621308534295, 0.01717546425272159], "bwd": [0.0, 0.0, 0.0, 0.0, 0.0, 0.0, 0.0, 0.0, 0.0, 0.0, 0.0, 0.0, 0.0, 0.0, 0.0, 0.0, 0.0, 0.0, 0.0, 0.0], "cons": [0.0, 0.0, 0.0, 0.0, 0.0, 0.0, 0.0, 0.0, 0.0, 0.0, 0.0, 0.0, 0.0, 0.0, 0.0, 0.0, 0.0, 0.0, 0.0, 0.0], "eigen": [0.06575342465753424, 0.06575342465753424, 0.06575342465753424, 0.06575342465753424, 0.06575342465753424, 0.06575342465753424, 0.06575342465753424, 0.06575342465753424, 0.06575342465753424, 0.06575342465753424, 0.06575342465753424, 0.06575342465753424, 0.06575342465753424, 0.06575342465753424, 0.06575342465753424, 0.06575342465753424, 0.06575342465753424, 0.06575342465753424, 0.06575342465753424, 0.06575342465753424], "fwd_val": [0.13984410863887606, 0.09102695514870407, 0.06265635504494799, 0.04007178242655768, 0.03460746442062267, 0.02371584559664314, 0.02529234433935588, 0.02066026620818797, 0.0191842024397031, 0.019344846987461955, 0.022984023407397577, 0.02219451905512643, 0.0175369399421265, 0.02051146438828221, 0.02172960104221819, 0.019899361599406695, 0.017800479319488496, 0.020444361332022112, 0.021385487878892093, 0.017551829937447545], "testAccuracy": [0.02599520655348897, 0.040804755253096424, 0.037033801122258105, 0.05061613690728942, 0.0605515370455881, 0.06617327965795994, 0.05568258464336395, 0.062372044349710144, 0.06853937543928623, 0.0671008291343848, 0.06246976678570112, 0.055859215557575226, 0.04814542643725872, 0.04004868430395921, 0.03757548456390699, 0.03337103376785914, 0.03690554294735193, 0.03987263888120651, 0.04124497932692369, 0.035753085588415466, 0.033756998367607594, 0.03234866075217724, 0.0290861576795578, 0.02887699566781521, 0.029729153340061504, 0.02830372719715039, 0.025625826480487984, 0.0225963123763601, 0.02216887877633174], "testStd": [0.01431026527846018, 0.028338139377041792, 0.027376002771730926, 0.03675579675689164, 0.029700072640096328, 0.021386989360325563, 0.016720024211477766, 0.01738874720986524, 0.020799702847699948, 0.029352421933220095, 0.023996778311537705, 0.017314083259658223, 0.010775707877905851, 0.007125519755903393, 0.009790466781543607, 0.0076406667146905844, 0.008383142131438145, 0.006873760554213917, 0.00709310134696694, 0.005029166766050528, 0.0036392743456140856, 0.0023285257925382778, 0.003594102064062771, 0.0029021650982361167, 0.00483069412132659, 0.006498329924882975, 0.004090551463490655, 0.0038347263814522956, 0.0028915152436267432]}}}}