{"unit_circle_mse": {"gaussianElement": {"1e0": {"loss": [0.8499385561261859, 0.9192822138468426, 0.8072833197457451, 0.778777976263137, 0.7601667449587868, 0.7478955950055803, 0.7334667387462798, 0.7210593041919526, 0.70504606791905, 0.6910788399832589, 0.67518675667899, 0.661521530151367, 0.6479867026919411, 0.6301361538115001, 0.6171470097133092, 0.5995787529718309, 0.5872133527483259, 0.5748980930873325, 0.5506914683750698, 0.5369856561933245, 0.5137154034205846, 0.5006217411586217, 0.4893256641569591, 0.4723066647847493, 0.452326420375279, 0.44089081173851385, 0.43060235523042223, 0.42151487668355303, 0.4185286181313651, 0.4157629330952962, 0.4216788609822591, 0.4200411001841228, 0.39405600002833774, 0.3995756762368339, 0.41492629505339124, 0.392377469653175, 0.38541080384027393, 0.3883159296853202, 0.39599595296950574, 0.37600442114330473, 0.378402971086048, 0.3706083320436024, 0.3683872336433047, 0.36964946247282476, 0.3694211301349458, 0.37185508410135903, 0.365391492843628, 0.3693372930799212, 0.36655988012041363, 0.36512045633225215], "iden": [0.0, 0.0, 0.0, 0.0, 0.0, 0.0, 0.0, 0.0, 0.0, 0.0, 0.0, 0.0, 0.0, 0.0, 0.0, 0.0, 0.0, 0.0, 0.0, 0.0, 0.0, 0.0, 0.0, 0.0, 0.0, 0.0, 0.0, 0.0, 0.0, 0.0, 0.0, 0.0, 0.0, 0.0, 0.0, 0.0, 0.0, 0.0, 0.0, 0.0, 0.0, 0.0, 0.0, 0.0, 0.0, 0.0, 0.0, 0.0, 0.0, 0.0], "fwd": [0.8492781593686057, 0.9186304183233351, 0.8066337222144716, 0.778129886445545, 0.7595202582223075, 0.7472505932762509, 0.7328231221153623, 0.7204169636680966, 0.7044051215762185, 0.6904392514910016, 0.6745484306698755, 0.6608844484601701, 0.6473509198143369, 0.6295016924540203, 0.6165136882237024, 0.5989464487348284, 0.5865819749378024, 0.5742674736749558, 0.5500615710303897, 0.5363563991728283, 0.5130868230547223, 0.4999937965756371, 0.48869821911766403, 0.47167963300432475, 0.4516997291928246, 0.44026445888337634, 0.42997626577104847, 0.4208889893123082, 0.4179028579166958, 0.41513724100022087, 0.421053223382859, 0.41941543079557875, 0.39343023527236215, 0.3989498660677956, 0.4143003895169213, 0.39175147101992647, 0.3847847552526565, 0.38768974712916776, 0.39536958194914323, 0.375377927507673, 0.3777764433906192, 0.3699817089807419, 0.3677604766119094, 0.3690225669315883, 0.36879412333170575, 0.3712279115404401, 0.36476413863045826, 0.36870979354495087, 0.36593226705278664, 0.3644926979428246], "bwd": [0.0, 0.0, 0.0, 0.0, 0.0, 0.0, 0.0, 0.0, 0.0, 0.0, 0.0, 0.0, 0.0, 0.0, 0.0, 0.0, 0.0, 0.0, 0.0, 0.0, 0.0, 0.0, 0.0, 0.0, 0.0, 0.0, 0.0, 0.0, 0.0, 0.0, 0.0, 0.0, 0.0, 0.0, 0.0, 0.0, 0.0, 0.0, 0.0, 0.0, 0.0, 0.0, 0.0, 0.0, 0.0, 0.0, 0.0, 0.0, 0.0, 0.0], "cons": [0.0, 0.0, 0.0, 0.0, 0.0, 0.0, 0.0, 0.0, 0.0, 0.0, 0.0, 0.0, 0.0, 0.0, 0.0, 0.0, 0.0, 0.0, 0.0, 0.0, 0.0, 0.0, 0.0, 0.0, 0.0, 0.0, 0.0, 0.0, 0.0, 0.0, 0.0, 0.0, 0.0, 0.0, 0.0, 0.0, 0.0, 0.0, 0.0, 0.0, 0.0, 0.0, 0.0, 0.0, 0.0, 0.0, 0.0, 0.0, 0.0, 0.0], "eigen": [0.0006603790890602838, 0.0006517919090886911, 0.0006496045960202103, 0.0006480855290733633, 0.0006465062410348939, 0.0006449947843239421, 0.0006436174646729516, 0.0006423369138723327, 0.0006409584145460811, 0.0006395878137222358, 0.000638330155717475, 0.0006371034397965387, 0.0006357674753027303, 0.0006344622976723173, 0.0006333043222271261, 0.0006323016248643399, 0.0006313923524603958, 0.0006306190309779984, 0.0006299131017710481, 0.0006292587500952539, 0.0006285878607914561, 0.0006279372299710911, 0.0006274261245770114, 0.0006270255449981917, 0.0006266952137507144, 0.0006263717831600281, 0.0006260796006591547, 0.0006258816724377019, 0.0006257707785282817, 0.0006256936384098869, 0.000625643932393619, 0.0006256677476423127, 0.0006257566667738414, 0.000625813180314643, 0.0006259037314781119, 0.0006260033962982041, 0.00062604480023895, 0.00062618533238059, 0.0006263730027491138, 0.0006264951567919482, 0.0006265275446431979, 0.0006266212977823757, 0.0006267600958900793, 0.0006268917449883052, 0.0006270052599055425, 0.0006271646668513616, 0.0006273551267527399, 0.000627504266975891, 0.0006276144069575128, 0.0006277581854235558], "time": [1.8640418529510498, 4.2689687490463255, 6.685536646842957, 9.10195734500885, 11.520861768722535, 13.9344717502594, 16.349055194854735, 18.764358282089233, 21.171311259269714, 23.583343505859375, 26.008002877235413, 28.4220529794693, 30.83380353450775, 33.251443362236024, 35.66447639465332, 38.082456064224246, 40.49917290210724, 42.91318006515503, 45.335071969032285, 47.7560809135437, 50.172731614112855, 52.58453962802887, 55.00595614910126, 57.42442648410797, 59.84390826225281, 62.25886998176575, 64.6784875869751, 67.0948430776596, 69.5160621881485, 71.93822808265686, 74.35308499336243, 76.77186148166656, 79.18872244358063, 81.60761849880218, 84.02705743312836, 86.44419503211975, 88.8683319568634, 91.28525657653809, 93.7035754442215, 96.12149920463563, 98.53903365135193, 100.95556364059448, 103.3759575843811, 105.79451034069061, 108.21216034889221, 110.62862577438355, 113.04939835071563, 115.47142760753631, 117.894975066185, 120.31379997730255], "fwd_val": [2.9423479504055448, 2.509714380900065, 2.3025836732652456, 2.217795774671766, 2.1470030042860246, 2.0743240992228187, 2.0264068603515626, 1.9542031817966037, 1.8855704625447594, 1.8029318703545463, 1.74543301264445, 1.6630745993720162, 1.5924538294474284, 1.513936954074436, 1.4368669191996257, 1.3504622035556368, 1.2822215927971734, 1.2137943161858453, 1.0837307188245986, 0.9959124830034043, 0.9134542306264241, 0.8757600943247479, 0.7796407328711616, 0.6708196507559883, 0.6296939902835421, 0.5367570320765178, 0.4980229033364189, 0.505175420973036, 0.43059535556369355, 0.4580575307210287, 0.4894572112295362, 0.3784849233097501, 0.3614872256914775, 0.4009455309973823, 0.3505912608570522, 0.32179425424999664, 0.32712828450732756, 0.40185047652986317, 0.2520684348212348, 0.2655533379978604, 0.2293990241156684, 0.2224577122264438, 0.2230790111753676, 0.21178471512264677, 0.22451569504208035, 0.2002418902185228, 0.21164536343680487, 0.22080367803573608, 0.20069157679875693, 0.2053481618563334], "testAccuracy": [0.07883219420909882, 0.06726481765508652, 0.053905874490737915, 0.052645161747932434, 0.04880976676940918, 0.04928794503211975, 0.04914230853319168, 0.048651110380887985, 0.05357703939080238, 0.04848837852478027, 0.05005328357219696, 0.05422065034508705, 0.05388373136520386, 0.053201690316200256, 0.05381089076399803], "testStd": [0.0, 0.0, 0.0, 0.0, 0.0, 0.0, 0.0, 0.0, 0.0, 0.0, 0.0, 0.0, 0.0, 0.0, 0.0]}}}}