{"none": {"xavierElement": {"1e0": {"loss": [1.297359587654235, 1.6653137509785, 1.1623187594943578, 1.1058309645879838, 1.0701273055303664, 1.0344736613924541, 1.0082711719331288, 1.0063799297998821, 1.0113848731631323, 0.9720875573536706, 0.9584426274375311, 0.9414054022894965, 0.9648646400088357, 0.9515395088801308, 0.9122615995861235, 0.9130426134381976, 0.9036343892415365, 0.8816369374593099, 0.8871881394159228, 0.8661278618706597, 0.8747821686759828, 0.9069550226605129, 0.8801481458875869, 0.8595746963743179, 0.858250966147771, 0.8683894929431734, 0.8564081040639726, 0.8518790895976718, 0.8762680235363188, 0.8572835165356832, 0.8663682483491444, 0.8543575831821987, 0.865824926467169, 0.8978632064092728, 0.8776005336216519, 0.8596946171351841, 0.8626171293712798, 0.8658882625519283, 0.8551566411578465, 0.8490267859564886, 0.8940304650200738, 0.864356903802781, 0.8712761591351222, 0.8744197421603733, 0.8545273069351439, 0.8565039559016152, 0.8453842647491939, 0.8755535246833922, 0.8714249928792318, 0.8597450256347656], "iden": [0.0, 0.0, 0.0, 0.0, 0.0, 0.0, 0.0, 0.0, 0.0, 0.0, 0.0, 0.0, 0.0, 0.0, 0.0, 0.0, 0.0, 0.0, 0.0, 0.0, 0.0, 0.0, 0.0, 0.0, 0.0, 0.0, 0.0, 0.0, 0.0, 0.0, 0.0, 0.0, 0.0, 0.0, 0.0, 0.0, 0.0, 0.0, 0.0, 0.0, 0.0, 0.0, 0.0, 0.0, 0.0, 0.0, 0.0, 0.0, 0.0, 0.0], "fwd": [0.8211691114637586, 1.1891233202010867, 0.6861282227531312, 0.629640503535195, 0.5939368142022027, 0.5582832608904157, 0.5320806806049649, 0.5301894384717184, 0.5351943666972812, 0.49589711143856957, 0.4822521815224299, 0.4652149109613328, 0.48867410326760913, 0.47534907810271737, 0.43607115367102245, 0.43685210697234617, 0.4274439281887479, 0.4054464764065213, 0.41099766322544645, 0.38993741595555864, 0.3985917227608817, 0.43076454647003654, 0.40395768483479816, 0.3833841899084667, 0.3820604975261386, 0.3921989713396345, 0.38021761273580884, 0.37568859826950796, 0.40007754734584267, 0.3810930857582698, 0.39017780243404326, 0.37816704644097215, 0.3896344502766927, 0.42167272264995276, 0.4014101028442383, 0.38350414094470797, 0.3864266834561787, 0.3896978014991397, 0.3789661649673704, 0.37283629462832496, 0.41784001153612893, 0.3881664276123047, 0.3950856829446459, 0.3982292659698971, 0.3783368610200428, 0.380313479711139, 0.3691937582833426, 0.3993630863371349, 0.3952345091199118, 0.3835545343066018], "bwd": [0.0, 0.0, 0.0, 0.0, 0.0, 0.0, 0.0, 0.0, 0.0, 0.0, 0.0, 0.0, 0.0, 0.0, 0.0, 0.0, 0.0, 0.0, 0.0, 0.0, 0.0, 0.0, 0.0, 0.0, 0.0, 0.0, 0.0, 0.0, 0.0, 0.0, 0.0, 0.0, 0.0, 0.0, 0.0, 0.0, 0.0, 0.0, 0.0, 0.0, 0.0, 0.0, 0.0, 0.0, 0.0, 0.0, 0.0, 0.0, 0.0, 0.0], "cons": [0.0, 0.0, 0.0, 0.0, 0.0, 0.0, 0.0, 0.0, 0.0, 0.0, 0.0, 0.0, 0.0, 0.0, 0.0, 0.0, 0.0, 0.0, 0.0, 0.0, 0.0, 0.0, 0.0, 0.0, 0.0, 0.0, 0.0, 0.0, 0.0, 0.0, 0.0, 0.0, 0.0, 0.0, 0.0, 0.0, 0.0, 0.0, 0.0, 0.0, 0.0, 0.0, 0.0, 0.0, 0.0, 0.0, 0.0, 0.0, 0.0, 0.0], "eigen": [0.4761904761904761, 0.4761904761904761, 0.4761904761904761, 0.4761904761904761, 0.4761904761904761, 0.4761904761904761, 0.4761904761904761, 0.4761904761904761, 0.4761904761904761, 0.4761904761904761, 0.4761904761904761, 0.4761904761904761, 0.4761904761904761, 0.4761904761904761, 0.4761904761904761, 0.4761904761904761, 0.4761904761904761, 0.4761904761904761, 0.4761904761904761, 0.4761904761904761, 0.4761904761904761, 0.4761904761904761, 0.4761904761904761, 0.4761904761904761, 0.4761904761904761, 0.4761904761904761, 0.4761904761904761, 0.4761904761904761, 0.4761904761904761, 0.4761904761904761, 0.4761904761904761, 0.4761904761904761, 0.4761904761904761, 0.4761904761904761, 0.4761904761904761, 0.4761904761904761, 0.4761904761904761, 0.4761904761904761, 0.4761904761904761, 0.4761904761904761, 0.4761904761904761, 0.4761904761904761, 0.4761904761904761, 0.4761904761904761, 0.4761904761904761, 0.4761904761904761, 0.4761904761904761, 0.4761904761904761, 0.4761904761904761, 0.4761904761904761], "time": [2.2459401289621987, 4.532481114069621, 6.662052710851033, 8.771047194798788, 10.884633302688599, 12.996193647384644, 15.12562902768453, 17.243059396743774, 19.365500926971436, 21.483211596806843, 23.60377510388692, 25.732083797454834, 27.868651072184246, 29.990101496378582, 32.10087728500366, 34.22737797101339, 36.354533672332764, 38.47375297546387, 40.61186663309733, 42.78288714090983, 44.902827739715576, 47.032336155573525, 49.15907231966654, 51.28567941983541, 53.411497831344604, 55.542295376459755, 57.69846820831299, 59.82868949572245, 61.95758891105652, 64.09279537200928, 66.21306904157002, 68.31720264752705, 70.44110870361328, 72.55901225407918, 74.66642657915752, 76.79376331965129, 78.90840260187785, 81.0353479385376, 83.18252333005269, 85.31718929608662, 87.47769975662231, 89.6117483774821, 91.75230288505554, 93.88457489013672, 96.01624011993408, 98.14677381515503, 100.28821635246277, 102.42429105440776, 104.54644409815471, 106.67479721705119], "fwd_val": [4.456749810112847, 2.0875596646909362, 1.630792158621329, 1.4626571867201064, 1.3098787731594508, 1.1253935849225079, 1.0060439286408602, 1.0614403971919306, 0.9590761749832718, 0.8087326155768501, 0.7890822622511121, 0.7444318135579427, 0.8305831838537147, 0.6298147837320963, 0.6531905244897914, 0.5548372975102177, 0.5237769020928277, 0.4465220151124177, 0.3581935564676921, 0.34010578084875037, 0.47615964324386034, 0.48769055472479933, 0.3027058707343208, 0.33141877916124135, 0.27369762350011756, 0.30907612376742893, 0.26965139530323173, 0.27377159507186327, 0.2663898997836643, 0.3192158186877216, 0.2483297277379919, 0.32225158479478627, 0.35217052035861546, 0.4404778480529785, 0.31494893851103606, 0.32476596479062675, 0.29999532522978606, 0.33678430981106233, 0.2522075087935836, 0.41614424740826644, 0.34319405202512393, 0.33849635830631963, 0.4064648416307237, 0.2864616093812165, 0.27954075071546763, 0.2446613046858046, 0.2817600568135579, 0.4264933268229167, 0.3150842101485641, 0.24395545765205665], "testAccuracy": [0.06690672039985657, 0.0660330057144165, 0.06900952011346817, 0.06109704077243805, 0.07134329527616501, 0.06151372939348221, 0.08133745193481445, 0.06291016936302185, 0.079295814037323, 0.05777311697602272, 0.06935273110866547, 0.057300470769405365, 0.06061210483312607, 0.05953725799918175, 0.05791506916284561], "testStd": [0.0, 0.0, 0.0, 0.0, 0.0, 0.0, 0.0, 0.0, 0.0, 0.0, 0.0, 0.0, 0.0, 0.0, 0.0]}}, "uniformEigen": {"1e0": {"loss": [8.777561490497892, 4.506753830682664, 1.6189685397677953, 0.9981482672312904, 1.2773803226531497, 0.9914323715936569, 0.9398669893779452, 0.894437729366242, 0.9472053164527531, 0.9394915141756573, 1.2264386131649927, 0.9829716455368768, 0.9770037635924324, 0.9493442414298889, 0.8986067696223183, 0.9264886038643972, 0.8882321857270741, 0.8812156253390842, 0.8686530703590029, 0.8804438152010478, 0.8848760998438275, 0.8871370043073382, 1.2604000454857236, 1.3209358699738034, 0.9352474818153986, 0.9796369037930927, 0.9875403812953403, 0.8798935299827938, 0.9074917747860862, 0.877433867681594, 0.9344437917073568, 0.8771017165411087, 0.8867153288826111, 0.8781424325609963, 0.8849807920910063, 0.8910065605526879, 0.8702600569952103, 0.8993456401522198, 0.903716556609623, 0.922351806882828, 0.8873762100461929, 0.8891804710267083, 0.89432250128852, 0.865914299374535, 0.8994912041558161, 0.8843694111657521, 0.8823302738250248, 0.8732185969277033, 0.8707411024305557, 0.8798597426641556], "iden": [0.0, 0.0, 0.0, 0.0, 0.0, 0.0, 0.0, 0.0, 0.0, 0.0, 0.0, 0.0, 0.0, 0.0, 0.0, 0.0, 0.0, 0.0, 0.0, 0.0, 0.0, 0.0, 0.0, 0.0, 0.0, 0.0, 0.0, 0.0, 0.0, 0.0, 0.0, 0.0, 0.0, 0.0, 0.0, 0.0, 0.0, 0.0, 0.0, 0.0, 0.0, 0.0, 0.0, 0.0, 0.0, 0.0, 0.0, 0.0, 0.0, 0.0],