{"none": {"gaussianElement": {"1e0": {"loss": [1.3123537699381511, 1.5339914957682292, 1.2034906659807478, 1.1399353572300501, 1.4615129743303572, 1.1866772969563801, 1.1501533871605283, 1.128597622825986, 1.090503874279204, 1.1001723153250558, 1.0576260884602864, 1.0515186673118955, 1.0447342282249814, 1.0313470931280226, 1.0210745675223214, 1.0087736220586867, 1.0012325105212985, 0.9896374657040551, 0.9780346098400298, 0.9741155533563524, 0.9622760954357329, 0.9541698637462798, 0.9480232965378534, 0.9426254999069941, 0.9403363182431176, 0.9222421191987538, 0.9266146705264137, 0.9099562508719308, 0.9235732668922061, 0.8918282645089286], "iden": [0.0, 0.0, 0.0, 0.0, 0.0, 0.0, 0.0, 0.0, 0.0, 0.0, 0.0, 0.0, 0.0, 0.0, 0.0, 0.0, 0.0, 0.0, 0.0, 0.0, 0.0, 0.0, 0.0, 0.0, 0.0, 0.0, 0.0, 0.0, 0.0, 0.0], "fwd": [0.8361632937476748, 1.0578011104038783, 0.727300280616397, 0.6637448356265113, 0.9853224981398809, 0.7104867753528413, 0.6739629109700521, 0.6524071466355097, 0.6143133980887276, 0.623981793721517, 0.5814356122698102, 0.5753281911214193, 0.5685437520345052, 0.5551566169375465, 0.5448840913318452, 0.5325831912812733, 0.5250420343308222, 0.5134469441005162, 0.5018441336495536, 0.49792507716587614, 0.48608571007138207, 0.47797938755580355, 0.4718328203473772, 0.46643506912958055, 0.46414584205264137, 0.44605164300827754, 0.4504241489228748, 0.4337657292683919, 0.44738283611479257, 0.4156377883184524], "bwd": [0.0, 0.0, 0.0, 0.0, 0.0, 0.0, 0.0, 0.0, 0.0, 0.0, 0.0, 0.0, 0.0, 0.0, 0.0, 0.0, 0.0, 0.0, 0.0, 0.0, 0.0, 0.0, 0.0, 0.0, 0.0, 0.0, 0.0, 0.0, 0.0, 0.0], "cons": [0.0, 0.0, 0.0, 0.0, 0.0, 0.0, 0.0, 0.0, 0.0, 0.0, 0.0, 0.0, 0.0, 0.0, 0.0, 0.0, 0.0, 0.0, 0.0, 0.0, 0.0, 0.0, 0.0, 0.0, 0.0, 0.0, 0.0, 0.0, 0.0, 0.0], "eigen": [0.47619047619047616, 0.47619047619047616, 0.47619047619047616, 0.47619047619047616, 0.47619047619047616, 0.47619047619047616, 0.47619047619047616, 0.47619047619047616, 0.47619047619047616, 0.47619047619047616, 0.47619047619047616, 0.47619047619047616, 0.47619047619047616, 0.47619047619047616, 0.47619047619047616, 0.47619047619047616, 0.47619047619047616, 0.47619047619047616, 0.47619047619047616, 0.47619047619047616, 0.47619047619047616, 0.47619047619047616, 0.47619047619047616, 0.47619047619047616, 0.47619047619047616, 0.47619047619047616, 0.47619047619047616, 0.47619047619047616, 0.47619047619047616, 0.47619047619047616], "time": [1.8740808963775635, 4.204153776168823, 6.545891284942627, 8.862945556640625, 11.246622085571289, 13.624561548233032, 15.955827951431274, 18.316738605499268, 20.704739332199097, 23.08147644996643, 25.44047522544861, 27.782774448394775, 30.15386700630188, 32.49131226539612, 34.84520888328552, 37.206273555755615, 39.54783296585083, 41.89572763442993, 44.24912405014038, 46.58807682991028, 48.93661832809448, 51.31338930130005, 53.69425916671753, 56.03791904449463, 58.36485195159912, 60.68326687812805, 63.000101804733276, 65.38471817970276, 67.73382329940796, 70.0728530883789], "fwd_val": [3.9604729546440973, 1.989715576171875, 1.7810050116644964, 3.2663519117567272, 2.2861061096191406, 1.7381810082329645, 1.7786666022406683, 1.4791793823242188, 1.5952939987182617, 1.365044699774848, 1.3734638426038954, 1.2713392045762804, 1.2513599395751953, 1.1827654308742948, 1.11925294664171, 1.085842450459798, 1.0143744150797527, 0.9636774063110352, 0.9076099395751953, 0.9043613009982638, 0.8323470221625434, 0.7727282842000326, 0.7618353101942275, 0.7287039226955838, 0.6762479146321615, 0.6861093839009603, 0.5793382856580946, 0.6882545153299967, 0.5131977929009331, 0.5141677856445312], "testAccuracy": [0.08204425871372223, 0.0836121216416359, 0.06097853556275368, 0.08933568000793457, 0.06933587044477463, 0.05402236804366112, 0.05728713050484657, 0.08205987513065338, 0.11899123340845108, 0.15971942245960236, 0.20354096591472626, 0.25151264667510986, 0.29610884189605713, 0.33935055136680603, 0.3798147737979889], "testStd": [0.0, 0.0, 0.0, 0.0, 0.0, 0.0, 0.0, 0.0, 0.0, 0.0, 0.0, 0.0, 0.0, 0.0, 0.0]}}}, "unit_circle_mse-none": {"gaussianElement": {"1e0": {"loss": [1.320384797595796, 1.5740436372302828, 1.2666867574055989, 1.2564957028343564, 1.2415283748081751, 1.2426094781784784, 1.2340445745558966, 1.2205201103573753, 1.2079413277762276, 1.1949039640880765, 1.174740200950986, 1.1647149948846727, 1.1565052214122953, 1.1591377258300781, 1.1348028637114025, 1.1208534240722656, 1.1076569330124628, 1.0962771461123513, 1.093507857549758, 1.0643592107863653, 1.0797027406238375, 1.0525663466680617, 1.0369306291852678, 1.030709947858538, 1.0108560834612166, 1.112774167742048, 1.0635824657621837, 0.9862078712100074, 1.021301996140253, 0.9726602463495164], "iden": [0.0, 0.0, 0.0, 0.0, 0.0, 0.0, 0.0, 0.0, 0.0, 0.0, 0.0, 0.0, 0.0, 0.0, 0.0, 0.0, 0.0, 0.0, 0.0, 0.0, 0.0, 0.0, 0.0, 0.0, 0.0, 0.0, 0.0, 0.0, 0.0, 0.0], "fwd": [0.8441943214053199, 1.0978530702136813, 0.7904962812151227, 0.7803052266438802, 0.7653378986176991, 0.7664190019880023, 0.7578540983654204, 0.7443296341668992, 0.7317509424118769, 0.7187134878976005, 0.6985497247605097, 0.6885245186941964, 0.6803147452218192, 0.682947249639602, 0.6586123875209263, 0.6446630387079149, 0.6314664568219867, 0.6200865790957496, 0.617317381359282, 0.5881688254220145, 0.6035122644333613, 0.5763758704775855, 0.5607401529947916, 0.5545194262549991, 0.5346655618576777, 0.6365836461385092, 0.5873919895717076, 0.5100173950195312, 0.5451115199497768, 0.49646986098516555], "bwd": [0.0, 0.0, 0.0, 0.0, 0.0, 0.0, 0.0, 0.0, 0.0, 0.0, 0.0, 0.0, 0.0, 0.0, 0.0, 0.0, 0.0, 0.0, 0.0, 0.0, 0.0, 0.0, 0.0, 0.0, 0.0, 0.0, 0.0, 0.0, 0.0, 0.0], "cons": [0.0, 0.0, 0.0, 0.0, 0.0, 0.0, 0.0, 0.0, 0.0, 0.0, 0.0, 0.0, 0.0, 0.0, 0.0, 0.0, 0.0, 0.0, 0.0, 0.0, 0.0, 0.0, 0.0, 0.0, 0.0, 0.0, 0.0, 0.0, 0.0, 0.0], "eigen": [0.47619047619047616, 0.47619047619047616, 0.47619047619047616, 0.47619047619047616, 0.47619047619047616, 0.47619047619047616, 0.47619047619047616, 0.47619047619047616, 0.47619047619047616, 0.47619047619047616, 0.47619047619047616, 0.47619047619047616, 0.47619047619047616, 0.47619047619047616, 0.47619047619047616, 0.47619047619047616, 0.47619047619047616, 0.47619047619047616, 0.47619047619047616, 0.47619047619047616, 0.47619047619047616, 0.47619047619047616, 0.47619047619047616, 0.47619047619047616, 0.47619047619047616, 0.47619047619047616, 0.47619047619047616, 0.47619047619047616, 0.47619047619047616, 0.47619047619047616], "time": [1.8076457977294922, 4.2066521644592285, 6.574919700622559, 8.89893889427185, 11.222987413406372, 13.58821725845337, 15.949485301971436, 18.28256869316101, 20.611758708953857, 22.932440042495728, 25.282621145248413, 27.640480041503906, 29.977625846862793, 32.31336426734924, 34.629725217819214, 36.952828884124756, 39.293519020080566, 41.624709606170654, 43.964136362075806, 46.29512810707092, 48.64623475074768, 51.015385389328, 53.32655930519104, 55.63611364364624, 57.96595120429993, 60.33280301094055, 62.70130491256714, 65.03708052635193, 67.36475110054016, 69.68729209899902], "fwd_val": [3.8526009453667536, 2.4392662048339844, 2.329931471082899, 2.2613004048665366, 2.2310235765245228, 2.201308356391059, 2.146494335598416, 2.082466337415907, 2.017854690551758, 1.936788347032335, 1.8895895216200087, 1.8285244835747614, 1.780808342827691, 1.7328874799940321, 1.654813978407118, 1.5938215255737305, 1.5416302151150174, 1.4993862575954862, 1.3827302720811632, 1.3692938486735027, 1.2582855224609375, 1.284255133734809, 1.1797813839382596, 1.1114665137396917, 1.219024446275499, 1.3322635226779513, 0.9199745390150282, 1.189266522725423, 0.9494334326850044, 0.8159148428175185], "testAccuracy": [0.1622387021780014, 0.06968358904123306, 0.16414551436901093, 0.07635108381509781, 0.07041773945093155, 0.21329756081104279, 0.2548825442790985, 0.34454911947250366, 0.3165128529071808, 0.33726516366004944, 0.3251931667327881, 0.3311479687690735, 0.3282601237297058, 0.3296113908290863, 0.329500287771225], "testStd": [0.0, 0.0, 0.0, 0.0, 0.0, 0.0, 0.0, 0.0, 0.0, 0.0, 0.0, 0.0, 0.0, 0.0, 0.0]}}}}