{"none": {"xavierElement": {"1e0": {"loss": [27.234864189511253, 25.31962149483817, 2.391536349341983, 1.1923680078415644, 0.9863284277537513, 0.9395766182551308, 0.8836471315414186, 0.8691948784722222, 0.8755517081608848, 0.8634696839347719, 0.87946289304703, 0.856950941539946, 0.8644219050331721, 0.8557431054493737, 0.8687467120942616, 0.8621549454946367, 0.8544018760560051, 0.8573986235119048, 0.87226558866955, 0.8700984470427983, 0.8641623542422341, 0.8844443427191839, 0.8688322400289868, 0.8710839407784597, 0.868512229313926, 0.8785277775355748, 0.8636066800072079, 0.8608884962778243, 0.8736763908749534, 0.8777457948714967, 0.8561859736366878, 0.8734625559004526, 0.8534255860343812, 0.8683873433915394, 0.8550620306105841, 0.8767744397360181, 0.8610792916918557, 0.8595062134757874, 0.873462646726578, 0.869906531439887, 0.8515493604871963, 0.8647767021542504, 0.901017567468068, 0.8858810606456938, 0.8616528283982049, 0.8474317883688306, 0.8489524296351841, 0.8633300841800752, 0.8611237662179129, 0.8537568894643632], "iden": [0.0, 0.0, 0.0, 0.0, 0.0, 0.0, 0.0, 0.0, 0.0, 0.0, 0.0, 0.0, 0.0, 0.0, 0.0, 0.0, 0.0, 0.0, 0.0, 0.0, 0.0, 0.0, 0.0, 0.0, 0.0, 0.0, 0.0, 0.0, 0.0, 0.0, 0.0, 0.0, 0.0, 0.0, 0.0, 0.0, 0.0, 0.0, 0.0, 0.0, 0.0, 0.0, 0.0, 0.0, 0.0, 0.0, 0.0, 0.0, 0.0, 0.0], "fwd": [26.75867371332078, 24.843431033785382, 1.9153458731515067, 0.7161775165134006, 0.5101379364255876, 0.46338612692696707, 0.40745667048863, 0.39300440228174605, 0.39936123197040857, 0.3872792228819832, 0.40327243199424134, 0.38076047291831366, 0.3882314439803835, 0.3795525914146787, 0.3925562207660978, 0.3859644844418481, 0.3782114150032165, 0.38120813218374106, 0.396075067066011, 0.39390797085232204, 0.3879718780517578, 0.40825389680408297, 0.39264177897619823, 0.39489343431260854, 0.3923217606922937, 0.40233730891394237, 0.38741620381673175, 0.3846980049496605, 0.3974859298221649, 0.4015553186810206, 0.3799954293266175, 0.39727208727882024, 0.37723512498159256, 0.39219688233875094, 0.37887155442010795, 0.40058398625207325, 0.3848887927948483, 0.38331571457877994, 0.39727214782957043, 0.39371605524941095, 0.37535886915903244, 0.38858625623914933, 0.4248270912775918, 0.4096905844552176, 0.38546239762079154, 0.37124131217835443, 0.3727619685823955, 0.3871396155584426, 0.38493325975206166, 0.377566413273887], "bwd": [0.0, 0.0, 0.0, 0.0, 0.0, 0.0, 0.0, 0.0, 0.0, 0.0, 0.0, 0.0, 0.0, 0.0, 0.0, 0.0, 0.0, 0.0, 0.0, 0.0, 0.0, 0.0, 0.0, 0.0, 0.0, 0.0, 0.0, 0.0, 0.0, 0.0, 0.0, 0.0, 0.0, 0.0, 0.0, 0.0, 0.0, 0.0, 0.0, 0.0, 0.0, 0.0, 0.0, 0.0, 0.0, 0.0, 0.0, 0.0, 0.0, 0.0], "cons": [0.0, 0.0, 0.0, 0.0, 0.0, 0.0, 0.0, 0.0, 0.0, 0.0, 0.0, 0.0, 0.0, 0.0, 0.0, 0.0, 0.0, 0.0, 0.0, 0.0, 0.0, 0.0, 0.0, 0.0, 0.0, 0.0, 0.0, 0.0, 0.0, 0.0, 0.0, 0.0, 0.0, 0.0, 0.0, 0.0, 0.0, 0.0, 0.0, 0.0, 0.0, 0.0, 0.0, 0.0, 0.0, 0.0, 0.0, 0.0, 0.0, 0.0], "eigen": [0.4761904761904761, 0.4761904761904761, 0.4761904761904761, 0.4761904761904761, 0.4761904761904761, 0.4761904761904761, 0.4761904761904761, 0.4761904761904761, 0.4761904761904761, 0.4761904761904761, 0.4761904761904761, 0.4761904761904761, 0.4761904761904761, 0.4761904761904761, 0.4761904761904761, 0.4761904761904761, 0.4761904761904761, 0.4761904761904761, 0.4761904761904761, 0.4761904761904761, 0.4761904761904761, 0.4761904761904761, 0.4761904761904761, 0.4761904761904761, 0.4761904761904761, 0.4761904761904761, 0.4761904761904761, 0.4761904761904761, 0.4761904761904761, 0.4761904761904761, 0.4761904761904761, 0.4761904761904761, 0.4761904761904761, 0.4761904761904761, 0.4761904761904761, 0.4761904761904761, 0.4761904761904761, 0.4761904761904761, 0.4761904761904761, 0.4761904761904761, 0.4761904761904761, 0.4761904761904761, 0.4761904761904761, 0.4761904761904761, 0.4761904761904761, 0.4761904761904761, 0.4761904761904761, 0.4761904761904761, 0.4761904761904761, 0.4761904761904761], "time": [2.350405693054199, 4.657458066940308, 6.758936961491902, 8.891133864720663, 11.02851136525472, 13.137836456298828, 15.2492729028066, 17.385914246241253, 19.47796360651652, 21.558685143788654, 23.656761010487873, 25.762916167577107, 27.846081415812176, 29.928170680999756, 32.03346347808838, 34.12115955352783, 36.191896756490074, 38.29634420077006, 40.388975381851196, 42.53479448954264, 44.63288140296936, 46.727110147476196, 48.81727011998495, 50.904254833857216, 53.047048568725586, 55.17923545837402, 57.3054571946462, 59.414528131484985, 61.505024671554565, 63.629172563552856, 65.73766048749287, 67.84532340367635, 69.91175079345703, 72.02726300557454, 74.12398425738017, 76.18935783704121, 78.300998767217, 80.426194190979, 82.50749937693278, 84.59540851910909, 86.68910209337871, 88.77542328834534, 90.87979356447856, 92.9948612054189, 95.09282128016154, 97.21418484052022, 99.31784558296204, 101.43621071179707, 103.55177323023479, 105.64977955818176], "fwd_val": [228.4650782832393, 8.600185818142362, 2.945010750382035, 0.9142956203884548, 0.7803981569078234, 0.48566121525234646, 0.3767260180579292, 0.3509372605217828, 0.3633642373261628, 0.3300669723086887, 0.30898601920516405, 0.3298850412721987, 0.2973437750781024, 0.27545532473811396, 0.3409737481011285, 0.2765239433006004, 0.2731120498092086, 0.4571719522829409, 0.33795286107946326, 0.353447401965106, 0.43175165741531935, 0.4122092194027371, 0.36925472153557676, 0.2616639048964889, 0.2592717894801387, 0.2988772745485659, 0.29427514252839265, 0.39138800126534923, 0.3902222315470378, 0.25985948244730633, 0.3664476429974592, 0.27083472852353696, 0.27160220675998265, 0.32041490519488297, 0.2830584579043918, 0.35791813002692335, 0.3418166814027009, 0.36276740498012966, 0.3237775343435782, 0.30715986534401224, 0.3371719960813169, 0.4149265201003463, 0.33187241907472964, 0.3741556626779062, 0.2433436711629232, 0.25645775265163845, 0.27295177071182813, 0.31824808650546604, 0.26682127846611875, 0.35476661611486365], "testAccuracy": [0.094383604824543, 0.06528893113136292, 0.08006217330694199, 0.06756797432899475, 0.06471997499465942, 0.0703568160533905, 0.07110945135354996, 0.06677332520484924, 0.0636838898062706, 0.06826426088809967, 0.06592266261577606, 0.06734536588191986, 0.06306197494268417, 0.06803644448518753, 0.06871385872364044], "testStd": [0.0, 0.0, 0.0, 0.0, 0.0, 0.0, 0.0, 0.0, 0.0, 0.0, 0.0, 0.0, 0.0, 0.0, 0.0]}}, "uniformEigen": {"1e0": {"loss": [1.8603427220904638, 2.820746467227028, 1.4812121618361698, 1.022109137641059, 1.2011609455895804, 1.2777595520019531, 0.996172617352198, 0.9242183443099733, 0.8888538602798705, 0.8799981314038474, 0.9078402746291389, 0.9454457419259207, 1.007848679073273, 0.9286206866067553, 0.8942536853608631, 0.872910393608941, 0.8771288130018445, 0.8646842108832465, 0.863072985694522, 0.8739443884955512, 0.9160722399514819, 0.9052453419518849, 0.8692867642357237, 0.8717786395360553, 0.9121125841897632, 0.8760069287012495, 0.8662030659024677, 0.8561322348458426, 0.8603861369783915, 0.8713922046479725, 0.860255377633231, 0.8790734608968099, 0.9288879878937252, 0.8983411940317305, 0.8773022303505549, 0.9017267681303478, 0.9048164004371279, 0.9026383293999567, 0.8869344923231338, 0.9587777455647787, 0.9346037970648872, 0.9435422079903738, 0.8888188922216022, 0.9401594797770182, 0.8863774859716022, 0.8834619673471602, 0.949873788016183, 0.8878619178893074, 0.8906688992939298, 0.9075657678028893], "iden": [0.0, 0.0, 0.0, 0.0, 0.0, 0.0, 0.0, 0.0, 0.0, 0.0, 0.0, 0.0, 0.0, 0.0, 0.0, 0.0, 0.0, 0.0, 0.0, 0.0, 0.0, 0.0, 0.0, 0.0, 0.0, 0.0, 0.0, 0.0, 0.0, 0.0, 0.0, 0.0, 0.0, 0.0, 0.0, 0.0, 0.0, 0.0, 0.0, 0.0, 0.0, 0.0, 0.0, 0.0, 0.0, 0.0, 0.0, 0.0, 0.0, 0.0],