{"none": {"gaussianElement": {"1e0": {"loss": [0.8861012231735956, 0.8775615692138672, 0.8259230114164806, 0.8122647603352865, 0.8060302734375, 0.7897400628952753, 0.7710752033051991, 0.7545622871035621, 0.7422975358508882, 0.7212932677496047, 0.698949723016648, 0.689159665788923, 0.6562367847987584, 0.6467712039039248, 0.7279677618117559, 0.671808333623977, 0.6612076532273066, 0.6260627110799154, 0.6079980759393602, 0.5883827209472656, 0.5652696518670945, 0.6104803993588402, 0.5291039603097099, 0.5776663280668712, 1.062635512579055, 0.5062279928298223, 0.5631605784098307, 0.576569330124628, 0.6319546472458613, 0.5080330258324033], "iden": [0.0, 0.0, 0.0, 0.0, 0.0, 0.0, 0.0, 0.0, 0.0, 0.0, 0.0, 0.0, 0.0, 0.0, 0.0, 0.0, 0.0, 0.0, 0.0, 0.0, 0.0, 0.0, 0.0, 0.0, 0.0, 0.0, 0.0, 0.0, 0.0, 0.0], "fwd": [0.8563393184116909, 0.8477996644519624, 0.7961611066545758, 0.7825028555733817, 0.7762683686755952, 0.7599781581333706, 0.7413132985432943, 0.7248003823416573, 0.7125356310889834, 0.6915313629877, 0.6691878182547433, 0.6593977610270182, 0.6264748800368536, 0.6170092991420201, 0.6982058570498512, 0.6420464288620722, 0.6314457484654018, 0.5963008063180106, 0.5782361711774554, 0.5586208161853609, 0.5355077471051898, 0.5807184945969355, 0.4993420555478051, 0.5479044233049665, 1.0328736078171503, 0.47646608806791757, 0.5333986736479259, 0.5468074253627232, 0.6021927424839565, 0.4782711210704985], "bwd": [0.0, 0.0, 0.0, 0.0, 0.0, 0.0, 0.0, 0.0, 0.0, 0.0, 0.0, 0.0, 0.0, 0.0, 0.0, 0.0, 0.0, 0.0, 0.0, 0.0, 0.0, 0.0, 0.0, 0.0, 0.0, 0.0, 0.0, 0.0, 0.0, 0.0], "cons": [0.0, 0.0, 0.0, 0.0, 0.0, 0.0, 0.0, 0.0, 0.0, 0.0, 0.0, 0.0, 0.0, 0.0, 0.0, 0.0, 0.0, 0.0, 0.0, 0.0, 0.0, 0.0, 0.0, 0.0, 0.0, 0.0, 0.0, 0.0, 0.0, 0.0], "eigen": [0.02976190476190476, 0.02976190476190476, 0.02976190476190476, 0.02976190476190476, 0.02976190476190476, 0.02976190476190476, 0.02976190476190476, 0.02976190476190476, 0.02976190476190476, 0.02976190476190476, 0.02976190476190476, 0.02976190476190476, 0.02976190476190476, 0.02976190476190476, 0.02976190476190476, 0.02976190476190476, 0.02976190476190476, 0.02976190476190476, 0.02976190476190476, 0.02976190476190476, 0.02976190476190476, 0.02976190476190476, 0.02976190476190476, 0.02976190476190476, 0.02976190476190476, 0.02976190476190476, 0.02976190476190476, 0.02976190476190476, 0.02976190476190476, 0.02976190476190476], "time": [1.8154370784759521, 4.143738508224487, 6.473369836807251, 8.816958665847778, 11.191405534744263, 13.527236938476562, 15.88670015335083, 18.23372197151184, 20.63422727584839, 22.98843288421631, 25.34281015396118, 27.70971989631653, 30.054495334625244, 32.37927794456482, 34.681374073028564, 37.031582832336426, 39.383302211761475, 41.70369100570679, 44.06640958786011, 46.41144061088562, 48.7185320854187, 51.060168743133545, 53.42081928253174, 55.76204824447632, 58.09622502326965, 60.41140794754028, 62.76481318473816, 65.12022686004639, 67.47896599769592, 69.81053709983826], "fwd_val": [2.617383533053928, 2.3960821363661022, 2.317937215169271, 2.2810601128472223, 2.216925303141276, 2.1352577209472656, 2.0418302747938366, 1.999487770928277, 1.9040853712293837, 1.804099612765842, 1.694872220357259, 1.5876648161146376, 1.549125035603841, 1.7881461249457464, 1.3267377217610676, 1.7373861736721463, 1.6241706212361653, 1.412960582309299, 1.2754723230997722, 1.1266651153564453, 1.381747563680013, 0.8513451152377658, 1.0318849351671007, 1.4547106424967449, 0.7752205530802408, 1.0430662367078993, 0.7558629777696397, 1.1489361657036676, 0.9691412183973525, 0.8871041933695475], "testAccuracy": [0.14138449728488922, 0.08158591389656067, 0.31358954310417175, 0.1798793077468872, 0.0872042253613472, 0.08174671977758408, 0.1719864159822464, 0.1826009452342987, 0.2968059778213501, 0.30049893260002136, 0.3921489417552948, 0.38461947441101074, 0.4542525112628937, 0.43995946645736694, 0.48901909589767456], "testStd": [0.0, 0.0, 0.0, 0.0, 0.0, 0.0, 0.0, 0.0, 0.0, 0.0, 0.0, 0.0, 0.0, 0.0, 0.0]}}}, "unit_circle_mse-none": {"gaussianElement": {"1e0": {"loss": [0.887521471296038, 0.8881087530226934, 0.827706291562035, 0.8180654616582961, 0.8089679536365327, 0.8056698753720238, 0.7863784063430059, 0.7707430521647135, 0.7649322691417876, 0.7576352982293992, 0.7460478828066871, 0.7322313217889695, 0.7150905245826358, 0.6992247445242745, 0.6887420018513998, 0.6692540759132022, 0.6424627758207775, 0.685901233128139, 0.62518006279355, 0.6663542247953869, 0.5863499414353144, 0.5664254143124535, 0.5417453675043016, 0.5188212167649042, 0.4972007388160342, 0.47049490610758465, 0.4595604851132348, 0.42462085542224703, 0.40742465427943636, 0.4054607209705171], "iden": [0.0, 0.0, 0.0, 0.0, 0.0, 0.0, 0.0, 0.0, 0.0, 0.0, 0.0, 0.0, 0.0, 0.0, 0.0, 0.0, 0.0, 0.0, 0.0, 0.0, 0.0, 0.0, 0.0, 0.0, 0.0, 0.0, 0.0, 0.0, 0.0, 0.0], "fwd": [0.8577595665341332, 0.8583468482607887, 0.7979443868001302, 0.7883035568963914, 0.779206048874628, 0.7759079706101191, 0.7566165015811012, 0.7409811474028087, 0.7351703643798828, 0.7278733934674945, 0.7162859780447823, 0.7024694170270648, 0.685328619820731, 0.6694628397623698, 0.658980097089495, 0.6394921711512974, 0.6127008710588727, 0.6561393283662342, 0.5954181580316453, 0.6365923200334821, 0.5565880366734096, 0.5366635095505488, 0.5119834627423968, 0.48905931200299946, 0.46743883405412945, 0.4407330013456799, 0.42979858035133, 0.39485895066034227, 0.37766277222406297, 0.37569881620861234], "bwd": [0.0, 0.0, 0.0, 0.0, 0.0, 0.0, 0.0, 0.0, 0.0, 0.0, 0.0, 0.0, 0.0, 0.0, 0.0, 0.0, 0.0, 0.0, 0.0, 0.0, 0.0, 0.0, 0.0, 0.0, 0.0, 0.0, 0.0, 0.0, 0.0, 0.0], "cons": [0.0, 0.0, 0.0, 0.0, 0.0, 0.0, 0.0, 0.0, 0.0, 0.0, 0.0, 0.0, 0.0, 0.0, 0.0, 0.0, 0.0, 0.0, 0.0, 0.0, 0.0, 0.0, 0.0, 0.0, 0.0, 0.0, 0.0, 0.0, 0.0, 0.0], "eigen": [0.02976190476190476, 0.02976190476190476, 0.02976190476190476, 0.02976190476190476, 0.02976190476190476, 0.02976190476190476, 0.02976190476190476, 0.02976190476190476, 0.02976190476190476, 0.02976190476190476, 0.02976190476190476, 0.02976190476190476, 0.02976190476190476, 0.02976190476190476, 0.02976190476190476, 0.02976190476190476, 0.02976190476190476, 0.02976190476190476, 0.02976190476190476, 0.02976190476190476, 0.02976190476190476, 0.02976190476190476, 0.02976190476190476, 0.02976190476190476, 0.02976190476190476, 0.02976190476190476, 0.02976190476190476, 0.02976190476190476, 0.02976190476190476, 0.02976190476190476], "time": [1.8041799068450928, 4.140398263931274, 6.444796085357666, 8.758934259414673, 11.07577133178711, 13.414604663848877, 15.800225257873535, 18.099106073379517, 20.393731832504272, 22.714815139770508, 25.059893369674683, 27.3976628780365, 29.751458168029785, 32.06669735908508, 34.39844822883606, 36.68247056007385, 38.989291191101074, 41.29628038406372, 43.622374296188354, 45.964372634887695, 48.31613349914551, 50.66633677482605, 52.97283434867859, 55.29742503166199, 57.66038274765015, 60.0064435005188, 62.347516775131226, 64.66786360740662, 66.98086333274841, 69.28144097328186], "fwd_val": [2.6849628024631076, 2.3939183553059897, 2.3104241689046225, 2.310432857937283, 2.292444864908854, 2.1991524166531033, 2.1402490403917103, 2.084819793701172, 2.0516476101345487, 2.003839280870226, 1.932609134250217, 1.8576524522569444, 1.7717321183946397, 1.7394404941134982, 1.617916954888238, 1.5031374825371637, 1.567156473795573, 1.4735930760701497, 1.706080224778917, 1.2756934695773654, 1.0981521606445312, 0.976962513393826, 0.8663812213473849, 0.7609700096978081, 0.6405869060092502, 0.5020228491889106, 0.4016513029734294, 0.2875697877671983, 0.25931935840182835, 0.22169917159610325], "testAccuracy": [0.10750997066497803, 0.053792983293533325, 0.17463475465774536, 0.05863875523209572, 0.06507600843906403, 0.052129071205854416, 0.051168911159038544, 0.05305340513586998, 0.05303918570280075, 0.05171157419681549, 0.051228608936071396, 0.05250333994626999, 0.05228710547089577, 0.05201726034283638, 0.05128547549247742], "testStd": [0.0, 0.0, 0.0, 0.0, 0.0, 0.0, 0.0, 0.0, 0.0, 0.0, 0.0, 0.0, 0.0, 0.0, 0.0]}}}}