{"none": {"spikeAndSlab": {"1e0": {"loss": [7.763391646127853, 3.481736924913194, 3.772376499478779, 1.327908894372365, 1.377313734993102, 0.9265227544875372, 1.0158560616629464, 0.9166930667937748, 0.9106493450346447, 0.901551292056129, 0.9281090933179099, 0.9148766653878347, 0.9029408409481957, 0.9261551206074063, 0.895480443560888, 0.8889379349965898, 0.872820778498574, 0.9142737615676153, 0.8874819619315012, 0.9224042135571676, 0.8757640293666294, 0.8888104756673177, 0.9211881425645617, 0.8779120672316778, 0.9593971494644408, 0.8996312277657644, 0.884204834226578, 0.8779505472334606, 0.8843158237517826, 0.8925865718296596, 0.8710760086301773, 0.8910311744326638, 0.8714551168774802, 0.8821885850694445, 0.8683443220834883, 0.8692523714095827, 0.9017720903669085, 0.8775125231061663, 0.8965848892454117, 0.9290284050835504, 0.9033780779157365, 0.8998925345284597, 0.8600253453330389, 0.8751565539647664, 0.8696160392155723, 0.8593651907784597, 0.8571132175506108, 0.8590941353449746, 0.8662148127480158, 0.8624769846598307], "iden": [0.0, 0.0, 0.0, 0.0, 0.0, 0.0, 0.0, 0.0, 0.0, 0.0, 0.0, 0.0, 0.0, 0.0, 0.0, 0.0, 0.0, 0.0, 0.0, 0.0, 0.0, 0.0, 0.0, 0.0, 0.0, 0.0, 0.0, 0.0, 0.0, 0.0, 0.0, 0.0, 0.0, 0.0, 0.0, 0.0, 0.0, 0.0, 0.0, 0.0, 0.0, 0.0, 0.0, 0.0, 0.0, 0.0, 0.0, 0.0, 0.0, 0.0], "fwd": [7.287201169937376, 3.0055464789980935, 3.296186053563678, 0.8517184181818886, 0.9011232890780011, 0.4503322631593735, 0.5396656006101578, 0.44050262087867376, 0.43445886884416857, 0.42536081586565294, 0.4519186019897461, 0.43868618919735863, 0.4267503344823444, 0.4499646595546178, 0.4192899825080993, 0.4127474285307384, 0.39663025689503506, 0.438083255101764, 0.41129147060333743, 0.4462136919536288, 0.39957356831384083, 0.4126200146145291, 0.4449976663740854, 0.40172157590351415, 0.4832066884116521, 0.42344072129991317, 0.4080143580361018, 0.4017600710429843, 0.40812533242361887, 0.4163960880703397, 0.3948855173020136, 0.41484065282912486, 0.39526465582469156, 0.4059980861724369, 0.39215386103069977, 0.3930618876502628, 0.4255816141764323, 0.4013220544845339, 0.42039447360568577, 0.4528379213242304, 0.427187616862948, 0.42370205833798363, 0.3838348691425626, 0.39896607777429005, 0.393425532749721, 0.38317471458798363, 0.3809227035159157, 0.3829036515856546, 0.3900243365575397, 0.3862864630562919], "bwd": [0.0, 0.0, 0.0, 0.0, 0.0, 0.0, 0.0, 0.0, 0.0, 0.0, 0.0, 0.0, 0.0, 0.0, 0.0, 0.0, 0.0, 0.0, 0.0, 0.0, 0.0, 0.0, 0.0, 0.0, 0.0, 0.0, 0.0, 0.0, 0.0, 0.0, 0.0, 0.0, 0.0, 0.0, 0.0, 0.0, 0.0, 0.0, 0.0, 0.0, 0.0, 0.0, 0.0, 0.0, 0.0, 0.0, 0.0, 0.0, 0.0, 0.0], "cons": [0.0, 0.0, 0.0, 0.0, 0.0, 0.0, 0.0, 0.0, 0.0, 0.0, 0.0, 0.0, 0.0, 0.0, 0.0, 0.0, 0.0, 0.0, 0.0, 0.0, 0.0, 0.0, 0.0, 0.0, 0.0, 0.0, 0.0, 0.0, 0.0, 0.0, 0.0, 0.0, 0.0, 0.0, 0.0, 0.0, 0.0, 0.0, 0.0, 0.0, 0.0, 0.0, 0.0, 0.0, 0.0, 0.0, 0.0, 0.0, 0.0, 0.0], "eigen": [0.4761904761904761, 0.4761904761904761, 0.4761904761904761, 0.4761904761904761, 0.4761904761904761, 0.4761904761904761, 0.4761904761904761, 0.4761904761904761, 0.4761904761904761, 0.4761904761904761, 0.4761904761904761, 0.4761904761904761, 0.4761904761904761, 0.4761904761904761, 0.4761904761904761, 0.4761904761904761, 0.4761904761904761, 0.4761904761904761, 0.4761904761904761, 0.4761904761904761, 0.4761904761904761, 0.4761904761904761, 0.4761904761904761, 0.4761904761904761, 0.4761904761904761, 0.4761904761904761, 0.4761904761904761, 0.4761904761904761, 0.4761904761904761, 0.4761904761904761, 0.4761904761904761, 0.4761904761904761, 0.4761904761904761, 0.4761904761904761, 0.4761904761904761, 0.4761904761904761, 0.4761904761904761, 0.4761904761904761, 0.4761904761904761, 0.4761904761904761, 0.4761904761904761, 0.4761904761904761, 0.4761904761904761, 0.4761904761904761, 0.4761904761904761, 0.4761904761904761, 0.4761904761904761, 0.4761904761904761, 0.4761904761904761, 0.4761904761904761], "fwd_val": [24.585495277687357, 14.787492875699643, 1.7371913415414315, 3.1274229685465493, 0.6747247907850479, 0.8073414696587458, 0.5593496605202003, 0.5339635213216146, 0.3893687371854429, 0.7381443094324182, 0.6050546080977828, 0.5468977468985098, 0.3603437211778429, 0.4374373224046495, 0.4164002736409505, 0.36885334827281807, 0.4085084685572871, 0.49370529916551376, 0.49327253412317346, 0.3465458728648998, 0.3758212813624629, 0.4535528024037679, 0.4674990530367251, 0.6817345089382595, 0.7083285384707981, 0.40731564274540655, 0.40326434594613536, 0.3751713964674208, 0.4318138051916052, 0.3125202832398591, 0.2935909076973244, 0.285513648280391, 0.3817605972290039, 0.3663063755741826, 0.3310624405189797, 0.7630181754076922, 0.39772688017951124, 0.47638456909744836, 0.5971004521405255, 0.5575746960110135, 0.5198104646470812, 0.361257517779315, 0.3232511679331462, 0.3453007009294298, 0.27972561341744884, 0.33757772269072356, 0.30561908969172724, 0.2703397274017334, 0.33198074058250143, 0.3169541977069996], "testAccuracy": [0.11340383440256119, 0.06628958880901337, 0.07014866173267365, 0.07020863145589828, 0.07081199437379837, 0.0788530632853508, 0.06168019026517868, 0.0755789577960968, 0.06313599646091461, 0.0687420442700386, 0.06729225069284439, 0.06364626437425613, 0.06566409021615982, 0.06578020751476288, 0.06607256084680557], "testStd": [0.0, 0.0, 0.0, 0.0, 0.0, 0.0, 0.0, 0.0, 0.0, 0.0, 0.0, 0.0, 0.0, 0.0, 0.0]}}, "gaussianElement": {"1e0": {"loss": [1.328547886439732, 1.3535657610212055, 1.264369116889106, 1.2473381890190973, 1.2336084275018602, 1.2183913881816562, 1.2129852052718875, 1.206668429904514, 1.1990057324606276, 1.1898687453497023, 1.1743310292561848, 1.1656589810810392, 1.1493731907435825, 1.137541029188368, 1.129952597239661, 1.1213242364308191, 1.1232083033001612, 1.0816779060969277, 1.0617984590076264, 1.0474793267628504, 1.0428206125895183, 1.0327288006979323, 0.9866550687759642, 0.9650922502790178, 0.9487538716149708, 0.9333698333255828, 0.9107220967610677, 0.8986206357441251, 0.8835661146375869, 0.8797534458220951, 0.8724768199617902, 0.8789038885207403, 0.8649591415647476, 0.8844454326326886, 0.9621456691196988, 0.8688492547898065, 0.8564817337762741, 0.8575360131642175, 0.8496405586363777, 0.8494216676742311, 0.8439148796929254, 0.8429617503332714, 0.8399320329938615, 0.8417692638578869, 0.849202140929207, 0.8378999800909134, 0.8395673358251178, 0.8393138401092045, 0.8381826612684463, 0.8383965265183222], "iden": [0.0, 0.0, 0.0, 0.0, 0.0, 0.0, 0.0, 0.0, 0.0, 0.0, 0.0, 0.0, 0.0, 0.0, 0.0, 0.0, 0.0, 0.0, 0.0, 0.0, 0.0, 0.0, 0.0, 0.0, 0.0, 0.0, 0.0, 0.0, 0.0, 0.0, 0.0, 0.0, 0.0, 0.0, 0.0, 0.0, 0.0, 0.0, 0.0, 0.0, 0.0, 0.0, 0.0, 0.0, 0.0, 0.0, 0.0, 0.0, 0.0, 0.0], "fwd": [0.852357410249256, 0.8773752848307291, 0.7881786406986299, 0.7711476976909335, 0.7574179664490716, 0.7422009574042426, 0.736794774494474, 0.7304779688517252, 0.722815271407839, 0.7136782994346014, 0.6981405682033962, 0.689468535165938, 0.6731827145531063, 0.6613505529978919, 0.6537621059114971, 0.645133760240343, 0.647017827109685, 0.6054874299064514, 0.5856079828171503, 0.5712888657100618, 0.5666301515367297, 0.5565383699205187, 0.5104646379985506, 0.4889017438131666, 0.4725633954244947, 0.4571793571351066, 0.4345316508459667, 0.4224301898290241, 0.40737566115364193, 0.40356299990699407, 0.3962863816155327, 0.40271339719257654, 0.38876867294311523, 0.40825496401105615, 0.48595520806691006, 0.3926587710304865, 0.38029123487926664, 0.381345582386804, 0.3734500748770577, 0.3732312217591301, 0.36772441107129294, 0.36677130441817024, 0.36374152652801034, 0.36557878766741075, 0.37301170258294974, 0.3617094887627495, 0.36337685206579784, 0.36312334878104074, 0.3619921775091262, 0.36220602762131465], "bwd": [0.0, 0.0, 0.0, 0.0, 0.0, 0.0, 0.0, 0.0, 0.0, 0.0, 0.0, 0.0, 0.0, 0.0, 0.0, 0.0, 0.0, 0.0, 0.0, 0.0, 0.0, 0.0, 0.0, 0.0, 0.0, 0.0, 0.0, 0.0, 0.0, 0.0, 0.0, 0.0, 0.0, 0.0, 0.0, 0.0, 0.0, 0.0, 0.0, 0.0, 0.0, 0.0, 0.0, 0.0, 0.0, 0.0, 0.0, 0.0, 0.0, 0.0],