{"unit_circle_mse-none": {"gaussianElement": {"1e0": {"loss": [1.7864270891462055, 1.9420964922223773, 1.7118853977748327, 1.6784733000255767, 1.655604298909505, 1.637266649518694, 1.619080280122303, 1.6038110278901603, 1.5900480724516368, 1.5703293209984188, 1.555620829264323, 1.5437347775413877, 1.531322769891648, 1.5215997241792225, 1.5111683618454705, 1.509301013038272, 1.4890518733433316, 1.4848523094540549, 1.4679856618245444, 1.4586458841959635, 1.4465775262741816, 1.4377173650832404, 1.4246902647472564, 1.4136132013230096, 1.4046273186093283, 1.392096928187779, 1.3796382904052735, 1.37323731921968, 1.361261513119652, 1.3514177958170575, 1.3485389891124906, 1.337389101300921, 1.334004647391183, 1.3390214829217821, 1.3418660481770832, 1.3297040303548175, 1.3256359100341797, 1.3240131014869327, 1.3208703903924852, 1.3421565646216984, 1.3259663899739582, 1.3223414829799107, 1.3252511524018789, 1.3214082627069383, 1.3171275729224794, 1.3168472834995817, 1.3217730749221075, 1.3182500566755022, 1.3190686907087052, 1.3267248244512646], "iden": [0.0, 0.0, 0.0, 0.0, 0.0, 0.0, 0.0, 0.0, 0.0, 0.0, 0.0, 0.0, 0.0, 0.0, 0.0, 0.0, 0.0, 0.0, 0.0, 0.0, 0.0, 0.0, 0.0, 0.0, 0.0, 0.0, 0.0, 0.0, 0.0, 0.0, 0.0, 0.0, 0.0, 0.0, 0.0, 0.0, 0.0, 0.0, 0.0, 0.0, 0.0, 0.0, 0.0, 0.0, 0.0, 0.0, 0.0, 0.0, 0.0, 0.0], "fwd": [0.8340461912609282, 0.9897155398414249, 0.7595044272286551, 0.7260923294793992, 0.7032233919416155, 0.6848856698899042, 0.6666993549891881, 0.6514300755092076, 0.6376671109880719, 0.6179483232044038, 0.6032398587181454, 0.5913538069952102, 0.5789418356759208, 0.5692187536330451, 0.5587874185471308, 0.556920051574707, 0.536670920962379, 0.5324713207426525, 0.5156046640305292, 0.5062649590628487, 0.49419657389322913, 0.4853364036196754, 0.4723093123663039, 0.4612322307768322, 0.4522463843936012, 0.43971597580682664, 0.42725735618954613, 0.4208563668387277, 0.4088805561973935, 0.39903684343610496, 0.3961580231076195, 0.3850081398373558, 0.38162368138631186, 0.38664055324736096, 0.3894851048787435, 0.3773230598086402, 0.3732549349466959, 0.371632126399449, 0.3684894107636952, 0.38977562132335847, 0.3735854512169247, 0.36996052605765206, 0.3728702318100702, 0.369027278536842, 0.3647466114589146, 0.36446632203601653, 0.36939211799984883, 0.36586910883585616, 0.3666877610342843, 0.3743438675290062], "bwd": [0.0, 0.0, 0.0, 0.0, 0.0, 0.0, 0.0, 0.0, 0.0, 0.0, 0.0, 0.0, 0.0, 0.0, 0.0, 0.0, 0.0, 0.0, 0.0, 0.0, 0.0, 0.0, 0.0, 0.0, 0.0, 0.0, 0.0, 0.0, 0.0, 0.0, 0.0, 0.0, 0.0, 0.0, 0.0, 0.0, 0.0, 0.0, 0.0, 0.0, 0.0, 0.0, 0.0, 0.0, 0.0, 0.0, 0.0, 0.0, 0.0, 0.0], "cons": [0.0, 0.0, 0.0, 0.0, 0.0, 0.0, 0.0, 0.0, 0.0, 0.0, 0.0, 0.0, 0.0, 0.0, 0.0, 0.0, 0.0, 0.0, 0.0, 0.0, 0.0, 0.0, 0.0, 0.0, 0.0, 0.0, 0.0, 0.0, 0.0, 0.0, 0.0, 0.0, 0.0, 0.0, 0.0, 0.0, 0.0, 0.0, 0.0, 0.0, 0.0, 0.0, 0.0, 0.0, 0.0, 0.0, 0.0, 0.0, 0.0, 0.0], "eigen": [0.9523809523809523, 0.9523809523809523, 0.9523809523809523, 0.9523809523809523, 0.9523809523809523, 0.9523809523809523, 0.9523809523809523, 0.9523809523809523, 0.9523809523809523, 0.9523809523809523, 0.9523809523809523, 0.9523809523809523, 0.9523809523809523, 0.9523809523809523, 0.9523809523809523, 0.9523809523809523, 0.9523809523809523, 0.9523809523809523, 0.9523809523809523, 0.9523809523809523, 0.9523809523809523, 0.9523809523809523, 0.9523809523809523, 0.9523809523809523, 0.9523809523809523, 0.9523809523809523, 0.9523809523809523, 0.9523809523809523, 0.9523809523809523, 0.9523809523809523, 0.9523809523809523, 0.9523809523809523, 0.9523809523809523, 0.9523809523809523, 0.9523809523809523, 0.9523809523809523, 0.9523809523809523, 0.9523809523809523, 0.9523809523809523, 0.9523809523809523, 0.9523809523809523, 0.9523809523809523, 0.9523809523809523, 0.9523809523809523, 0.9523809523809523, 0.9523809523809523, 0.9523809523809523, 0.9523809523809523, 0.9523809523809523, 0.9523809523809523], "time": [1.8039505004882812, 4.101706790924072, 6.3860331058502195, 8.674943923950195, 10.97766318321228, 13.266735315322876, 15.563106298446655, 17.852413940429688, 20.153613328933716, 22.45303750038147, 24.744103574752806, 27.04715495109558, 29.338304138183595, 31.634284496307373, 33.94103088378906, 36.24701080322266, 38.54279408454895, 40.82874693870544, 43.12480092048645, 45.41515760421753, 47.70754189491272, 49.98504528999329, 52.26702218055725, 54.560986280441284, 56.86332340240479, 59.15502905845642, 61.4503731250763, 63.734638404846194, 66.02742433547974, 68.33374342918395, 70.63079605102538, 72.93983206748962, 75.25664625167846, 77.54908924102783, 79.85219011306762, 82.15621571540832, 84.46048307418823, 86.77644081115723, 89.06532955169678, 91.35598783493042, 93.65965609550476, 95.96346292495727, 98.26755924224854, 100.57079257965088, 102.87883810997009, 105.1829969406128, 107.47521305084229, 109.76588726043701, 112.04271388053894, 114.35440316200257], "fwd_val": [3.587437099880643, 2.2721035851372613, 2.0762083265516496, 1.9658484564887153, 1.846297158135308, 1.7866961585150825, 1.7163113488091362, 1.6302318572998047, 1.5472408082750106, 1.4852700339423284, 1.4208389706081814, 1.3496398713853623, 1.314751773410373, 1.2446334626939561, 1.202270645565457, 1.123832596672906, 1.0915192710028756, 1.0200108740064833, 0.9748128467135959, 0.9327319780985516, 0.8461669392055935, 0.7963333977593317, 0.7342808617485893, 0.6824225478702122, 0.6321692837609185, 0.564175934261746, 0.5204776446024577, 0.4503888818952772, 0.4084379990895589, 0.40297359360588925, 0.32033869690365263, 0.30506410598754885, 0.2720413737826877, 0.3350250562032064, 0.2737301190694173, 0.23524193498823376, 0.237788446744283, 0.20354857444763183, 0.30660035875108504, 0.26980236371358235, 0.2157817151811388, 0.2270030286577013, 0.21189505524105495, 0.21013874742719865, 0.2051613171895345, 0.21419976817237005, 0.20833897590637207, 0.2096621619330512, 0.22640584574805364, 0.35932706726921926], "testAccuracy": [0.07936260849237442, 0.25764453411102295, 0.13515719771385193, 0.06692223250865936, 0.06712737679481506, 0.06197020038962364, 0.0546407625079155, 0.056270282715559006, 0.052797142416238785, 0.05159306898713112, 0.04983164742588997, 0.050923123955726624, 0.04909437522292137, 0.049296047538518906, 0.05669628828763962], "testStd": [0.0, 0.0, 0.0, 0.0, 0.0, 0.0, 0.0, 0.0, 0.0, 0.0, 0.0, 0.0, 0.0, 0.0, 0.0]}}}}