{"none": {"gaussianElement": {"1e0": {"loss": [2.0266473558213973, 1.9908458164760046, 1.950040302579365, 1.9129322596958704, 1.8865119086371527, 1.874386257595486, 1.8514875381711928, 1.838413359626891, 1.8204877338712178, 1.8119688488188244, 1.8090573265438987, 1.7874404665023562, 1.7942228165883867, 1.7705346364823598, 1.7574399312337239, 1.7577691456628222, 1.743951646108476, 1.7299161638532368, 1.703485276963976, 1.6898513672843813, 1.6792244078621035, 1.6643257746620783, 1.662289089626736, 1.6338548811655196, 1.6508219885447668, 1.6458669389997211, 1.6119310288202195, 1.775889139326792, 1.637210422092014, 1.592557089669364, 1.5841794695172993, 1.6091558668348525, 1.6041986374627974, 1.5739944700210813, 1.5679141453334264, 1.5638055952768477, 1.5634032960922, 1.5695720854259674, 1.5674131484258744, 1.581339820982918, 1.5986717466324094, 1.59321539742606, 1.5834705413333954, 1.5721466427757627, 1.5700603061252172, 1.5681397574288507, 1.5945365542457217, 1.5657096741691465, 1.5920255751836867, 1.5925051371256511], "iden": [0.0, 0.0, 0.0, 0.0, 0.0, 0.0, 0.0, 0.0, 0.0, 0.0, 0.0, 0.0, 0.0, 0.0, 0.0, 0.0, 0.0, 0.0, 0.0, 0.0, 0.0, 0.0, 0.0, 0.0, 0.0, 0.0, 0.0, 0.0, 0.0, 0.0, 0.0, 0.0, 0.0, 0.0, 0.0, 0.0, 0.0, 0.0, 0.0, 0.0, 0.0, 0.0, 0.0, 0.0, 0.0, 0.0, 0.0, 0.0, 0.0, 0.0], "fwd": [0.8361711653452071, 0.800369625999814, 0.7595640666901119, 0.7224560389443049, 0.6960357030232748, 0.6839101579454211, 0.6610114687965031, 0.6479372145637633, 0.6300115433950273, 0.6214926129295713, 0.6185811512053959, 0.5969643063015408, 0.6037467018006341, 0.5800584611438571, 0.5669637104821584, 0.567292955186632, 0.5534755010453482, 0.5394400339277964, 0.5130090410747226, 0.4993752070835658, 0.48874821738591273, 0.473849614461263, 0.47181286887517054, 0.443378660413954, 0.46034576779320124, 0.4553906576974051, 0.4214548534817166, 0.5854130245390393, 0.4467342618911985, 0.4020808991931734, 0.3937032184903584, 0.418679676358662, 0.41372249239966985, 0.3835182038564531, 0.37743794728839203, 0.37332932154337567, 0.3729270980471657, 0.37909597063821465, 0.3769369806562151, 0.390863645644415, 0.4081955864315941, 0.40273922965640113, 0.3929943357195173, 0.38167057340107263, 0.3795841383555579, 0.3776634988330659, 0.404060371338375, 0.375233460986425, 0.40154939984518384, 0.4020289466494605], "bwd": [0.0, 0.0, 0.0, 0.0, 0.0, 0.0, 0.0, 0.0, 0.0, 0.0, 0.0, 0.0, 0.0, 0.0, 0.0, 0.0, 0.0, 0.0, 0.0, 0.0, 0.0, 0.0, 0.0, 0.0, 0.0, 0.0, 0.0, 0.0, 0.0, 0.0, 0.0, 0.0, 0.0, 0.0, 0.0, 0.0, 0.0, 0.0, 0.0, 0.0, 0.0, 0.0, 0.0, 0.0, 0.0, 0.0, 0.0, 0.0, 0.0, 0.0], "cons": [0.0, 0.0, 0.0, 0.0, 0.0, 0.0, 0.0, 0.0, 0.0, 0.0, 0.0, 0.0, 0.0, 0.0, 0.0, 0.0, 0.0, 0.0, 0.0, 0.0, 0.0, 0.0, 0.0, 0.0, 0.0, 0.0, 0.0, 0.0, 0.0, 0.0, 0.0, 0.0, 0.0, 0.0, 0.0, 0.0, 0.0, 0.0, 0.0, 0.0, 0.0, 0.0, 0.0, 0.0, 0.0, 0.0, 0.0, 0.0, 0.0, 0.0], "eigen": [1.1904761904761905, 1.1904761904761905, 1.1904761904761905, 1.1904761904761905, 1.1904761904761905, 1.1904761904761905, 1.1904761904761905, 1.1904761904761905, 1.1904761904761905, 1.1904761904761905, 1.1904761904761905, 1.1904761904761905, 1.1904761904761905, 1.1904761904761905, 1.1904761904761905, 1.1904761904761905, 1.1904761904761905, 1.1904761904761905, 1.1904761904761905, 1.1904761904761905, 1.1904761904761905, 1.1904761904761905, 1.1904761904761905, 1.1904761904761905, 1.1904761904761905, 1.1904761904761905, 1.1904761904761905, 1.1904761904761905, 1.1904761904761905, 1.1904761904761905, 1.1904761904761905, 1.1904761904761905, 1.1904761904761905, 1.1904761904761905, 1.1904761904761905, 1.1904761904761905, 1.1904761904761905, 1.1904761904761905, 1.1904761904761905, 1.1904761904761905, 1.1904761904761905, 1.1904761904761905, 1.1904761904761905, 1.1904761904761905, 1.1904761904761905, 1.1904761904761905, 1.1904761904761905, 1.1904761904761905, 1.1904761904761905, 1.1904761904761905], "time": [1.8515196641286213, 4.233683745066325, 6.605247974395752, 9.010581254959106, 11.403590202331543, 13.784138679504395, 16.18805702527364, 18.572997172673542, 20.953620592753094, 23.33587384223938, 25.73601269721985, 28.117700497309368, 30.489591360092163, 32.88361922899882, 35.277066787083946, 37.67578570048014, 40.05351161956787, 42.45475745201111, 44.83593495686849, 47.2186549504598, 49.60442821184794, 51.991439501444496, 54.37714449564616, 56.75879883766174, 59.15477101008097, 61.52798358599345, 63.91312988599142, 66.30644464492798, 68.70785450935364, 71.08711385726929, 73.47498933474223, 75.85439888636272, 78.22800485293071, 80.62600946426392, 83.02880255381267, 85.4079704284668, 87.79696623484294, 90.1879665851593, 92.5815360546112, 94.95974055926006, 97.35188786188762, 99.74115022023518, 102.12141585350037, 104.52214185396831, 106.91048129399617, 109.31724699338277, 111.70528928438823, 114.09847704569499, 116.48964190483093, 118.87219007809956], "fwd_val": [2.3905562648066767, 2.2604944794266313, 2.0503063908329717, 1.9298824380945276, 1.8497046717890988, 1.7506258222791882, 1.670044810683639, 1.5983824200100367, 1.5205711082175926, 1.495472236915871, 1.4470481519345884, 1.4168530923348885, 1.3375056231463398, 1.2323458636248554, 1.292708926730686, 1.1375168341177482, 1.073147968009666, 0.998527518025151, 0.9584426879882812, 0.8917402691311306, 0.7842746487370245, 0.8343760525738751, 0.7653104287606699, 0.7017083874455204, 0.7831509554827655, 0.45982499475832334, 0.41210235489739305, 0.5377836050810637, 0.5636610984802245, 0.34496632328739874, 0.38819928963979083, 0.4996732870737712, 0.29957720085426615, 0.2951707663359466, 0.26950283403749814, 0.26870176527235246, 0.2671258184644911, 0.25991682211558026, 0.33913230895996094, 0.27199468789277254, 0.34219144891809533, 0.38171565974200217, 0.2646075266378897, 0.37374044347692426, 0.22966398574687816, 0.4091912463859275, 0.3232014885655156, 0.31110884525157784, 0.5200563095234059, 0.2704640847665292], "testAccuracy": [0.11443314701318741, 0.07939803600311279, 0.05329526588320732, 0.05238057300448418, 0.052617743611335754, 0.05971687659621239, 0.05315177142620087, 0.050707582384347916, 0.05078565701842308, 0.05087360367178917, 0.05086081475019455, 0.05300727114081383, 0.05086733028292656, 0.05119456350803375, 0.05332011356949806], "testStd": [0.0, 0.0, 0.0, 0.0, 0.0, 0.0, 0.0, 0.0, 0.0, 0.0, 0.0, 0.0, 0.0, 0.0, 0.0]}}, "spikeAndSlabVeryLarge": {"1e0": {"loss": [3.6918264116559705, 2.2666538783482144, 4.312552255297464, 3.5840986948164684, 2.0986131335061695, 1.7830354599725633, 1.7675899323962987, 2.0167996845548113, 1.6624385894290985, 1.6293093363444011, 1.600869678315662, 1.6075814867776537, 1.5765546162923176, 1.6347081623380146, 1.5831134735591827, 1.5947886875697546, 1.5725823659745473, 1.5746605282738095, 1.5776219443669397, 1.5690462627108135, 1.5741399734739272, 1.5616717262873572, 1.5836495899018788, 1.5826340932694691, 1.5677769978841145, 1.5824373638819134, 1.5972730848524304, 1.64147458757673, 1.6049778650677393, 1.584762754894438, 1.5829034835573228, 1.5800764901297433, 1.6322754753960504, 1.5904925512889074, 1.6061627826993428, 1.6049530392601377, 1.6228505089169456, 1.5890548948257688, 1.5869808499775235, 1.561144510904948, 1.6203099205380393, 1.5807283795069134, 1.561742933969649, 1.5570752582852803, 1.5622051178462921, 1.5620917062910777, 1.5965194702148438, 1.5725533016144284, 1.5814222305540053, 1.597296154688275], "iden": [0.0, 0.0, 0.0, 0.0, 0.0, 0.0, 0.0, 0.0, 0.0, 0.0, 0.0, 0.0, 0.0, 0.0, 0.0, 0.0, 0.0, 0.0, 0.0, 0.0, 0.0, 0.0, 0.0, 0.0, 0.0, 0.0, 0.0, 0.0, 0.0, 0.0, 0.0, 0.0, 0.0, 0.0, 0.0, 0.0, 0.0, 0.0, 0.0, 0.0, 0.0, 0.0, 0.0, 0.0, 0.0, 0.0, 0.0, 0.0, 0.0, 0.0],