{"unit_circle_mse": {"gaussianElement": {"1e0": {"loss": [0.920677487812345, 0.8946813855852399, 0.8409442598857577, 0.8218871828109499, 0.8050373925103081, 0.7871828230600508, 0.7719882934812515, 0.7549678863040986, 0.7389254191565136, 0.7205780120123001, 0.703306758214557, 0.6901580871097625, 0.6817534159100244, 0.6602176181853764, 0.6427111247229198, 0.7030206105065724, 0.6236824459499783, 0.6015128786601718, 0.5880147540380084, 0.5702867659311446, 0.559761713421534, 0.5330366709875682, 0.5159053499736483, 0.5018646603538875, 0.4836964834304083, 0.46584648556179475, 0.4497780724177285, 0.4436556044079008, 0.43467386942061165, 0.4342413554115901, 0.4314717489575583, 0.429770136636401, 0.4249513414171007, 0.4230914797101702, 0.45454102470761254, 0.41777971055772567, 0.42197393992590526, 0.42176830957806294, 0.4221303425137959, 0.41782733372279574, 0.41759833078535774, 0.41485928732251365, 0.41584102691165986, 0.4164729345412481, 0.41705870249914745, 0.41331999642508377, 0.4128965498909118, 0.41332361433241105, 0.4130713901822529, 0.4185290866427951], "iden": [0.0, 0.0, 0.0, 0.0, 0.0, 0.0, 0.0, 0.0, 0.0, 0.0, 0.0, 0.0, 0.0, 0.0, 0.0, 0.0, 0.0, 0.0, 0.0, 0.0, 0.0, 0.0, 0.0, 0.0, 0.0, 0.0, 0.0, 0.0, 0.0, 0.0, 0.0, 0.0, 0.0, 0.0, 0.0, 0.0, 0.0, 0.0, 0.0, 0.0, 0.0, 0.0, 0.0, 0.0, 0.0, 0.0, 0.0, 0.0, 0.0, 0.0], "fwd": [0.855385250515408, 0.8308080945696149, 0.777887192983476, 0.759498051234654, 0.7432384188213046, 0.7259210556272476, 0.7112361363002232, 0.6946668927631681, 0.6790477661859423, 0.6610989646306114, 0.6442192925347222, 0.6314449764433362, 0.6233614361475385, 0.602087762620714, 0.5848229120648096, 0.6453612494090247, 0.5662088545541915, 0.5441801888602119, 0.5308047551957388, 0.5132052860562764, 0.5028141566685268, 0.4762053413996621, 0.459209093971858, 0.44531193990556023, 0.427262442452567, 0.40953898051428417, 0.39359823105827213, 0.3876005505758619, 0.3787439437139602, 0.3784380564613948, 0.3757960909888858, 0.3742116973513649, 0.3695133905562143, 0.36777357828049434, 0.3993554645114475, 0.3627493646409776, 0.3671383403596424, 0.3671307942223927, 0.36767309431045775, 0.3635395292251829, 0.36350440979003906, 0.3609460421970912, 0.3621270315987723, 0.36295685692439, 0.3637372728378054, 0.36019660556127153, 0.35998660042172387, 0.3606236397273957, 0.36061280871194507, 0.36632503025115487], "bwd": [0.0, 0.0, 0.0, 0.0, 0.0, 0.0, 0.0, 0.0, 0.0, 0.0, 0.0, 0.0, 0.0, 0.0, 0.0, 0.0, 0.0, 0.0, 0.0, 0.0, 0.0, 0.0, 0.0, 0.0, 0.0, 0.0, 0.0, 0.0, 0.0, 0.0, 0.0, 0.0, 0.0, 0.0, 0.0, 0.0, 0.0, 0.0, 0.0, 0.0, 0.0, 0.0, 0.0, 0.0, 0.0, 0.0, 0.0, 0.0, 0.0, 0.0], "cons": [0.0, 0.0, 0.0, 0.0, 0.0, 0.0, 0.0, 0.0, 0.0, 0.0, 0.0, 0.0, 0.0, 0.0, 0.0, 0.0, 0.0, 0.0, 0.0, 0.0, 0.0, 0.0, 0.0, 0.0, 0.0, 0.0, 0.0, 0.0, 0.0, 0.0, 0.0, 0.0, 0.0, 0.0, 0.0, 0.0, 0.0, 0.0, 0.0, 0.0, 0.0, 0.0, 0.0, 0.0, 0.0, 0.0, 0.0, 0.0, 0.0, 0.0], "eigen": [0.06529219566829621, 0.06387329858446877, 0.06305704041132852, 0.06238905588785807, 0.061798966120159816, 0.06126172769637336, 0.060752174210926844, 0.060300985972086586, 0.059877681353735536, 0.059479036028423006, 0.05908746567983476, 0.05871310688200451, 0.05839197787027511, 0.058129847995818607, 0.057888218334742954, 0.057659374343024365, 0.05747359139578683, 0.05733270115322537, 0.05720998559679304, 0.05708147230602446, 0.056947556753007195, 0.056831340941171794, 0.05669623707968091, 0.05655272423274934, 0.05643402773236472, 0.05630754478394039, 0.05617983568282354, 0.056055057616460895, 0.05592992759886242, 0.055803264890398295, 0.055675659860883436, 0.05555843739282517, 0.05543796789078486, 0.05531790332188682, 0.05518557533385262, 0.055030366731068446, 0.05483561470395043, 0.0546375040024046, 0.05445725766439286, 0.05428779503655812, 0.05409392477974059, 0.053913222418891064, 0.0537139858518328, 0.05351605680253771, 0.05332142587692019, 0.05312339086381216, 0.05290994757697696, 0.05269996135953873, 0.052458589039151626, 0.05220406585269505], "time": [1.8313841819763184, 4.19577685991923, 6.578446467717488, 8.959657033284506, 11.326397816340128, 13.713318030039469, 16.101604382197063, 18.48099462191264, 20.846126556396484, 23.229342699050903, 25.601486921310425, 27.968781153361004, 30.340807676315308, 32.71315360069275, 35.093130588531494, 37.467917362848915, 39.84245220820109, 42.20695662498474, 44.58707841237386, 46.963056802749634, 49.335519313812256, 51.70652937889099, 54.08255314826965, 56.46589922904968, 58.85228212674459, 61.236828088760376, 63.60749554634094, 65.9755831559499, 68.35775589942932, 70.7303683757782, 73.11404212315877, 75.49217772483826, 77.8736191590627, 80.25635703404744, 82.63805238405864, 85.00599368413289, 87.38423697153728, 89.76028760274251, 92.12644974390666, 94.49057420094807, 96.86663063367207, 99.2484625975291, 101.62824734052022, 104.00583553314209, 106.37437240282695, 108.75427389144897, 111.13218688964844, 113.51132694880168, 115.90523028373718, 118.28560702006023], "fwd_val": [2.5904808750859014, 2.299363242255317, 2.215176405730071, 2.1430091151484736, 2.058402520638925, 1.983635796440972, 1.9026196797688801, 1.8282715126320168, 1.7457752227783203, 1.6672002297860604, 1.5983962306269894, 1.5113225159821688, 1.4341148093894676, 1.3903224733140733, 1.3750036734121818, 1.2808442998815466, 1.1612257074426722, 1.083875090987594, 1.0127840042114258, 0.955311139424642, 0.8250761738529911, 0.7311362513789423, 0.6370508935716418, 0.5383973651462132, 0.461835711090653, 0.3739709942429154, 0.3299577501085069, 0.2725096896842674, 0.272814291494864, 0.28686726093292236, 0.2521358684257225, 0.23819424046410456, 0.21799599241327358, 0.21649456024169922, 0.20334579326488353, 0.2211165957980686, 0.20702967820344145, 0.21216387218899194, 0.1989092915146439, 0.1961951564859461, 0.19785443058720342, 0.19272873578248198, 0.18926276542522288, 0.20121988543757685, 0.19110669471599437, 0.22100919705850108, 0.18974625181268764, 0.19426163920649775, 0.19825944194087275, 0.21356472262629755], "testAccuracy": [0.0915299504995346, 0.0811866745352745, 0.09553356468677521, 0.07749874889850616, 0.069808229804039, 0.050635628402233124, 0.050987619906663895, 0.05153384804725647, 0.05119311437010765, 0.05577821284532547, 0.04890202730894089, 0.05396290495991707, 0.057798270136117935, 0.05792231485247612, 0.057562462985515594], "testStd": [0.0, 0.0, 0.0, 0.0, 0.0, 0.0, 0.0, 0.0, 0.0, 0.0, 0.0, 0.0, 0.0, 0.0, 0.0]}}}}