{"unit_circle_mse-none": {"gaussianElement": {"1e0": {"loss": [0.9471305665515718, 1.0069009690057664, 0.8923437027704149, 0.871668225242978, 0.8640128544398716, 0.8508678617931548, 0.8350640251522973, 0.8178244999476841, 0.8051352727980841, 0.7923916407993862, 0.7812085832868304, 0.7832760583786738, 0.7697884695870536, 0.7439346767607189, 0.7381867908296131, 0.7697755722772508, 0.715173221769787, 0.7037097385951451, 0.6937227249145508, 0.6746327990577334, 0.6633084615071615, 0.6647801172165644, 0.6402563821701777, 0.6501957121349516, 0.6076626550583613, 0.6113962900070917, 0.5867900394258045, 0.5793975648425874, 0.5761690593901134, 0.5783908026559013, 0.553063574291411, 0.5548763275146484, 0.5280885242280506, 0.5154099237351191, 0.4991620835803804, 0.5004405067080543, 0.4815661112467448, 0.4745089667184012, 0.556929179600307, 0.4644155048188709, 0.4605837776547387, 0.4599863688151042, 0.46914359501429964, 0.4590781529744466, 0.46147623516264413, 0.4534116472516741, 0.4597014472598121, 0.4557667686825707, 0.4572777521042597, 0.45497540065220426], "iden": [0.0, 0.0, 0.0, 0.0, 0.0, 0.0, 0.0, 0.0, 0.0, 0.0, 0.0, 0.0, 0.0, 0.0, 0.0, 0.0, 0.0, 0.0, 0.0, 0.0, 0.0, 0.0, 0.0, 0.0, 0.0, 0.0, 0.0, 0.0, 0.0, 0.0, 0.0, 0.0, 0.0, 0.0, 0.0, 0.0, 0.0, 0.0, 0.0, 0.0, 0.0, 0.0, 0.0, 0.0, 0.0, 0.0, 0.0, 0.0, 0.0, 0.0], "fwd": [0.8518924713134766, 0.9116628737676711, 0.7971056075323195, 0.7764301300048828, 0.7687747592017764, 0.7556297665550595, 0.739825929914202, 0.7225863592965263, 0.7098971775599888, 0.6971535001482282, 0.6859704880487352, 0.6880379631405785, 0.674550419762021, 0.6486965815226237, 0.6429486955915179, 0.6745374770391555, 0.6199351265316918, 0.6084716433570498, 0.5984846296764555, 0.5793947038196382, 0.5680703662690663, 0.5695420219784691, 0.5450182869320824, 0.5549576168968564, 0.512424559820266, 0.5161581947689965, 0.49155194418770926, 0.4841594696044922, 0.48093096415201825, 0.48315270741780597, 0.45782547905331566, 0.4596382322765532, 0.43285042898995535, 0.42017182849702384, 0.40392398834228516, 0.40520241146995906, 0.3863280160086496, 0.37927087148030597, 0.4616910843622117, 0.36917740958077566, 0.36534570512317477, 0.3647482962835403, 0.3739054997762044, 0.36384003502982004, 0.3662381399245489, 0.3581735747201102, 0.36446335202171687, 0.3605286507379441, 0.36203965686616446, 0.359737305414109], "bwd": [0.0, 0.0, 0.0, 0.0, 0.0, 0.0, 0.0, 0.0, 0.0, 0.0, 0.0, 0.0, 0.0, 0.0, 0.0, 0.0, 0.0, 0.0, 0.0, 0.0, 0.0, 0.0, 0.0, 0.0, 0.0, 0.0, 0.0, 0.0, 0.0, 0.0, 0.0, 0.0, 0.0, 0.0, 0.0, 0.0, 0.0, 0.0, 0.0, 0.0, 0.0, 0.0, 0.0, 0.0, 0.0, 0.0, 0.0, 0.0, 0.0, 0.0], "cons": [0.0, 0.0, 0.0, 0.0, 0.0, 0.0, 0.0, 0.0, 0.0, 0.0, 0.0, 0.0, 0.0, 0.0, 0.0, 0.0, 0.0, 0.0, 0.0, 0.0, 0.0, 0.0, 0.0, 0.0, 0.0, 0.0, 0.0, 0.0, 0.0, 0.0, 0.0, 0.0, 0.0, 0.0, 0.0, 0.0, 0.0, 0.0, 0.0, 0.0, 0.0, 0.0, 0.0, 0.0, 0.0, 0.0, 0.0, 0.0, 0.0, 0.0], "eigen": [0.09523809523809523, 0.09523809523809523, 0.09523809523809523, 0.09523809523809523, 0.09523809523809523, 0.09523809523809523, 0.09523809523809523, 0.09523809523809523, 0.09523809523809523, 0.09523809523809523, 0.09523809523809523, 0.09523809523809523, 0.09523809523809523, 0.09523809523809523, 0.09523809523809523, 0.09523809523809523, 0.09523809523809523, 0.09523809523809523, 0.09523809523809523, 0.09523809523809523, 0.09523809523809523, 0.09523809523809523, 0.09523809523809523, 0.09523809523809523, 0.09523809523809523, 0.09523809523809523, 0.09523809523809523, 0.09523809523809523, 0.09523809523809523, 0.09523809523809523, 0.09523809523809523, 0.09523809523809523, 0.09523809523809523, 0.09523809523809523, 0.09523809523809523, 0.09523809523809523, 0.09523809523809523, 0.09523809523809523, 0.09523809523809523, 0.09523809523809523, 0.09523809523809523, 0.09523809523809523, 0.09523809523809523, 0.09523809523809523, 0.09523809523809523, 0.09523809523809523, 0.09523809523809523, 0.09523809523809523, 0.09523809523809523, 0.09523809523809523], "time": [3.871938943862915, 6.620505094528198, 8.841828107833862, 11.062653541564941, 13.271309852600098, 15.549966812133789, 17.805604457855225, 20.05249047279358, 22.254902601242065, 24.470454216003418, 26.706765174865723, 28.979777812957764, 31.240219116210938, 33.4630024433136, 35.69601583480835, 37.91107153892517, 40.13788342475891, 42.36433506011963, 44.58630704879761, 46.83697152137756, 49.04585933685303, 51.32856011390686, 53.6687228679657, 55.87783360481262, 58.11588764190674, 60.38098454475403, 62.64284825325012, 64.89103412628174, 67.10884666442871, 69.35308647155762, 71.59082841873169, 73.82870817184448, 76.06837821006775, 78.35075116157532, 80.61940121650696, 82.88558292388916, 85.11770367622375, 87.37774729728699, 89.62650060653687, 91.88592171669006, 94.14230370521545, 96.3564682006836, 98.58895325660706, 100.84000086784363, 103.08607411384583, 105.31363582611084, 107.53274297714233, 109.81907844543457, 112.06736612319946, 114.29674816131592], "fwd_val": [2.9254476759168835, 2.4301660325792103, 2.2877629597981772, 2.2515572441948786, 2.188326941596137, 2.1212391323513455, 2.0398002200656467, 1.971478780110677, 1.909039815266927, 1.837808820936415, 1.8348560333251953, 1.758636686537001, 1.6482117970784504, 1.6580446031358507, 1.5889659457736545, 1.543236838446723, 1.4888811111450195, 1.4238948822021484, 1.3292838202582464, 1.24785582224528, 1.2755620744493272, 1.1150669521755643, 1.3330500920613606, 1.0020185046725802, 0.9519987106323242, 0.877608511182997, 0.8024370405409071, 0.7886292139689127, 0.8107844458685981, 0.8090270360310873, 0.632317066192627, 0.6264699300130209, 0.4664120144314236, 0.43748272789849174, 0.4016585879855686, 0.3526170518663194, 0.257797188229031, 0.5973840289645724, 0.24496984481811523, 0.2062001625696818, 0.1787310971154107, 0.22709298133850098, 0.2209998501671685, 0.20230494605170357, 0.19128563668992785, 0.19470225440131295, 0.1872458193037245, 0.1875122388203939, 0.19455239507887098, 0.18856067127651638], "testAccuracy": [0.06768113374710083, 0.06630206853151321, 0.06056104227900505, 0.08282794058322906, 0.053063880652189255, 0.053490400314331055, 0.05220044404268265, 0.052468348294496536, 0.05194592848420143, 0.048890694975852966, 0.04903135076165199, 0.049479685723781586, 0.04927833005785942, 0.053025174885988235, 0.04902218282222748], "testStd": [0.0, 0.0, 0.0, 0.0, 0.0, 0.0, 0.0, 0.0, 0.0, 0.0, 0.0, 0.0, 0.0, 0.0, 0.0]}}, "uniformEigen": {"1e0": {"loss": [10.482022240048362, 6.605138869512649, 3.1167795090448287, 0.7689070928664434, 0.8526456923711867, 0.5946640741257441, 0.5409332002912249, 0.5272021974836077, 0.5441480364118304, 0.7359496071225121, 0.5946353276570638, 0.6078521183558873, 0.5546985807872954, 0.6027247111002604, 0.504368782043457, 0.4881929215930757, 0.5380443391345796, 0.5026116144089472, 0.5138536180768695, 0.5164064225696382, 0.5088326590401786, 0.5144513448079427, 0.5224844614664713, 0.5564412616548085, 0.5469457535516649, 0.5550152006603423, 0.5043293635050455, 0.5935165768577939, 0.49782267070951913, 0.5167769023350307, 0.4804207029796782, 0.4836338134039016, 0.4734673272995722, 0.47202396392822266, 0.485047249566941, 0.4823562985374814, 0.4672653561546689, 0.4709097544352214, 0.47644283657982234, 0.4923216501871745, 0.5123825073242188, 0.5049285434541249, 0.9179604848225912, 0.9905560811360677, 0.5586827141898019, 0.5217946370442709, 0.5085993721371606, 0.4692541758219401, 0.4848979768298921, 0.478882698785691], "iden": [0.0, 0.0, 0.0, 0.0, 0.0, 0.0, 0.0, 0.0, 0.0, 0.0, 0.0, 0.0, 0.0, 0.0, 0.0, 0.0, 0.0, 0.0, 0.0, 0.0, 0.0, 0.0, 0.0, 0.0, 0.0, 0.0, 0.0, 0.0, 0.0, 0.0, 0.0, 0.0, 0.0, 0.0, 0.0, 0.0, 0.0, 0.0, 0.0, 0.0, 0.0, 0.0, 0.0, 0.0, 0.0, 0.0, 0.0, 0.0, 0.0, 0.0],