{"none": {"gaussianElement": {"1e0": {"loss": [0.8741223471505302, 0.8892270042782738, 0.8139078049432664, 0.8399792625790551, 0.8007755279541016, 0.8082262674967448, 0.7925682067871094, 0.7846919468470982, 0.7558299927484422, 0.7465770812261672, 0.7430378141857329, 0.7257627759660993, 0.718358902704148, 0.7049651373000372, 0.6732194083077567, 0.646544683547247, 0.6085993903023856, 0.5800287155877977, 0.5585969289143881, 0.6055670692807152, 0.6003961563110352, 0.5644274666195824, 0.48980413164411274, 0.5689130056472051, 0.5646804173787435, 0.5088228498186383, 0.7938294183640253, 0.6608560652959914, 0.5054397583007812, 0.62544922601609], "iden": [0.0, 0.0, 0.0, 0.0, 0.0, 0.0, 0.0, 0.0, 0.0, 0.0, 0.0, 0.0, 0.0, 0.0, 0.0, 0.0, 0.0, 0.0, 0.0, 0.0, 0.0, 0.0, 0.0, 0.0, 0.0, 0.0, 0.0, 0.0, 0.0, 0.0], "fwd": [0.8592413947695777, 0.8743460518973214, 0.799026852562314, 0.8250983101981026, 0.7858945755731492, 0.7933453151157924, 0.777687254406157, 0.7698109944661459, 0.7409490403674898, 0.7316961288452148, 0.7281568618047805, 0.710881823585147, 0.7034779503231957, 0.6900841849190849, 0.6583384559268043, 0.6316637311662946, 0.5937184379214332, 0.5651477632068452, 0.5437159765334356, 0.5906861168997628, 0.5855152039300828, 0.54954651423863, 0.47492317926316036, 0.5540320532662528, 0.5497994649977911, 0.493941897437686, 0.7789484659830729, 0.6459751129150391, 0.49055880591982887, 0.6105682736351377], "bwd": [0.0, 0.0, 0.0, 0.0, 0.0, 0.0, 0.0, 0.0, 0.0, 0.0, 0.0, 0.0, 0.0, 0.0, 0.0, 0.0, 0.0, 0.0, 0.0, 0.0, 0.0, 0.0, 0.0, 0.0, 0.0, 0.0, 0.0, 0.0, 0.0, 0.0], "cons": [0.0, 0.0, 0.0, 0.0, 0.0, 0.0, 0.0, 0.0, 0.0, 0.0, 0.0, 0.0, 0.0, 0.0, 0.0, 0.0, 0.0, 0.0, 0.0, 0.0, 0.0, 0.0, 0.0, 0.0, 0.0, 0.0, 0.0, 0.0, 0.0, 0.0], "eigen": [0.01488095238095238, 0.01488095238095238, 0.01488095238095238, 0.01488095238095238, 0.01488095238095238, 0.01488095238095238, 0.01488095238095238, 0.01488095238095238, 0.01488095238095238, 0.01488095238095238, 0.01488095238095238, 0.01488095238095238, 0.01488095238095238, 0.01488095238095238, 0.01488095238095238, 0.01488095238095238, 0.01488095238095238, 0.01488095238095238, 0.01488095238095238, 0.01488095238095238, 0.01488095238095238, 0.01488095238095238, 0.01488095238095238, 0.01488095238095238, 0.01488095238095238, 0.01488095238095238, 0.01488095238095238, 0.01488095238095238, 0.01488095238095238, 0.01488095238095238], "time": [3.5227437019348145, 6.403982639312744, 8.781189203262329, 11.160717010498047, 13.526281118392944, 15.880687952041626, 18.240204334259033, 20.594839811325073, 22.952253341674805, 25.31696391105652, 27.677005767822266, 30.027933835983276, 32.36924600601196, 34.72026038169861, 37.052069664001465, 39.43793773651123, 41.856908559799194, 44.240729570388794, 46.62970495223999, 49.00834941864014, 51.41919136047363, 53.78104853630066, 56.170345067977905, 58.5791699886322, 60.953861713409424, 63.31510257720947, 65.69589972496033, 68.06048607826233, 70.41723704338074, 72.80475687980652], "fwd_val": [2.8763198852539062, 2.416417439778646, 2.4658576117621527, 2.363242679172092, 2.3729451497395835, 2.300776375664605, 2.1870782640245228, 2.1547919379340277, 2.0818216535780163, 2.0327877468532987, 1.9855283101399739, 1.8937691582573786, 1.8964311811659071, 1.738523695203993, 1.5838513904147677, 1.4391963746812608, 1.3201088375515408, 1.1025846269395616, 1.0229953130086262, 0.8636464012993706, 1.5703688727484808, 0.5228709114922417, 1.8829744127061632, 0.44009653727213544, 1.3778036965264215, 1.1636483934190538, 2.505403306749132, 0.8195757336086698, 0.5242326524522569, 2.524841732449002], "testAccuracy": [0.27854180335998535, 0.21060654520988464, 0.9884592890739441, 1.2264080047607422, 3.4729011058807373, 0.8914148807525635, 2.204091787338257, 0.3768221437931061, 1.0549663305282593, 0.13082493841648102, 0.4357546865940094, 0.06413299590349197, 0.15535004436969757, 0.07584506273269653, 0.06294489651918411], "testStd": [0.0, 0.0, 0.0, 0.0, 0.0, 0.0, 0.0, 0.0, 0.0, 0.0, 0.0, 0.0, 0.0, 0.0, 0.0]}}}, "unit_circle_mse-none": {"gaussianElement": {"1e0": {"loss": [0.8710828508649554, 0.939705076671782, 0.8204194931756883, 0.8117286137172154, 0.799071266537621, 0.7821499960763114, 0.7733096168154762, 0.7327382223946708, 0.7088673001243955, 0.6706649235316685, 0.6195792243594215, 0.5491663614908854, 0.47218731471470426, 0.49933270045689176, 0.487622306460426, 0.5557496207101005, 0.4825176965622675, 0.5005726587204706, 0.4865639096214658, 0.4688332875569661, 0.44961198170979816, 0.4108896709623791, 0.4104393096197219, 0.42835013071695965, 0.42549342200869605, 0.4756773994082496, 0.43470786866687594, 0.5308758871895927, 0.4706716083344959, 0.39703219277518137], "iden": [0.0, 0.0, 0.0, 0.0, 0.0, 0.0, 0.0, 0.0, 0.0, 0.0, 0.0, 0.0, 0.0, 0.0, 0.0, 0.0, 0.0, 0.0, 0.0, 0.0, 0.0, 0.0, 0.0, 0.0, 0.0, 0.0, 0.0, 0.0, 0.0, 0.0], "fwd": [0.856201898484003, 0.9248241242908296, 0.8055385407947359, 0.7968476613362631, 0.7841903141566685, 0.767269043695359, 0.7584286190214611, 0.7178572700137184, 0.693986347743443, 0.6557839711507162, 0.6046982719784691, 0.534285409109933, 0.4573063623337519, 0.4844517480759394, 0.4727413540794736, 0.540868668329148, 0.4676367441813151, 0.48569170633951825, 0.4716829572405134, 0.45395233517601374, 0.4347310293288458, 0.3960087185814267, 0.39555835723876953, 0.41346917833600727, 0.41061246962774367, 0.4607964470272973, 0.41982691628592356, 0.5159949348086402, 0.4557906559535435, 0.382151240394229], "bwd": [0.0, 0.0, 0.0, 0.0, 0.0, 0.0, 0.0, 0.0, 0.0, 0.0, 0.0, 0.0, 0.0, 0.0, 0.0, 0.0, 0.0, 0.0, 0.0, 0.0, 0.0, 0.0, 0.0, 0.0, 0.0, 0.0, 0.0, 0.0, 0.0, 0.0], "cons": [0.0, 0.0, 0.0, 0.0, 0.0, 0.0, 0.0, 0.0, 0.0, 0.0, 0.0, 0.0, 0.0, 0.0, 0.0, 0.0, 0.0, 0.0, 0.0, 0.0, 0.0, 0.0, 0.0, 0.0, 0.0, 0.0, 0.0, 0.0, 0.0, 0.0], "eigen": [0.01488095238095238, 0.01488095238095238, 0.01488095238095238, 0.01488095238095238, 0.01488095238095238, 0.01488095238095238, 0.01488095238095238, 0.01488095238095238, 0.01488095238095238, 0.01488095238095238, 0.01488095238095238, 0.01488095238095238, 0.01488095238095238, 0.01488095238095238, 0.01488095238095238, 0.01488095238095238, 0.01488095238095238, 0.01488095238095238, 0.01488095238095238, 0.01488095238095238, 0.01488095238095238, 0.01488095238095238, 0.01488095238095238, 0.01488095238095238, 0.01488095238095238, 0.01488095238095238, 0.01488095238095238, 0.01488095238095238, 0.01488095238095238, 0.01488095238095238], "time": [1.8232543468475342, 4.217732667922974, 6.586314678192139, 8.92281174659729, 11.304348945617676, 13.64761209487915, 16.018454551696777, 18.378582000732422, 20.710291385650635, 23.107312202453613, 25.481107473373413, 27.850468158721924, 30.207967042922974, 32.57454705238342, 34.942410945892334, 37.27197217941284, 39.628989458084106, 41.97217583656311, 44.3492636680603, 46.677350759506226, 49.04307293891907, 51.41429162025452, 53.81327700614929, 56.162861585617065, 58.54026532173157, 60.91565990447998, 63.296300172805786, 65.67979502677917, 68.03331136703491, 70.38403511047363], "fwd_val": [3.148166232638889, 2.4293185340033636, 2.37430911593967, 2.339461432562934, 2.252690209282769, 2.1460740831163196, 2.0267999437120228, 1.9342803955078125, 1.7608364952935114, 1.5371407402886286, 1.225156995985243, 0.8777342902289497, 0.39661004808213973, 1.3204786512586806, 0.8300382826063368, 0.7184156841701932, 0.7330394321017795, 0.9062828487820096, 0.44792906443277997, 1.0335848066541884, 0.26690361234876847, 0.3573973973592122, 0.25782447391086155, 0.44804022047254777, 0.5296342107984755, 0.27059321933322483, 1.0408013661702473, 0.675069702996148, 0.4715789159138997, 0.47500816980997723], "testAccuracy": [0.07939690351486206, 0.16232392191886902, 0.17137369513511658, 0.17701344192028046, 0.1722874790430069, 0.16809985041618347, 0.15825846791267395, 0.15099506080150604, 0.14556927978992462, 0.14112330973148346, 0.13348457217216492, 0.12896127998828888, 0.1302596628665924, 0.1212041974067688, 0.11396156251430511],