{"unit_circle_mse": {"gaussianElement": {"1e0": {"loss": [1.5144006910778227, 1.4562614259265723, 1.4116683505830312, 1.3789024807157975, 1.353119250706264, 1.3275579270862399, 1.2990384601411367, 1.2714939026605514, 1.245642507643927, 1.2204811822800408, 1.1908377147856213, 1.164002545674642, 1.1401574543544224, 1.1135687964303154, 1.0838184901646204, 1.0629992167154947, 1.033181263151623, 1.0036840257190522, 0.9733799616495767, 0.9446356455485028, 0.9183434168497723, 0.8956294195992607, 0.8744471413748605, 0.8527705510457355, 0.8580236071632023, 0.8274726595197406, 0.8220266523815336, 0.8105041685558501, 0.8100663321358818, 0.8429796945481073, 0.8458175840831939, 0.7902791976928711, 0.7856184051150368, 0.7769347599574499, 0.7719166891915459, 0.7666749590919131, 0.7609084901355562, 0.7537600925990513, 0.7498890604291644, 0.7432201249258858, 0.7366781643458775, 0.7301597277323405, 0.7265356790451777, 0.7215161641438802, 0.7138507979256766, 0.7062362035115559, 0.7033227920532227, 0.6958224932352701, 0.6908259936741421, 0.6871209462483724], "iden": [0.0, 0.0, 0.0, 0.0, 0.0, 0.0, 0.0, 0.0, 0.0, 0.0, 0.0, 0.0, 0.0, 0.0, 0.0, 0.0, 0.0, 0.0, 0.0, 0.0, 0.0, 0.0, 0.0, 0.0, 0.0, 0.0, 0.0, 0.0, 0.0, 0.0, 0.0, 0.0, 0.0, 0.0, 0.0, 0.0, 0.0, 0.0, 0.0, 0.0, 0.0, 0.0, 0.0, 0.0, 0.0, 0.0, 0.0, 0.0, 0.0, 0.0], "fwd": [0.8594513938540504, 0.8179839088803245, 0.7869551431565058, 0.7665810176304408, 0.7524292264665876, 0.7378338859194802, 0.7196526209513345, 0.7018961543128605, 0.6853707903907413, 0.669007292247954, 0.6476268677484421, 0.6287939616612025, 0.6126335098629905, 0.5932165690830776, 0.5702867235456195, 0.5560566675095331, 0.5323993092491512, 0.5088623364766439, 0.4842791784377325, 0.46117378870646164, 0.44056281589326407, 0.4233799798148019, 0.40749764669509164, 0.3909363678523472, 0.4012027854011172, 0.37554250898815333, 0.3749437127794539, 0.36827011562529066, 0.3727174804324196, 0.4105372065589542, 0.4182641824086507, 0.36754949206397647, 0.36772886457897364, 0.364134000596546, 0.3643811316717239, 0.36451273645673476, 0.3643306073688325, 0.3628339949108305, 0.36461775189354306, 0.36362163225809735, 0.362754690079462, 0.3619231859842936, 0.363980617977324, 0.3645951770600818, 0.3625805241721017, 0.36058965637570334, 0.3634757496061779, 0.36187073616754445, 0.36263172512962705, 0.3645745413643973], "bwd": [0.0, 0.0, 0.0, 0.0, 0.0, 0.0, 0.0, 0.0, 0.0, 0.0, 0.0, 0.0, 0.0, 0.0, 0.0, 0.0, 0.0, 0.0, 0.0, 0.0, 0.0, 0.0, 0.0, 0.0, 0.0, 0.0, 0.0, 0.0, 0.0, 0.0, 0.0, 0.0, 0.0, 0.0, 0.0, 0.0, 0.0, 0.0, 0.0, 0.0, 0.0, 0.0, 0.0, 0.0, 0.0, 0.0, 0.0, 0.0, 0.0, 0.0], "cons": [0.0, 0.0, 0.0, 0.0, 0.0, 0.0, 0.0, 0.0, 0.0, 0.0, 0.0, 0.0, 0.0, 0.0, 0.0, 0.0, 0.0, 0.0, 0.0, 0.0, 0.0, 0.0, 0.0, 0.0, 0.0, 0.0, 0.0, 0.0, 0.0, 0.0, 0.0, 0.0, 0.0, 0.0, 0.0, 0.0, 0.0, 0.0, 0.0, 0.0, 0.0, 0.0, 0.0, 0.0, 0.0, 0.0, 0.0, 0.0, 0.0, 0.0], "eigen": [0.6549492972237723, 0.6382775261288598, 0.6247132210504441, 0.6123214676266625, 0.6006900424049014, 0.5897240366254535, 0.5793858391898018, 0.5695977256411598, 0.5602716809227354, 0.5514738991146997, 0.5432108697437105, 0.535208593096052, 0.5275239535740444, 0.5203522273472377, 0.5135317620776949, 0.5069425446646554, 0.5007819584437778, 0.49482168924240844, 0.48910080137706935, 0.48346184321812224, 0.4777805873325893, 0.47224945794968376, 0.4669494855971563, 0.4618341990879603, 0.4568208467392695, 0.451930164155506, 0.4470829554966519, 0.4422340529305594, 0.4373488471621559, 0.4324424925304594, 0.4275533903212774, 0.4227297192528135, 0.41788954961867564, 0.4128007525489443, 0.4075355438959031, 0.4021622021993002, 0.396577889578683, 0.3909261067708333, 0.3852713062649682, 0.37959849720909483, 0.37392347880772187, 0.36823653720674066, 0.3625550633385068, 0.3569209984370641, 0.35127027602422806, 0.34564653351193375, 0.33984704471769783, 0.33395175933837895, 0.32819426627386183, 0.3225464048839751], "time": [1.8623090505599975, 4.280236744880677, 6.703530335426331, 9.11861186027527, 11.538843464851379, 13.952134490013123, 16.36781680583954, 18.785363388061523, 21.203008031845094, 23.625311923027038, 26.049244356155395, 28.46853187084198, 30.884884786605834, 33.303384113311765, 35.71963758468628, 38.130907034873964, 40.546836614608765, 42.96210548877716, 45.37769103050232, 47.797315669059756, 50.213376593589786, 52.62708489894867, 55.04482154846191, 57.462105298042296, 59.876730060577394, 62.293372774124144, 64.70589272975921, 67.12940299510956, 69.54687252044678, 71.95456051826477, 74.3747565984726, 76.79283764362336, 79.22409763336182, 81.64550504684448, 84.05936343669892, 86.48002443313598, 88.90431327819825, 91.32103245258331, 93.73824000358582, 96.14717195034027, 98.56126217842102, 100.97406914234162, 103.39146308898925, 105.81489548683166, 108.23355741500855, 110.65105335712433, 113.07387042045593, 115.487668967247, 117.90759792327881, 120.32614843845367], "fwd_val": [2.5143703672620985, 2.3415982564290365, 2.2527863608466254, 2.17951963212755, 2.121098200480143, 2.031151178148057, 1.938561757405599, 1.8505786259969075, 1.7829551272922093, 1.6702332708570693, 1.5853599018520776, 1.4962488810221355, 1.4207028600904676, 1.298163572947184, 1.2078381538391114, 1.094022168053521, 0.9794946829477945, 0.8683849599626328, 0.7417466534508599, 0.6270505640241835, 0.5371122042338053, 0.4482749885982938, 0.35601736704508463, 0.3432557370927599, 0.27167581849628025, 0.2416022486156888, 0.21539077626334296, 0.23127577172385322, 0.25809676912095814, 0.5911894096268547, 0.22186082998911544, 0.2158663656976488, 0.1991863462660048, 0.1992915127012465, 0.20409113036261664, 0.20194224649005466, 0.1955034189754062, 0.20350280867682563, 0.19181592067082726, 0.201800270875295, 0.1960011535220676, 0.19732449319627549, 0.20051096942689686, 0.20035414960649275, 0.18576552735434637, 0.20006551875008477, 0.19445787933137682, 0.19801295598347984, 0.19854356977674698, 0.22557250393761524], "testAccuracy": [0.10901016741991043, 0.06517346203327179, 0.07078596204519272, 0.05682440102100372, 0.06054212898015976, 0.05498505383729935, 0.05981247499585152, 0.05916529521346092, 0.05542195588350296, 0.054160915315151215, 0.05339068919420242, 0.04922909289598465, 0.04949094355106354, 0.04968937858939171, 0.049437444657087326], "testStd": [0.0, 0.0, 0.0, 0.0, 0.0, 0.0, 0.0, 0.0, 0.0, 0.0, 0.0, 0.0, 0.0, 0.0, 0.0]}}}}