{"none": {"gaussianElement": {"1e0": {"loss": [3.2407293773832775, 3.2056190127418156, 3.204243723551432, 3.1835613069080173, 3.1592220851353234, 3.14661865234375, 3.1374093191964283, 3.1284136090959818, 3.118439410981678, 3.108722359793527, 3.0997772216796884, 3.0889444986979164, 3.079648917061942, 3.0703601837158203, 3.063486662365142, 3.057460766746884, 3.043027187529064, 3.030559285481771, 3.0209084647042412, 3.007254264468239, 2.9959804171607605, 2.9875167120070687, 2.9787511553083146, 2.9686616988409136, 2.966296168736049, 2.9422942025320866, 2.938041232881092, 2.924847957066127, 2.920223163423084, 2.9221525101434622, 2.9291134425571985, 2.8979251134963264, 2.890328216552734, 2.8914856865292506, 2.875594130016509, 2.8705781845819383, 2.8565012613932295, 2.8466015770321804, 2.870324107578823, 2.864222971598307, 2.8469092959449407, 2.8285858335949126, 2.8223613920665924, 2.8228752862839475, 2.811957749866304, 2.807217716035389, 2.802538190569196, 2.825790278116862, 2.802342296781994, 2.78193348475865], "iden": [0.0, 0.0, 0.0, 0.0, 0.0, 0.0, 0.0, 0.0, 0.0, 0.0, 0.0, 0.0, 0.0, 0.0, 0.0, 0.0, 0.0, 0.0, 0.0, 0.0, 0.0, 0.0, 0.0, 0.0, 0.0, 0.0, 0.0, 0.0, 0.0, 0.0, 0.0, 0.0, 0.0, 0.0, 0.0, 0.0, 0.0, 0.0, 0.0, 0.0, 0.0, 0.0, 0.0, 0.0, 0.0, 0.0, 0.0, 0.0, 0.0, 0.0], "fwd": [0.859777005513509, 0.8246666590372721, 0.8232913335164389, 0.8026089804513112, 0.7782697586786179, 0.7656662350609189, 0.7564567838396344, 0.7474612099783762, 0.7374870391119093, 0.7277699606759208, 0.7188248452686128, 0.7079920768737793, 0.6986965996878487, 0.6894077936808269, 0.6825342314583914, 0.676508431207566, 0.6620748247419085, 0.6496068681989396, 0.6399560383387974, 0.6263018880571638, 0.6150280952453613, 0.6065643310546875, 0.5977987289428711, 0.5877093315124512, 0.5853437559945242, 0.5613418851579939, 0.5570888383047922, 0.5438955624898274, 0.5392707779293968, 0.5412001110258557, 0.5481610661461239, 0.5169727461678642, 0.5093758537655785, 0.5105333055768695, 0.49464172181628996, 0.489625830877395, 0.4755488804408482, 0.4656491824558803, 0.48937170846121647, 0.48327058610462004, 0.4659568854740688, 0.44763347307840984, 0.4414089770544143, 0.44192293485005696, 0.43100537799653554, 0.42626531237647647, 0.42158578463963103, 0.44483791760035923, 0.4213899453481038, 0.4009811151595343], "bwd": [0.0, 0.0, 0.0, 0.0, 0.0, 0.0, 0.0, 0.0, 0.0, 0.0, 0.0, 0.0, 0.0, 0.0, 0.0, 0.0, 0.0, 0.0, 0.0, 0.0, 0.0, 0.0, 0.0, 0.0, 0.0, 0.0, 0.0, 0.0, 0.0, 0.0, 0.0, 0.0, 0.0, 0.0, 0.0, 0.0, 0.0, 0.0, 0.0, 0.0, 0.0, 0.0, 0.0, 0.0, 0.0, 0.0, 0.0, 0.0, 0.0, 0.0], "cons": [0.0, 0.0, 0.0, 0.0, 0.0, 0.0, 0.0, 0.0, 0.0, 0.0, 0.0, 0.0, 0.0, 0.0, 0.0, 0.0, 0.0, 0.0, 0.0, 0.0, 0.0, 0.0, 0.0, 0.0, 0.0, 0.0, 0.0, 0.0, 0.0, 0.0, 0.0, 0.0, 0.0, 0.0, 0.0, 0.0, 0.0, 0.0, 0.0, 0.0, 0.0, 0.0, 0.0, 0.0, 0.0, 0.0, 0.0, 0.0, 0.0, 0.0], "eigen": [2.3809523809523805, 2.3809523809523805, 2.3809523809523805, 2.3809523809523805, 2.3809523809523805, 2.3809523809523805, 2.3809523809523805, 2.3809523809523805, 2.3809523809523805, 2.3809523809523805, 2.3809523809523805, 2.3809523809523805, 2.3809523809523805, 2.3809523809523805, 2.3809523809523805, 2.3809523809523805, 2.3809523809523805, 2.3809523809523805, 2.3809523809523805, 2.3809523809523805, 2.3809523809523805, 2.3809523809523805, 2.3809523809523805, 2.3809523809523805, 2.3809523809523805, 2.3809523809523805, 2.3809523809523805, 2.3809523809523805, 2.3809523809523805, 2.3809523809523805, 2.3809523809523805, 2.3809523809523805, 2.3809523809523805, 2.3809523809523805, 2.3809523809523805, 2.3809523809523805, 2.3809523809523805, 2.3809523809523805, 2.3809523809523805, 2.3809523809523805, 2.3809523809523805, 2.3809523809523805, 2.3809523809523805, 2.3809523809523805, 2.3809523809523805, 2.3809523809523805, 2.3809523809523805, 2.3809523809523805, 2.3809523809523805, 2.3809523809523805], "time": [1.8769845008850097, 4.3005115509033205, 6.722726130485535, 9.146070575714111, 11.566848659515381, 14.000503993034362, 16.4270610332489, 18.85739667415619, 21.272282695770265, 23.68795762062073, 26.105604577064515, 28.532410907745362, 30.957657122611998, 33.38332071304321, 35.80330419540405, 38.22165498733521, 40.6603823184967, 43.09500365257263, 45.53073945045471, 47.959864902496335, 50.39220571517944, 52.82164525985718, 55.2483615398407, 57.67980000972748, 60.11104819774628, 62.53618206977844, 64.96205520629883, 67.39326133728028, 69.81992301940917, 72.25151090621948, 74.68645679950714, 77.11875331401825, 79.54672737121582, 81.97500016689301, 84.40065529346467, 86.82600288391113, 89.25383410453796, 91.67744855880737, 94.09890394210815, 96.53001174926757, 98.96003565788268, 101.38552210330963, 103.82209913730621, 106.24379615783691, 108.66562070846558, 111.09410998821258, 113.5152853012085, 115.94007205963135, 118.37539641857147, 120.80581779479981], "fwd_val": [2.516141107347276, 2.507875739203559, 2.4300317340426973, 2.3059683693779838, 2.2406258053249783, 2.1971063825819224, 2.1550336837768556, 2.1110334396362305, 2.0614969677395285, 2.015913687811957, 1.9702530331081813, 1.923342471652561, 1.878846825493707, 1.835920100741916, 1.7990161471896702, 1.744150733947754, 1.6919656647576224, 1.644026650322808, 1.5836488087972005, 1.5254287083943683, 1.4767022874620224, 1.4255479070875379, 1.3785027503967284, 1.3642725944519043, 1.2493357817331951, 1.223569451438056, 1.1634743849436442, 1.1420169300503202, 1.0805107010735404, 1.220038424597846, 0.9776866383022732, 1.0759586334228515, 0.9531117492251925, 0.9399895085228813, 0.8477750884162056, 0.8977249410417347, 0.7573289871215821, 0.8117395771874323, 0.8136083232031929, 0.7529246383243136, 0.6554399543338352, 0.6392673254013062, 0.5921694464153713, 0.5136518610848321, 0.5206806076897516, 0.48190206156836624, 0.5207896868387858, 0.48556336826748314, 0.4556831757227579, 0.4209207574526469], "testAccuracy": [0.06613117456436157, 0.06241704151034355, 0.06368941068649292, 0.05930261313915253, 0.06097545102238655, 0.059261612594127655, 0.06098480895161629, 0.056650202721357346, 0.0523139052093029, 0.052492208778858185, 0.05195567384362221, 0.05851950868964195, 0.060104336589574814, 0.07011482864618301, 0.07100966572761536], "testStd": [0.0, 0.0, 0.0, 0.0, 0.0, 0.0, 0.0, 0.0, 0.0, 0.0, 0.0, 0.0, 0.0, 0.0, 0.0]}}, "uniformEigen": {"1e0": {"loss": [5.196443285260882, 3.485048802693685, 3.1562896546863373, 2.909469767979213, 2.876574034917922, 2.834626661028181, 2.814145896548317, 2.8050572168259396, 2.78113032749721, 2.791762633550735, 2.8066434042794364, 2.8057921091715494, 2.8243594578334257, 2.9091317676362536, 2.7728900727771575, 2.7761810484386626, 2.8094431195940297, 2.774100040254139, 2.779169682094029, 2.781413705008371, 2.826315725417364, 2.7782663799467544, 2.806624130975633, 2.7872259957449774, 2.7741088503883, 2.794107891264416, 2.772239303588867, 2.7754679361979164, 2.787830643426804, 2.7712818690708705, 2.7691754295712427, 2.7740118662516275, 2.7585236322312126, 2.798898388090588, 2.7654745919363837, 2.761154029482887, 2.764328130086263, 2.7555574689592635, 2.7605224972679503, 2.77571899777367, 2.7762426103864404, 2.774235552833194, 2.7744721730550133, 2.7759549458821615, 2.7718810853503997, 2.7603299822126113, 2.7691744849795388, 2.767387153988793, 2.7676644643147785, 2.7617089044480094], "iden": [0.0, 0.0, 0.0, 0.0, 0.0, 0.0, 0.0, 0.0, 0.0, 0.0, 0.0, 0.0, 0.0, 0.0, 0.0, 0.0, 0.0, 0.0, 0.0, 0.0, 0.0, 0.0, 0.0, 0.0, 0.0, 0.0, 0.0, 0.0, 0.0, 0.0, 0.0, 0.0, 0.0, 0.0, 0.0, 0.0, 0.0, 0.0, 0.0, 0.0, 0.0, 0.0, 0.0, 0.0, 0.0, 0.0, 0.0, 0.0, 0.0, 0.0],