{"unit_circle_mae": {"gaussianElement": {"1e0": {"loss": [0.4358678278715714, 0.38688131415325666, 0.3286997380463973, 0.2945974660956341, 0.27983362156411873], "iden": [0.16456604314887008, 0.12374853673188582, 0.07744964257530543, 0.052638674818951146, 0.04501562274020651], "fwd": [0.12590327677519425, 0.11797558432040008, 0.106300165342248, 0.09719325770502504, 0.09022380580072817], "bwd": [0.0, 0.0, 0.0, 0.0, 0.0], "cons": [0.0, 0.0, 0.0, 0.0, 0.0], "eigen": [0.14539852349654486, 0.1451571972473808, 0.14494993583015772, 0.14476553460826042, 0.14459419354148534], "fwd_val": [0.2725938320159912, 0.23670341127059036, 0.21369303254520194, 0.19060172052944407, 0.17540342948015997]}}}, "unit_circle_mse": {"gaussianElement": {"1e0": {"loss": [0.41442980144334873, 0.3671810398931089, 0.30866841855256455, 0.2741742859716001, 0.25824258223823876], "iden": [0.16530708644701086, 0.1257418207500292, 0.07809306590453438, 0.05387606257977693, 0.044930443038111154], "fwd": [0.1259171724319458, 0.11862633020981497, 0.10812066015989885, 0.09817582420680834, 0.09150285306184189], "bwd": [0.0, 0.0, 0.0, 0.0, 0.0], "cons": [0.0, 0.0, 0.0, 0.0, 0.0], "eigen": [0.12320554567419964, 0.122812877530637, 0.12245469300643257, 0.1221224007399186, 0.12180929183959961], "fwd_val": [0.2737449589897605, 0.24149927531971654, 0.21523632442249968, 0.19578220844268795, 0.17639216815724093]}}}, "none": {"gaussianElement": {"1e0": {"loss": [0.4635892121688179, 0.4111545065174932, 0.3575735216555388, 0.32307431594185204, 0.30842640088952106], "iden": [0.16398017095482864, 0.12040234648663062, 0.07875138158383577, 0.051222373609957496, 0.04542563168898873], "fwd": [0.12569599255271577, 0.11683911344279414, 0.10490908000780189, 0.09793889937193496, 0.08908772572227147], "bwd": [0.0, 0.0, 0.0, 0.0, 0.0], "cons": [0.0, 0.0, 0.0, 0.0, 0.0], "eigen": [0.17391304347826084, 0.17391304347826084, 0.17391304347826084, 0.17391304347826084, 0.17391304347826084], "fwd_val": [0.2700536531560561, 0.2329415447571698, 0.2143449166241814, 0.18951004392960494, 0.17488563341252944]}}}}