{"unit_circle_mse": {"gaussianElement": {"1e0": {"loss": [0.8590667966812376, 0.8980516403440446, 0.8021514832027375, 0.7889620765807136, 0.7815572345067584, 0.7681190097142779, 0.7465150772579133, 0.7296460923694429, 0.7095006306966146, 0.6949527831304642, 0.6791067728920588, 0.658732913789295, 0.6420720418294271, 0.6186658162919302, 0.6063129485599578, 0.5953322365170434, 0.5722730727422805, 0.5572359751141261, 0.5362464511205279, 0.5182850247337704, 0.4983199286082434, 0.47867338997977127, 0.4673563942076668, 0.44473448253813247, 0.44344841487823966, 0.4162446127997504, 0.40941397349039715, 0.40530033717079766, 0.39513285197908915, 0.4004279393998404, 0.3905317821199932, 0.38865010700528585, 0.38340641203380765, 0.3919885272071475, 0.3821647507803781, 0.3755217128329807, 0.3714707919529506, 0.3755901730249798, 0.36988729143899585, 0.3709278485131642, 0.38470630040244447, 0.3760788251483251, 0.37177764801752006, 0.3710332976447212, 0.3727478829641191, 0.37104183530050605, 0.36922376118009054, 0.36808587634374224, 0.37260478640359546, 0.36734938243078813], "iden": [0.0, 0.0, 0.0, 0.0, 0.0, 0.0, 0.0, 0.0, 0.0, 0.0, 0.0, 0.0, 0.0, 0.0, 0.0, 0.0, 0.0, 0.0, 0.0, 0.0, 0.0, 0.0, 0.0, 0.0, 0.0, 0.0, 0.0, 0.0, 0.0, 0.0, 0.0, 0.0, 0.0, 0.0, 0.0, 0.0, 0.0, 0.0, 0.0, 0.0, 0.0, 0.0, 0.0, 0.0, 0.0, 0.0, 0.0, 0.0, 0.0, 0.0], "fwd": [0.8523859599279979, 0.8914939032660589, 0.7956450628855872, 0.7824919564383371, 0.7751148466079955, 0.7616971787952241, 0.7401138033185687, 0.7232652240329318, 0.7031393202524336, 0.6886093200199187, 0.6727788107735769, 0.6524186664157443, 0.6357696169898625, 0.6123748355441623, 0.6000346229189918, 0.5890664902944414, 0.5660197696988545, 0.5509933592781188, 0.5300134628538101, 0.5120606195359002, 0.49210386427621994, 0.472465333484468, 0.4611560882083953, 0.43854198758564295, 0.4372633676680307, 0.4100662261720687, 0.40324279240199495, 0.39913485542176264, 0.3889714574056959, 0.3942702232845246, 0.38437833483256983, 0.3825005349658785, 0.377259095509847, 0.3858421416509719, 0.37601988656180246, 0.3693777720133464, 0.36532793347797693, 0.369448669373043, 0.36374599971468485, 0.3647884717063299, 0.37857008737231057, 0.36994277106391055, 0.36564085975525873, 0.364897644709027, 0.36661331237308564, 0.3649081729707264, 0.36309166560097345, 0.3619548479715983, 0.3664762708875868, 0.3612236749558222], "bwd": [0.0, 0.0, 0.0, 0.0, 0.0, 0.0, 0.0, 0.0, 0.0, 0.0, 0.0, 0.0, 0.0, 0.0, 0.0, 0.0, 0.0, 0.0, 0.0, 0.0, 0.0, 0.0, 0.0, 0.0, 0.0, 0.0, 0.0, 0.0, 0.0, 0.0, 0.0, 0.0, 0.0, 0.0, 0.0, 0.0, 0.0, 0.0, 0.0, 0.0, 0.0, 0.0, 0.0, 0.0, 0.0, 0.0, 0.0, 0.0, 0.0, 0.0], "cons": [0.0, 0.0, 0.0, 0.0, 0.0, 0.0, 0.0, 0.0, 0.0, 0.0, 0.0, 0.0, 0.0, 0.0, 0.0, 0.0, 0.0, 0.0, 0.0, 0.0, 0.0, 0.0, 0.0, 0.0, 0.0, 0.0, 0.0, 0.0, 0.0, 0.0, 0.0, 0.0, 0.0, 0.0, 0.0, 0.0, 0.0, 0.0, 0.0, 0.0, 0.0, 0.0, 0.0, 0.0, 0.0, 0.0, 0.0, 0.0, 0.0, 0.0], "eigen": [0.006680853073559111, 0.006557783200627281, 0.006506423628519452, 0.006470082534684074, 0.006442385060446604, 0.006421824532841879, 0.006401279615977453, 0.006380888914305067, 0.00636131020765456, 0.0063434479728577626, 0.006327972998694767, 0.006314243589128766, 0.006302417980300057, 0.0062909814573469626, 0.006278354260656568, 0.00626573534238906, 0.006253344199014088, 0.006242620093481882, 0.006232969817661103, 0.006224386275760711, 0.00621610785287524, 0.006208050818670364, 0.006200268155052548, 0.0061924973177531414, 0.006185031126415919, 0.0061784034210538115, 0.00617116784292554, 0.006165468503558445, 0.006161386531496805, 0.0061576953009953575, 0.006153450125739688, 0.006149583629199437, 0.006147310610801454, 0.006146384373543755, 0.006144883258948251, 0.006143930294210949, 0.006142853744446285, 0.006141503888463217, 0.0061412982287861045, 0.006139381773888119, 0.006136221308556814, 0.006136053374835423, 0.006136787316155812, 0.006135646549482194, 0.006134565978769272, 0.0061336710812553525, 0.00613208765548373, 0.00613102801735439, 0.006128531245012132, 0.006125718000389281], "time": [1.8226019541422527, 4.190274159113566, 6.5504922072092695, 8.924072504043579, 11.296085913976034, 13.66244943936666, 16.031628131866455, 18.380643288294475, 20.748085896174114, 23.11044454574585, 25.47947891553243, 27.854313850402832, 30.21503210067749, 32.57891313234965, 34.95965282122294, 37.318108876546226, 39.68733414014181, 42.03924107551575, 44.39218544960022, 46.76162703831991, 49.13077759742737, 51.50262093544006, 53.87122122446696, 56.259579261144005, 58.635441382726036, 61.01407074928284, 63.378956158955894, 65.76017602284749, 68.13035297393799, 70.50104506810506, 72.85728748639424, 75.24642912546794, 77.62650958697002, 80.00349839528401, 82.38403574625652, 84.75148860613506, 87.12214422225952, 89.50319647789001, 91.87565581003825, 94.26394470532735, 96.62571438153584, 99.00174848238628, 101.37551585833232, 103.7396313349406, 106.13546705245972, 108.526149670283, 110.8916626771291, 113.2587878704071, 115.6227417786916, 117.99272616704305], "fwd_val": [2.8362640804714623, 2.416804137053313, 2.292471921002423, 2.296912299262153, 2.213999218410916, 2.1291800604926214, 2.052170576872649, 1.9447193145751953, 1.8610485924614801, 1.8046995092321325, 1.7037412148934823, 1.6206437216864693, 1.5151598541824907, 1.441118840818052, 1.3905628345630785, 1.2822333441840277, 1.1741725073920355, 1.091987998397262, 0.9973261797869647, 0.9004747249461986, 0.7967254320780436, 0.7297694241559064, 0.616573104151973, 0.5531724117420338, 0.4643041999251754, 0.4090934771078604, 0.42189855045742464, 0.3328412418012266, 0.32167402903238934, 0.32104559739430744, 0.2977093723085192, 0.2743498925809507, 0.31144624286227757, 0.2520751908973411, 0.21974541081322566, 0.2279099181846336, 0.1959199861243919, 0.1995856894387139, 0.1973534380948102, 0.26785454043635615, 0.24880852964189315, 0.21403330785256847, 0.2076118169007478, 0.19959613570460566, 0.21054755316840276, 0.20006465470349347, 0.19983079698350695, 0.21272253107141567, 0.19207410017649332, 0.1890789270401001], "testAccuracy": [0.07064667344093323, 0.071729376912117, 0.057214777916669846, 0.053402647376060486, 0.05559682101011276, 0.055325884371995926, 0.051623761653900146, 0.0506950244307518, 0.052675530314445496, 0.052098263055086136, 0.053793758153915405, 0.05055013298988342, 0.05401543155312538, 0.05535488575696945, 0.055592942982912064], "testStd": [0.0, 0.0, 0.0, 0.0, 0.0, 0.0, 0.0, 0.0, 0.0, 0.0, 0.0, 0.0, 0.0, 0.0, 0.0]}}}}