{"none": {"gaussianElement": {"1e0": {"loss": [0.967295419602167, 0.9981727600097656, 0.8903619675409227, 0.8697724115280878, 0.8509278070359003, 0.8391799926757812, 0.8184019724527994, 0.8153196062360492, 0.7981079646519252, 0.7794184911818731, 0.7646211896623883, 0.7646726880754743, 0.7594272976829892, 0.7716102600097656, 0.7496929168701172, 0.7364879789806548, 0.7231581097557431, 0.6935323079427084, 0.6765418279738653, 0.6548236665271577, 0.6291572934105283, 0.6089362644013905, 0.5857576188587007, 0.578769774664016, 0.5446149281093052, 0.5325745173863002, 0.5350404466901507, 0.5005080813453311, 0.49200743720644996, 0.485080809820266], "iden": [0.0, 0.0, 0.0, 0.0, 0.0, 0.0, 0.0, 0.0, 0.0, 0.0, 0.0, 0.0, 0.0, 0.0, 0.0, 0.0, 0.0, 0.0, 0.0, 0.0, 0.0, 0.0, 0.0, 0.0, 0.0, 0.0, 0.0, 0.0, 0.0, 0.0], "fwd": [0.848247800554548, 0.8791251409621466, 0.7713143484933036, 0.7507248378935314, 0.7318801879882812, 0.7201323736281622, 0.6993543534051805, 0.6962719871884301, 0.6790603456043062, 0.660370872134254, 0.6455735252017066, 0.6456250690278553, 0.6403796786353702, 0.6525626409621466, 0.6306452978224981, 0.6174403599330357, 0.6041104907081241, 0.5744846888950893, 0.5574942089262462, 0.5357760474795387, 0.5101096743629092, 0.4898886453537714, 0.46670999981108163, 0.45972215561639695, 0.4255673090616862, 0.41352689833868117, 0.41599282764253165, 0.3814604622977121, 0.3729598181588309, 0.3660332134791783], "bwd": [0.0, 0.0, 0.0, 0.0, 0.0, 0.0, 0.0, 0.0, 0.0, 0.0, 0.0, 0.0, 0.0, 0.0, 0.0, 0.0, 0.0, 0.0, 0.0, 0.0, 0.0, 0.0, 0.0, 0.0, 0.0, 0.0, 0.0, 0.0, 0.0, 0.0], "cons": [0.0, 0.0, 0.0, 0.0, 0.0, 0.0, 0.0, 0.0, 0.0, 0.0, 0.0, 0.0, 0.0, 0.0, 0.0, 0.0, 0.0, 0.0, 0.0, 0.0, 0.0, 0.0, 0.0, 0.0, 0.0, 0.0, 0.0, 0.0, 0.0, 0.0], "eigen": [0.11904761904761904, 0.11904761904761904, 0.11904761904761904, 0.11904761904761904, 0.11904761904761904, 0.11904761904761904, 0.11904761904761904, 0.11904761904761904, 0.11904761904761904, 0.11904761904761904, 0.11904761904761904, 0.11904761904761904, 0.11904761904761904, 0.11904761904761904, 0.11904761904761904, 0.11904761904761904, 0.11904761904761904, 0.11904761904761904, 0.11904761904761904, 0.11904761904761904, 0.11904761904761904, 0.11904761904761904, 0.11904761904761904, 0.11904761904761904, 0.11904761904761904, 0.11904761904761904, 0.11904761904761904, 0.11904761904761904, 0.11904761904761904, 0.11904761904761904], "time": [1.7857496738433838, 4.117542505264282, 6.513925790786743, 8.848970174789429, 11.17725682258606, 13.517482995986938, 15.900890350341797, 18.237702131271362, 20.588608503341675, 22.953612804412842, 25.299235820770264, 27.653625965118408, 30.013696908950806, 32.32432460784912, 34.663644552230835, 36.98542785644531, 39.31637477874756, 41.634159564971924, 44.01232314109802, 46.350313663482666, 48.63290286064148, 50.96001362800598, 53.33710479736328, 55.69053888320923, 58.02040910720825, 60.359811305999756, 62.687467098236084, 65.02627730369568, 67.36993050575256, 69.71905946731567], "fwd_val": [2.8074908786349826, 2.3042759365505643, 2.2046400705973306, 2.089115778605143, 2.0195630391438804, 1.92448976304796, 1.861641354031033, 1.8551559448242188, 1.7488230599297419, 1.677080790201823, 1.585815641615126, 1.6820563210381403, 1.6237678527832031, 1.6448480818006728, 1.4072106679280598, 1.4618748558892145, 1.3171414269341364, 1.220144271850586, 1.1300924089219835, 1.0027458402845595, 0.8943915896945529, 0.78105714586046, 0.6528469721476237, 0.5647767384847006, 0.4737190670437283, 0.4054342905680339, 0.31503640280829537, 0.26084134313795304, 0.22935782538519967, 0.19441813892788357], "testAccuracy": [0.06536645442247391, 0.05780420079827309, 0.057923007756471634, 0.05467301607131958, 0.05326055362820625, 0.05454542115330696, 0.05078957602381706, 0.07403790950775146, 0.061618003994226456, 0.050353214144706726, 0.05398264154791832, 0.054554201662540436, 0.05852168798446655, 0.06039119139313698, 0.060567211359739304], "testStd": [0.0, 0.0, 0.0, 0.0, 0.0, 0.0, 0.0, 0.0, 0.0, 0.0, 0.0, 0.0, 0.0, 0.0, 0.0]}}}, "unit_circle_mse-none": {"gaussianElement": {"1e0": {"loss": [0.9758170899890718, 0.9900380089169457, 0.9165256136939639, 0.8984191531226748, 0.8866548084077381, 0.8752706618536086, 0.8603869846888951, 0.8480714162190756, 0.8338159833635602, 0.817815417335147, 0.7948134286063058, 0.7738237835112072, 0.7585936500912621, 0.7376294817243304, 0.7186729340326219, 0.6938059216453916, 0.6697155634562174, 0.6419671376546224, 0.6181156067621141, 0.5950995399838402, 0.5745752425420851, 0.5553759166172573, 0.5534063066755023, 0.5331926799955822, 0.5388286681402297, 0.5050169626871744, 0.49761163620721727, 0.488724118187314, 0.4926637013753255, 0.4834719612484887], "iden": [0.0, 0.0, 0.0, 0.0, 0.0, 0.0, 0.0, 0.0, 0.0, 0.0, 0.0, 0.0, 0.0, 0.0, 0.0, 0.0, 0.0, 0.0, 0.0, 0.0, 0.0, 0.0, 0.0, 0.0, 0.0, 0.0, 0.0, 0.0, 0.0, 0.0], "fwd": [0.8567694709414527, 0.8709903898693266, 0.7974779946463448, 0.7793715340750558, 0.7676071893601191, 0.7562230428059896, 0.7413392748151507, 0.7290237517583937, 0.7147683189028785, 0.6987677982875279, 0.6757659003848121, 0.6547761644635882, 0.639546031043643, 0.6185818626767113, 0.5996253149850028, 0.5747583025977725, 0.5506679444085985, 0.5229195186070034, 0.49906798771449495, 0.4760519209362212, 0.4555276234944661, 0.4363282975696382, 0.4343586876278832, 0.41414506094796316, 0.41978104909261066, 0.38596934363955543, 0.3785640171595982, 0.3696764764331636, 0.37361612774076913, 0.3644243194943383], "bwd": [0.0, 0.0, 0.0, 0.0, 0.0, 0.0, 0.0, 0.0, 0.0, 0.0, 0.0, 0.0, 0.0, 0.0, 0.0, 0.0, 0.0, 0.0, 0.0, 0.0, 0.0, 0.0, 0.0, 0.0, 0.0, 0.0, 0.0, 0.0, 0.0, 0.0], "cons": [0.0, 0.0, 0.0, 0.0, 0.0, 0.0, 0.0, 0.0, 0.0, 0.0, 0.0, 0.0, 0.0, 0.0, 0.0, 0.0, 0.0, 0.0, 0.0, 0.0, 0.0, 0.0, 0.0, 0.0, 0.0, 0.0, 0.0, 0.0, 0.0, 0.0], "eigen": [0.11904761904761904, 0.11904761904761904, 0.11904761904761904, 0.11904761904761904, 0.11904761904761904, 0.11904761904761904, 0.11904761904761904, 0.11904761904761904, 0.11904761904761904, 0.11904761904761904, 0.11904761904761904, 0.11904761904761904, 0.11904761904761904, 0.11904761904761904, 0.11904761904761904, 0.11904761904761904, 0.11904761904761904, 0.11904761904761904, 0.11904761904761904, 0.11904761904761904, 0.11904761904761904, 0.11904761904761904, 0.11904761904761904, 0.11904761904761904, 0.11904761904761904, 0.11904761904761904, 0.11904761904761904, 0.11904761904761904, 0.11904761904761904, 0.11904761904761904], "time": [1.7987847328186035, 4.1151838302612305, 6.444383859634399, 8.761470317840576, 11.12590479850769, 13.462098598480225, 15.818803548812866, 18.14505386352539, 20.473978281021118, 22.825108528137207, 25.16497015953064, 27.507526874542236, 29.86187982559204, 32.21737575531006, 34.50996780395508, 36.840078592300415, 39.16829442977905, 41.49762773513794, 43.86066555976868, 46.190576791763306, 48.51001715660095, 50.87896132469177, 53.19691848754883, 55.49543786048889, 57.823230504989624, 60.16018223762512, 62.45621991157532, 64.74900507926941, 67.08584403991699, 69.40824866294861], "fwd_val": [2.7174559699164496, 2.4538582695855036, 2.2807299296061196, 2.2519620259602866, 2.195205052693685, 2.127883063422309, 2.054158740573459, 1.9937544928656683, 1.928182390001085, 1.8149168226453993, 1.7212960984971788, 1.6096144782172308, 1.532046635945638, 1.4405604468451605, 1.3249772389729817, 1.2105618582831488, 1.0618743896484375, 0.9458198547363281, 0.8144254684448242, 0.7036970986260308, 0.6033484141031901, 0.6044245825873481, 0.44133498933580184, 0.5033779144287109, 0.31597238116794163, 0.2895008193122016, 0.23523781034681532, 0.2747863133748372, 0.20336219999525282, 0.2255058553483751], "testAccuracy": [0.06267099827528, 0.13444682955741882, 0.1504570096731186, 0.0607428178191185, 0.052315257489681244, 0.05403212085366249, 0.09106189757585526, 0.07289376109838486, 0.052001483738422394, 0.04913954809308052, 0.04911843314766884, 0.04942411556839943, 0.053576670587062836, 0.049804531037807465, 0.04979196563363075],