{"none": {"gaussianElement": {"1e0": {"loss": [1.762901851109096, 1.7284502301897322, 1.7306767418271018, 1.6980180286225819, 1.701219467889695, 1.6576309204101562, 1.6366869608561199, 1.6319067818777901, 1.6242579505557107, 1.6345225742885046, 1.6246726626441592, 1.633068629673549, 1.6648606799897694, 1.6140885126023066, 1.583147684733073, 1.5777237301781064, 1.5522916884649367, 1.5220918201264881, 1.4971582321893602, 1.4771710350399925, 1.4642882574172247, 1.4373750232514881, 1.4308440798804873, 1.4199213300432478, 1.396770295642671, 1.4503307342529297, 1.3757563999720983, 1.395619165329706, 1.380324227469308, 1.4290911356608074], "iden": [0.0, 0.0, 0.0, 0.0, 0.0, 0.0, 0.0, 0.0, 0.0, 0.0, 0.0, 0.0, 0.0, 0.0, 0.0, 0.0, 0.0, 0.0, 0.0, 0.0, 0.0, 0.0, 0.0, 0.0, 0.0, 0.0, 0.0, 0.0, 0.0, 0.0], "fwd": [0.810520989554269, 0.7760692778087798, 0.7782957894461495, 0.745636985415504, 0.7488383338564918, 0.7052498772030785, 0.6843059630621047, 0.6795258294968378, 0.6718769981747582, 0.6821416219075521, 0.6722918465023949, 0.6806877681187221, 0.7124798184349423, 0.6617076056344169, 0.6307666415259952, 0.6253427323840913, 0.5999107360839844, 0.5697109585716611, 0.5447772343953451, 0.5247900826590401, 0.5119073050362724, 0.4849940708705357, 0.47846308208647226, 0.4675403776622954, 0.44438934326171875, 0.4979497818719773, 0.4233754475911458, 0.4432382583618164, 0.42794332050141837, 0.4767101832798549], "bwd": [0.0, 0.0, 0.0, 0.0, 0.0, 0.0, 0.0, 0.0, 0.0, 0.0, 0.0, 0.0, 0.0, 0.0, 0.0, 0.0, 0.0, 0.0, 0.0, 0.0, 0.0, 0.0, 0.0, 0.0, 0.0, 0.0, 0.0, 0.0, 0.0, 0.0], "cons": [0.0, 0.0, 0.0, 0.0, 0.0, 0.0, 0.0, 0.0, 0.0, 0.0, 0.0, 0.0, 0.0, 0.0, 0.0, 0.0, 0.0, 0.0, 0.0, 0.0, 0.0, 0.0, 0.0, 0.0, 0.0, 0.0, 0.0, 0.0, 0.0, 0.0], "eigen": [0.9523809523809523, 0.9523809523809523, 0.9523809523809523, 0.9523809523809523, 0.9523809523809523, 0.9523809523809523, 0.9523809523809523, 0.9523809523809523, 0.9523809523809523, 0.9523809523809523, 0.9523809523809523, 0.9523809523809523, 0.9523809523809523, 0.9523809523809523, 0.9523809523809523, 0.9523809523809523, 0.9523809523809523, 0.9523809523809523, 0.9523809523809523, 0.9523809523809523, 0.9523809523809523, 0.9523809523809523, 0.9523809523809523, 0.9523809523809523, 0.9523809523809523, 0.9523809523809523, 0.9523809523809523, 0.9523809523809523, 0.9523809523809523, 0.9523809523809523], "time": [1.7994616031646729, 4.136551380157471, 6.423154354095459, 8.736264705657959, 11.091011047363281, 13.388365983963013, 15.712639570236206, 18.050148725509644, 20.407410144805908, 22.741437673568726, 25.063266277313232, 27.374927043914795, 29.721717357635498, 32.01573419570923, 34.31229066848755, 36.664427280426025, 38.98461318016052, 41.31352615356445, 43.643123149871826, 45.967031478881836, 48.30037593841553, 50.655850410461426, 52.98766613006592, 55.324023723602295, 57.721930742263794, 60.09011459350586, 62.4046995639801, 64.74086499214172, 67.09558439254761, 69.43642330169678], "fwd_val": [2.2069585588243275, 2.4920883178710938, 2.1670188903808594, 2.163582695855035, 1.9509966108534071, 1.850433349609375, 1.8138904571533203, 1.8046114179823134, 1.783827887641059, 1.8480534023708768, 1.7580846150716145, 1.8857457902696397, 1.6354719797770183, 1.6165550020005968, 1.5446739196777344, 1.434504297044542, 1.318903711107042, 1.2174095577663846, 1.085131009419759, 1.013983620537652, 0.9043180677625868, 0.8172192043728299, 0.7843518786960177, 0.6783434549967448, 0.8222579956054688, 0.6358972125583224, 0.6302510367499458, 0.4813816282484267, 0.8669917848375108, 0.5074049631754557], "testAccuracy": [0.11613424122333527, 0.15988261997699738, 0.0743546336889267, 0.05634226277470589, 0.05989915877580643, 0.12444062530994415, 0.2554190456867218, 0.09161271154880524, 0.14575643837451935, 0.06469708681106567, 0.05643321946263313, 0.18216300010681152, 0.1607828140258789, 0.331676721572876, 0.31868869066238403], "testStd": [0.0, 0.0, 0.0, 0.0, 0.0, 0.0, 0.0, 0.0, 0.0, 0.0, 0.0, 0.0, 0.0, 0.0, 0.0]}}}, "unit_circle_mse-none": {"gaussianElement": {"1e0": {"loss": [1.8035350981212797, 1.9207591102236794, 1.7504283360072546, 1.7257661365327381, 1.690658932640439, 1.6646546863374256, 1.6524994259788877, 1.6420022873651414, 1.6329603649321056, 1.6269193376813615, 1.6222276233491444, 1.6605911254882812, 1.5975910368419828, 1.5869115193684895, 1.5716447376069569, 1.555895487467448, 1.5382183619907923, 2.144710722423735, 1.5282356625511533, 1.5070359366280692, 1.4860923403785342, 1.4602786472865514, 1.480551038469587, 1.417714618501209, 1.943052201043992, 1.374998001825242, 1.3797311328706288, 1.343761989048549, 2.8452600751604353, 2.0489774431501115], "iden": [0.0, 0.0, 0.0, 0.0, 0.0, 0.0, 0.0, 0.0, 0.0, 0.0, 0.0, 0.0, 0.0, 0.0, 0.0, 0.0, 0.0, 0.0, 0.0, 0.0, 0.0, 0.0, 0.0, 0.0, 0.0, 0.0, 0.0, 0.0, 0.0, 0.0], "fwd": [0.851154054914202, 0.968378157842727, 0.7980472928001767, 0.773385002499535, 0.7382778894333613, 0.7122738247825986, 0.7001184281848726, 0.689621471223377, 0.6805794125511533, 0.6745383853004092, 0.6698465801420665, 0.7082101276942662, 0.6452100390479678, 0.6345306578136626, 0.6192639214651925, 0.6035145350864956, 0.5858373187837147, 1.1923297700427828, 0.5758545739310128, 0.5546548934209914, 0.5337113879975819, 0.5078977403186616, 0.5281701315016973, 0.46533362070719403, 0.9906712486630395, 0.42261704944428946, 0.427350225902739, 0.391380991254534, 1.8928791227794828, 1.096596399943034], "bwd": [0.0, 0.0, 0.0, 0.0, 0.0, 0.0, 0.0, 0.0, 0.0, 0.0, 0.0, 0.0, 0.0, 0.0, 0.0, 0.0, 0.0, 0.0, 0.0, 0.0, 0.0, 0.0, 0.0, 0.0, 0.0, 0.0, 0.0, 0.0, 0.0, 0.0], "cons": [0.0, 0.0, 0.0, 0.0, 0.0, 0.0, 0.0, 0.0, 0.0, 0.0, 0.0, 0.0, 0.0, 0.0, 0.0, 0.0, 0.0, 0.0, 0.0, 0.0, 0.0, 0.0, 0.0, 0.0, 0.0, 0.0, 0.0, 0.0, 0.0, 0.0], "eigen": [0.9523809523809523, 0.9523809523809523, 0.9523809523809523, 0.9523809523809523, 0.9523809523809523, 0.9523809523809523, 0.9523809523809523, 0.9523809523809523, 0.9523809523809523, 0.9523809523809523, 0.9523809523809523, 0.9523809523809523, 0.9523809523809523, 0.9523809523809523, 0.9523809523809523, 0.9523809523809523, 0.9523809523809523, 0.9523809523809523, 0.9523809523809523, 0.9523809523809523, 0.9523809523809523, 0.9523809523809523, 0.9523809523809523, 0.9523809523809523, 0.9523809523809523, 0.9523809523809523, 0.9523809523809523, 0.9523809523809523, 0.9523809523809523, 0.9523809523809523], "time": [1.8046116828918457, 4.138409376144409, 6.549527406692505, 8.886279344558716, 11.219932556152344, 13.590144395828247, 15.96642541885376, 18.31595730781555, 20.682788372039795, 23.00026774406433, 25.371312379837036, 27.746769666671753, 30.086742162704468, 32.438910245895386, 34.7928524017334, 37.15504169464111, 39.52712154388428, 41.88511872291565, 44.226569414138794, 46.53722143173218, 48.861409187316895, 51.194637060165405, 53.556926012039185, 55.894975662231445, 58.20948362350464, 60.53427052497864, 62.87890934944153, 65.29006171226501, 67.6724841594696, 69.99015712738037], "fwd_val": [3.5120976765950522, 2.3837443457709417, 2.295498741997613, 2.159023708767361, 1.9875206417507596, 1.930800543891059, 1.876297844780816, 1.8151312934027777, 1.8438585069444444, 1.7300039927164714, 2.232673009236654, 1.631763882107205, 1.5823230743408203, 1.517767800225152, 1.4343410068088107, 1.352426528930664, 1.329083972507053, 1.2352752685546875, 1.2117691040039062, 1.076009750366211, 0.9566685358683268, 1.0544259813096788, 0.7641596264309354, 2.5573255750868054, 0.5288276672363281, 0.6073648664686415, 0.3705431620279948, 20.728076510959202, 9.399342007107204, 0.9048022164238824], "testAccuracy": [1.4932326078414917, 1.3818718194961548, 0.723446786403656, 0.6724570393562317, 0.05221306160092354, 0.06093306839466095, 0.05789237469434738, 0.05830521881580353, 0.05535658076405525, 0.055350568145513535, 0.05792372673749924, 0.05757950618863106, 0.057087138295173645, 0.057517703622579575, 0.058196984231472015], "testStd": [0.0, 0.0, 0.0, 0.0, 0.0, 0.0, 0.0, 0.0, 0.0, 0.0, 0.0, 0.0, 0.0, 0.0, 0.0]}}}}