{"unit_circle_mae": {"gaussianElement": {"1e0": {"loss": [0.6756978878076526, 0.623811796437139, 0.5687666658042134, 0.5354631617449334, 0.5216337093408556, 0.5136952635170757, 0.5077135058416836, 0.5027069036511408, 0.4987316159234531, 0.49498462953429295, 0.4913040962772094, 0.48757770925328353, 0.48323860168457033, 0.47913527281387985, 0.4751031654468481, 0.47198708022850144, 0.46888803399127466, 0.4667278206866721, 0.46465527631234427, 0.46289502848749575, 0.4609215998995131, 0.45910238183063007, 0.4573147538779438, 0.45548266535219933, 0.45310315394747086, 0.45176423943561056, 0.45014780846194946, 0.44899493507716964, 0.44763106746950004, 0.4469997654790464, 0.4467775593633237, 0.4457940613014111, 0.44539786629054856, 0.4455168544382289, 0.44558970409890875, 0.4454508684683537, 0.445272083558898, 0.44473653876263164, 0.4444274598273678, 0.44447870669157613, 0.4447429187055947, 0.4445235929627351, 0.44455470762391014, 0.44499589394832006, 0.4440880181132883, 0.44484602057415507, 0.4443832203961801, 0.44431573066158575, 0.4441086727639903, 0.4441047530243362], "iden": [0.13606023166490638, 0.09250768924104993, 0.04784958777220352, 0.021792217009309407, 0.01672158923701963, 0.013769450308620068, 0.013271153750626936, 0.01223126200662143, 0.01151706960754118, 0.011029743759528452, 0.010880122322967086, 0.010417049604913464, 0.0098548643398976, 0.009408186311307161, 0.009054028815117436, 0.009134846666584843, 0.008692744287891664, 0.008537435661191526, 0.008102068261823794, 0.007960919798284337, 0.007611405806265016, 0.007411899126094321, 0.007191248993942702, 0.006936397392680679, 0.005837980409463247, 0.005764981305253678, 0.0052724677367486815, 0.005001219308030779, 0.004501189507436062, 0.004558734854926233, 0.004804973779381185, 0.004250582599121591, 0.004053208113148592, 0.004307427484056225, 0.004453054631965747, 0.004397939102373262, 0.004210930695568305, 0.003813780304314433, 0.0036364662042562513, 0.003823365767796835, 0.004125758606022683, 0.004073896680189215, 0.004095065723294797, 0.004619766620622166, 0.00377314430863961, 0.004438625772794088, 0.0041727857961170916, 0.004151312963686128, 0.003983104790466419, 0.00407180963219076], "fwd": [0.104855045373889, 0.09652150057364202, 0.08613445689712744, 0.078888345801312, 0.07012951477714208, 0.0651431982068048, 0.059659747109896896, 0.0556930396867835, 0.05243193757706795, 0.049172279627426804, 0.045641364913055864, 0.042378047065458446, 0.038601128087527505, 0.03494448057119397, 0.03126653450122778, 0.028069618560265804, 0.025412674658540364, 0.0234077677346658, 0.021770600996155666, 0.020151501980380737, 0.018527579393939696, 0.016907872238020965, 0.015340902580731156, 0.013763654879901721, 0.012482574711675232, 0.011216644705205723, 0.010092736456705173, 0.009211109168287636, 0.008347272656965948, 0.00765842264113219, 0.007189984122912089, 0.006760880739792533, 0.006562048499135003, 0.006426813680192697, 0.006354038093401038, 0.006270321814910226, 0.0062785483140876345, 0.006140148423720096, 0.006008385791294816, 0.005872727477032205, 0.005834550097368765, 0.005667091711707737, 0.00567703849595526, 0.005593519733435867, 0.00553226833758147, 0.005624788027742635, 0.005427825083767158, 0.005381810902685359, 0.005342957355837891, 0.00525032955667247], "bwd": [0.0, 0.0, 0.0, 0.0, 0.0, 0.0, 0.0, 0.0, 0.0, 0.0, 0.0, 0.0, 0.0, 0.0, 0.0, 0.0, 0.0, 0.0, 0.0, 0.0, 0.0, 0.0, 0.0, 0.0, 0.0, 0.0, 0.0, 0.0, 0.0, 0.0, 0.0, 0.0, 0.0, 0.0, 0.0, 0.0, 0.0, 0.0, 0.0, 0.0, 0.0, 0.0, 0.0, 0.0, 0.0, 0.0, 0.0, 0.0, 0.0, 0.0], "cons": [0.0, 0.0, 0.0, 0.0, 0.0, 0.0, 0.0, 0.0, 0.0, 0.0, 0.0, 0.0, 0.0, 0.0, 0.0, 0.0, 0.0, 0.0, 0.0, 0.0, 0.0, 0.0, 0.0, 0.0, 0.0, 0.0, 0.0, 0.0, 0.0, 0.0, 0.0, 0.0, 0.0, 0.0, 0.0, 0.0, 0.0, 0.0, 0.0, 0.0, 0.0, 0.0, 0.0, 0.0, 0.0, 0.0, 0.0, 0.0, 0.0, 0.0], "eigen": [0.4347826086956523, 0.4347826086956523, 0.4347826086956523, 0.4347826086956523, 0.4347826086956523, 0.4347826086956523, 0.4347826086956523, 0.4347826086956523, 0.4347826086956523, 0.4347826086956523, 0.4347826086956523, 0.4347826086956523, 0.4347826086956523, 0.4347826086956523, 0.4347826086956523, 0.4347826086956523, 0.4347826086956523, 0.4347826086956523, 0.4347826086956523, 0.4347826086956523, 0.4347826086956523, 0.4347826086956523, 0.4347826086956523, 0.4347826086956523, 0.4347826086956523, 0.4347826086956523, 0.4347826086956523, 0.4347826086956523, 0.4347826086956523, 0.4347826086956523, 0.4347826086956523, 0.4347826086956523, 0.4347826086956523, 0.4347826086956523, 0.4347826086956523, 0.4347826086956523, 0.4347826086956523, 0.4347826086956523, 0.4347826086956523, 0.4347826086956523, 0.4347826086956523, 0.4347826086956523, 0.4347826086956523, 0.4347826086956523, 0.4347826086956523, 0.4347826086956523, 0.4347826086956523, 0.4347826086956523, 0.4347826086956523, 0.4347826086956523], "fwd_val": [0.2704693438960057, 0.23749928287431304, 0.22070440124062932, 0.19329676721610276, 0.18030911520415663, 0.16438297477422975, 0.1530209653517779, 0.14399881362915043, 0.13550884396422144, 0.12598517174814258, 0.11701530148001278, 0.10744113080641803, 0.09675194562650197, 0.08716890811920167, 0.0777456059175379, 0.07038868128084669, 0.06468545759425443, 0.0601555726107429, 0.056013827464159796, 0.051653654902589094, 0.047042035004671884, 0.042633113206601604, 0.038373778848087084, 0.034749136719049195, 0.03142591282433154, 0.028362026050979015, 0.025504313146366794, 0.023069205237369907, 0.021013049050873405, 0.019888013951918658, 0.018705675414964262, 0.01804657812212028, 0.017612031978719373, 0.017851044383703493, 0.017322962307462504, 0.0173005739847819, 0.017020271338668524, 0.016759093018139107, 0.01629355999768949, 0.01589796239254521, 0.015828627873869502, 0.015792599554155386, 0.015698838409255532, 0.015848391722230355, 0.015654260329171724, 0.0151296326342751, 0.015061436973366083, 0.015403865482292922, 0.014294798642981284, 0.014506750480801451]}}}, "unit_circle_mse": {"gaussianElement": {"1e0": {"loss": [0.6758542765741764, 0.6237810798313307, 0.5686918148096057, 0.5333872974782751, 0.5181227863698765, 0.5100291901740475, 0.5044816362685052, 0.4998328747956649, 0.4956804026728091, 0.4917012421981148, 0.48763941889223844, 0.4832608789637469, 0.4791238149007161, 0.47534338909646734, 0.4722064944281094, 0.4696277784264606, 0.46802409351735874, 0.4666216477103855, 0.4647013346354168, 0.4630314315574756, 0.46137392900992136, 0.45952701292176173, 0.45770020968672154, 0.45616236976955254, 0.45427391494529845, 0.45307413736979174, 0.45166507665661804, 0.4503961341968481, 0.44944331956946326, 0.44826590220133455, 0.44751283120417934, 0.44702189348746035, 0.4466480061627816, 0.44590436133785527, 0.4454341086788454, 0.4458944044251372, 0.4453284028647603, 0.44537249302518533, 0.44526320194852526, 0.44573935080265653, 0.444765085413836, 0.444708171789197, 0.44486501389655514, 0.4448107622671819, 0.4448106738104337, 0.4446765982586405, 0.4444264425747637, 0.4447021816087805, 0.4444284217945043, 0.44383346447046257],