{"none": {"gaussianElement": {"1e0": {"loss": [3.289207531156994, 3.3166674296061194, 3.307485671270461, 3.175190625871931, 3.1685957409086685, 3.1257678803943456, 3.1037017095656623, 3.0790237971714562, 3.0525340670631045, 3.0260791233607702, 2.9932926541283016, 2.9552598317464187, 2.9140139806838263, 2.8836034320649646, 2.8365444546654115, 2.804364431472052, 2.7852436428978327, 2.7829547155471075, 2.7713789258684427, 2.7608986445835657, 2.7607737949916293, 2.760480517432803, 2.7548685709635414, 2.7577030545189274, 2.7519480205717537, 2.7523423512776692, 2.7490741003127326, 2.754144941057478, 2.74798705691383, 2.7632832300095336, 2.7492697942824593, 2.7472050984700522, 2.7471846080961684, 2.74831793648856, 2.7504591078985303, 2.783640652611142, 2.7652427673339846, 2.7526850745791487, 2.7504191988990416, 2.7517028808593755, 2.7561769939604264, 2.757794661748977, 2.747351746332077, 2.7493307204473583, 2.7502431233723956, 2.748159081595285, 2.7499634697323754, 2.751969037737165, 2.7494933537074493, 2.752035522460937], "iden": [0.0, 0.0, 0.0, 0.0, 0.0, 0.0, 0.0, 0.0, 0.0, 0.0, 0.0, 0.0, 0.0, 0.0, 0.0, 0.0, 0.0, 0.0, 0.0, 0.0, 0.0, 0.0, 0.0, 0.0, 0.0, 0.0, 0.0, 0.0, 0.0, 0.0, 0.0, 0.0, 0.0, 0.0, 0.0, 0.0, 0.0, 0.0, 0.0, 0.0, 0.0, 0.0, 0.0, 0.0, 0.0, 0.0, 0.0, 0.0, 0.0, 0.0], "fwd": [0.9082551592872254, 0.9357150486537389, 0.9265332539876303, 0.7942381995064872, 0.7876433145432247, 0.7448153859093075, 0.72274930590675, 0.6980713889712378, 0.6715816497802735, 0.6451267605736142, 0.612340277717227, 0.5743074735005697, 0.5330615815662202, 0.5026511010669527, 0.4555920600891114, 0.42341204143705824, 0.40429126421610506, 0.40200232324146085, 0.39042652675083706, 0.3799462545485724, 0.37982143674577984, 0.37952815691630043, 0.373916194552467, 0.3767506712958927, 0.3709956691378639, 0.37138994761875704, 0.3681217125483921, 0.3731925510224842, 0.3670346805027553, 0.3823308808462961, 0.3683174383072626, 0.36625270616440553, 0.3662322543916248, 0.367365566889445, 0.3695067224048433, 0.4026882489522299, 0.38429039546421595, 0.37173274131048284, 0.36946679524012976, 0.3707504772004627, 0.375224628902617, 0.3768423057737804, 0.36639936537969675, 0.36837830997648696, 0.36929076739719935, 0.3672067006429037, 0.3690110547201974, 0.37101666359674357, 0.368540993190947, 0.37108317102704735], "bwd": [0.0, 0.0, 0.0, 0.0, 0.0, 0.0, 0.0, 0.0, 0.0, 0.0, 0.0, 0.0, 0.0, 0.0, 0.0, 0.0, 0.0, 0.0, 0.0, 0.0, 0.0, 0.0, 0.0, 0.0, 0.0, 0.0, 0.0, 0.0, 0.0, 0.0, 0.0, 0.0, 0.0, 0.0, 0.0, 0.0, 0.0, 0.0, 0.0, 0.0, 0.0, 0.0, 0.0, 0.0, 0.0, 0.0, 0.0, 0.0, 0.0, 0.0], "cons": [0.0, 0.0, 0.0, 0.0, 0.0, 0.0, 0.0, 0.0, 0.0, 0.0, 0.0, 0.0, 0.0, 0.0, 0.0, 0.0, 0.0, 0.0, 0.0, 0.0, 0.0, 0.0, 0.0, 0.0, 0.0, 0.0, 0.0, 0.0, 0.0, 0.0, 0.0, 0.0, 0.0, 0.0, 0.0, 0.0, 0.0, 0.0, 0.0, 0.0, 0.0, 0.0, 0.0, 0.0, 0.0, 0.0, 0.0, 0.0, 0.0, 0.0], "eigen": [2.3809523809523805, 2.3809523809523805, 2.3809523809523805, 2.3809523809523805, 2.3809523809523805, 2.3809523809523805, 2.3809523809523805, 2.3809523809523805, 2.3809523809523805, 2.3809523809523805, 2.3809523809523805, 2.3809523809523805, 2.3809523809523805, 2.3809523809523805, 2.3809523809523805, 2.3809523809523805, 2.3809523809523805, 2.3809523809523805, 2.3809523809523805, 2.3809523809523805, 2.3809523809523805, 2.3809523809523805, 2.3809523809523805, 2.3809523809523805, 2.3809523809523805, 2.3809523809523805, 2.3809523809523805, 2.3809523809523805, 2.3809523809523805, 2.3809523809523805, 2.3809523809523805, 2.3809523809523805, 2.3809523809523805, 2.3809523809523805, 2.3809523809523805, 2.3809523809523805, 2.3809523809523805, 2.3809523809523805, 2.3809523809523805, 2.3809523809523805, 2.3809523809523805, 2.3809523809523805, 2.3809523809523805, 2.3809523809523805, 2.3809523809523805, 2.3809523809523805, 2.3809523809523805, 2.3809523809523805, 2.3809523809523805, 2.3809523809523805], "time": [2.108438277244568, 4.623052477836609, 7.086310076713562, 9.557669043540955, 12.026477456092834, 14.489851665496825, 16.964389276504516, 19.44410123825073, 21.91344347000122, 24.37624490261078, 26.842696619033813, 29.309283995628356, 31.76638216972351, 34.24155983924866, 36.70669457912445, 39.173184871673584, 41.648187375068666, 44.115179896354675, 46.5837628364563, 49.06306967735291, 51.526458621025085, 53.99598593711853, 56.46220932006836, 58.93390517234802, 61.40002586841583, 63.87203974723816, 66.33319978713989, 68.8050808429718, 71.26579875946045, 73.72919116020202, 76.19524981975556, 78.66592040061951, 81.1339667081833, 83.59823331832885, 86.06652414798737, 88.53435835838317, 90.99447002410889, 93.46456258296966, 95.92600011825562, 98.40079905986786, 100.86631808280944, 103.3297636270523, 105.79772124290466, 108.25722558498383, 110.73139178752899, 113.19588794708253, 115.66528944969177, 118.13230149745941, 120.59968588352203, 123.0624490737915], "fwd_val": [2.781757375929091, 3.366566107008192, 2.3774061203002934, 2.3758746676974827, 2.1467593934800893, 2.064787589179145, 1.9288727018568252, 1.813874954647488, 1.67309930589464, 1.5160721672905817, 1.3348077562120229, 1.1253965960608587, 0.9356523354848225, 0.730524778366089, 0.5213467068142361, 0.40845686329735653, 0.4404461383819581, 0.33789807425604923, 0.29341702196333136, 0.26091320117314654, 0.3092643870247735, 0.26210318141513395, 0.25456896887885205, 0.2400628195868598, 0.22988263898425637, 0.21298933558993868, 0.2491180804040697, 0.22008727259106106, 0.24720935821533202, 0.22394215001000295, 0.22054889334572686, 0.21362553570005627, 0.2110042664739821, 0.22586153878106008, 0.4015528003374736, 0.2830798308054606, 0.23938990698920354, 0.23315898842281763, 0.24504121277067395, 0.2474475940068563, 0.27113145722283255, 0.21984657181633843, 0.22038933303621083, 0.233148913913303, 0.22073778046502007, 0.2132511364089118, 0.2366893622610305, 0.22483257055282596, 0.22945129474004106, 0.23098061084747315], "testAccuracy": [0.06334524601697922, 0.07214018702507019, 0.057747405022382736, 0.05643986910581589, 0.05638398602604866, 0.051660552620887756, 0.050371479243040085, 0.0511431023478508, 0.05070560425519943, 0.050683144479990005, 0.05632210522890091, 0.051374711096286774, 0.051303133368492126, 0.05592643469572067, 0.05525072664022446], "testStd": [0.0, 0.0, 0.0, 0.0, 0.0, 0.0, 0.0, 0.0, 0.0, 0.0, 0.0, 0.0, 0.0, 0.0, 0.0]}}, "uniformEigen": {"1e0": {"loss": [101.9042064485096, 87.00768788655598, 38.996569061279295, 9.25871113368443, 5.051828148251488, 4.985623223440987, 4.018065679640998, 3.7890462239583336, 3.3304276057652062, 3.1490807124546603, 2.9739085061209543, 3.368698374430339, 2.9472974504743306, 2.9250534784226185, 2.875283413841611, 2.832176026843843, 2.8431412469773063, 2.895748556227911, 2.8466278076171876, 2.9073445819673087, 2.9344213394891643, 2.9020008087158202, 2.8370933532714844, 2.867219543457032, 2.93714724949428, 2.813217017764137, 2.8818988255092073, 2.8250005631219777, 2.8519408271426245, 2.8139812651134672, 2.8369690304710753, 2.839141482398624, 2.8391816093808133, 2.809307861328125, 2.8786246163504465, 2.8794457571847096, 2.804444848923456, 2.8176797231038417, 2.8443557920910063, 2.8457090831938245, 2.7978511991954984, 3.218364879063197, 2.8407299768357053, 2.824339239937919, 2.8384515308198472, 2.8139380863734655, 2.8013553437732517, 2.821032206217448, 2.8708888644263855, 2.791298584710984], "iden": [0.0, 0.0, 0.0, 0.0, 0.0, 0.0, 0.0, 0.0, 0.0, 0.0, 0.0, 0.0, 0.0, 0.0, 0.0, 0.0, 0.0, 0.0, 0.0, 0.0, 0.0, 0.0, 0.0, 0.0, 0.0, 0.0, 0.0, 0.0, 0.0, 0.0, 0.0, 0.0, 0.0, 0.0, 0.0, 0.0, 0.0, 0.0, 0.0, 0.0, 0.0, 0.0, 0.0, 0.0, 0.0, 0.0, 0.0, 0.0, 0.0, 0.0],