{"none": {"gaussianElement": {"1e0": {"loss": [4.172139606778583, 3.608671400282118, 2.1129272097632996, 1.9917990063864088, 1.8849607800680495, 2.075713687472873, 1.9385286966959636, 1.9719065106104292, 1.9257228790767609, 2.0670448182121155, 1.9146207779172866, 1.8378750634571863, 1.9207853892492868, 1.8896814376588853, 1.8536708771236359, 1.8418374440026664, 1.891510978577629, 1.7517384725903709, 2.525642516121032, 2.196875678168403, 1.8739673675052704, 1.7014884343222967, 1.7704927959139385, 1.7375338720896887, 1.6684188237265936, 2.044130113389757, 1.6432613796657989, 1.6927304949079243, 1.6207068307059151, 1.6541212778242809, 1.6107737828814794, 1.6640305292038688, 1.5887426346067397, 1.6028165060376365, 1.585032447936043, 1.7126438201419891, 1.6028487190367684, 1.5766288515121218, 1.5669911702473958, 1.5945734296526226, 1.5982940916031128, 1.6439113314189608, 1.6504126654730904, 1.560954865955171, 1.583387707907056, 1.5739301045735676, 1.557468959263393, 1.56184326656281, 1.5578171866280692, 1.561055440751333], "iden": [0.0, 0.0, 0.0, 0.0, 0.0, 0.0, 0.0, 0.0, 0.0, 0.0, 0.0, 0.0, 0.0, 0.0, 0.0, 0.0, 0.0, 0.0, 0.0, 0.0, 0.0, 0.0, 0.0, 0.0, 0.0, 0.0, 0.0, 0.0, 0.0, 0.0, 0.0, 0.0, 0.0, 0.0, 0.0, 0.0, 0.0, 0.0, 0.0, 0.0, 0.0, 0.0, 0.0, 0.0, 0.0, 0.0, 0.0, 0.0, 0.0, 0.0], "fwd": [2.981663325476268, 2.4181952098059276, 0.9224509890117343, 0.8013228461855935, 0.6944846652802967, 0.885237527272058, 0.7480525364951482, 0.7814303201342385, 0.735246703738258, 0.8765686580113002, 0.7241445874410962, 0.647398903256371, 0.7303091987730964, 0.6992052471826947, 0.6631946866474455, 0.6513612232511006, 0.7010346821376255, 0.5612623578026181, 1.3351663105071536, 1.0063994725545247, 0.6834911770290798, 0.511012213570731, 0.5800166962638733, 0.5470577421642485, 0.47794254242427764, 0.8536539834643166, 0.45278518918960814, 0.502254289294046, 0.4302307159181625, 0.4636450722104027, 0.42029762268066406, 0.4735542933146159, 0.3982663608732678, 0.41234040638757136, 0.3945563104417589, 0.5221675388396733, 0.41237251342289033, 0.3861526610359313, 0.37651501004658045, 0.4040972467452761, 0.4078179919530475, 0.4534351106673952, 0.45993646742805594, 0.3704786906166682, 0.39291155527508453, 0.3834538762531583, 0.36699277635604616, 0.37136706094893196, 0.36734099615187876, 0.37057923513745505], "bwd": [0.0, 0.0, 0.0, 0.0, 0.0, 0.0, 0.0, 0.0, 0.0, 0.0, 0.0, 0.0, 0.0, 0.0, 0.0, 0.0, 0.0, 0.0, 0.0, 0.0, 0.0, 0.0, 0.0, 0.0, 0.0, 0.0, 0.0, 0.0, 0.0, 0.0, 0.0, 0.0, 0.0, 0.0, 0.0, 0.0, 0.0, 0.0, 0.0, 0.0, 0.0, 0.0, 0.0, 0.0, 0.0, 0.0, 0.0, 0.0, 0.0, 0.0], "cons": [0.0, 0.0, 0.0, 0.0, 0.0, 0.0, 0.0, 0.0, 0.0, 0.0, 0.0, 0.0, 0.0, 0.0, 0.0, 0.0, 0.0, 0.0, 0.0, 0.0, 0.0, 0.0, 0.0, 0.0, 0.0, 0.0, 0.0, 0.0, 0.0, 0.0, 0.0, 0.0, 0.0, 0.0, 0.0, 0.0, 0.0, 0.0, 0.0, 0.0, 0.0, 0.0, 0.0, 0.0, 0.0, 0.0, 0.0, 0.0, 0.0, 0.0], "eigen": [1.1904761904761905, 1.1904761904761905, 1.1904761904761905, 1.1904761904761905, 1.1904761904761905, 1.1904761904761905, 1.1904761904761905, 1.1904761904761905, 1.1904761904761905, 1.1904761904761905, 1.1904761904761905, 1.1904761904761905, 1.1904761904761905, 1.1904761904761905, 1.1904761904761905, 1.1904761904761905, 1.1904761904761905, 1.1904761904761905, 1.1904761904761905, 1.1904761904761905, 1.1904761904761905, 1.1904761904761905, 1.1904761904761905, 1.1904761904761905, 1.1904761904761905, 1.1904761904761905, 1.1904761904761905, 1.1904761904761905, 1.1904761904761905, 1.1904761904761905, 1.1904761904761905, 1.1904761904761905, 1.1904761904761905, 1.1904761904761905, 1.1904761904761905, 1.1904761904761905, 1.1904761904761905, 1.1904761904761905, 1.1904761904761905, 1.1904761904761905, 1.1904761904761905, 1.1904761904761905, 1.1904761904761905, 1.1904761904761905, 1.1904761904761905, 1.1904761904761905, 1.1904761904761905, 1.1904761904761905, 1.1904761904761905, 1.1904761904761905], "time": [1.8464868863423665, 4.236033280690511, 6.617578585942586, 8.991654872894287, 11.375922759373983, 13.76080314318339, 16.145447810490925, 18.526625235875446, 20.910298585891724, 23.304438988367718, 25.680349588394165, 28.071637789408367, 30.459444761276245, 32.8341654141744, 35.220280170440674, 37.60661029815674, 39.987590392430626, 42.37950563430786, 44.75265073776245, 47.13836669921875, 49.5265527566274, 51.907099644343056, 54.295299768447876, 56.68050193786621, 59.06439963976542, 61.45961515108744, 63.84656937917074, 66.21785378456116, 68.60483129819234, 70.99175063769023, 73.36532648404439, 75.74905761082967, 78.11605580647786, 80.5138870080312, 82.88044651349385, 85.2664676507314, 87.66187802950542, 90.046155611674, 92.43148318926494, 94.80758166313171, 97.19440404574077, 99.57989088694255, 101.96165005366008, 104.34799146652222, 106.71864652633667, 109.08891359965007, 111.47884289423625, 113.87009048461914, 116.26297847429912, 118.64852213859558], "fwd_val": [21.004933957700377, 4.633764337610315, 2.49431398179796, 1.9050126605563695, 2.898020567717376, 2.9043158072012445, 2.257459146005136, 1.7517741167986838, 4.320559748896846, 2.749209368670428, 1.7262773160581233, 1.7102329112865309, 2.02865042509856, 1.7069819768269856, 1.4932691079598885, 1.3592410970617224, 1.2288284831576877, 3.3742249100296586, 4.831560346815321, 2.725403891669379, 0.9873589056509512, 1.4780400240862812, 0.9608710430286549, 1.1403880649142797, 1.0041078284934717, 0.5692857283133047, 0.6835603890595613, 0.5359185536702474, 0.4526880228960956, 0.41036295890808105, 0.7960106090263085, 0.41620076144183127, 0.4019807621284768, 0.29665900159765174, 0.7280568105203135, 0.6849548993287263, 0.2729793742850975, 0.28009061460141776, 0.24509786234961617, 0.4611930361500492, 0.27796866717161955, 1.033607633025558, 0.2414816485510932, 0.30970354433412906, 0.3139113717608982, 0.21694650473418062, 0.27692949771881104, 0.27338451367837413, 0.2438169497030753, 0.2376944179888125], "testAccuracy": [0.05873412638902664, 0.05626599118113518, 0.05501357838511467, 0.05467411130666733, 0.054727520793676376, 0.05355120077729225, 0.05349968001246452, 0.05563969910144806, 0.052342966198921204, 0.05180111527442932, 0.0530698262155056, 0.0535636842250824, 0.05239862948656082, 0.05267058685421944, 0.055599112063646317], "testStd": [0.0, 0.0, 0.0, 0.0, 0.0, 0.0, 0.0, 0.0, 0.0, 0.0, 0.0, 0.0, 0.0, 0.0, 0.0]}}, "spikeAndSlabVeryLarge": {"1e0": {"loss": [3.624279930478051, 2.7958771236359126, 9.54541754344153, 6.288009764656188, 2.014655158633278, 1.8691904582674541, 1.6479845198373946, 1.64374263702877, 1.6080106704954116, 1.5886780269562248, 1.580537584092882, 1.582782987564329, 1.583081563313802, 1.572544461204892, 1.5785734388563368, 1.5729773385184151, 1.5793206351143974, 1.5763528611924915, 1.6099688817584326, 1.6128118605840773, 1.6303211999317957, 1.5845586988661025, 1.5611137511238218, 1.6036611890035963, 1.590826851981027, 1.638916257828001, 1.5813955882238961, 1.57542970445421, 1.5732911125062004, 1.575334215921069, 1.5731682550339474, 1.5765870109437004, 1.5773844643244666, 1.5653840927850633, 1.586349911159939, 1.579326932392423, 1.6895659310477118, 1.6116826496427024, 1.6071981399778335, 1.5896080864800346, 1.5913832528250558, 1.5793817913721477, 1.581779116675967, 1.5948197501046317, 1.5601996164473277, 1.621728079659598, 1.606886243063306, 1.5688335479251923, 1.5806724306136843, 1.5596361917162698], "iden": [0.0, 0.0, 0.0, 0.0, 0.0, 0.0, 0.0, 0.0, 0.0, 0.0, 0.0, 0.0, 0.0, 0.0, 0.0, 0.0, 0.0, 0.0, 0.0, 0.0, 0.0, 0.0, 0.0, 0.0, 0.0, 0.0, 0.0, 0.0, 0.0, 0.0, 0.0, 0.0, 0.0, 0.0, 0.0, 0.0, 0.0, 0.0, 0.0, 0.0, 0.0, 0.0, 0.0, 0.0, 0.0, 0.0, 0.0, 0.0, 0.0, 0.0],