{"none": {"gaussianElement": {"1e0": {"loss": [1.8321719941638765, 1.8011785234723772, 1.9705686296735494, 1.7370141892206103, 1.7304593404134114, 1.6986418224516366, 1.6776244753882998, 1.6525881812686012, 1.6242562066941033, 1.598298790341332, 1.5601247878301714, 1.5332417079380583, 1.4894328889392672, 1.4455202193487255, 1.4046844664074125, 1.3608095986502513, 1.3367752075195312, 1.3271850222633, 1.3292483738490515, 1.3394287291027251, 1.3338695344470797, 1.3321844373430527, 1.3825604030064174, 1.3267067137218658, 1.3254037402925036, 1.3203438895089286, 1.3284875415620347, 1.3281814938499816, 1.3173579443068733, 1.3224742526099795, 1.3201265789213634, 1.3177369617280505, 1.323043441772461, 1.3205360049293156, 1.3201263972691126, 1.320291500999814, 1.3320687248593284, 1.3237774803524924, 1.3199972425188338, 1.3204602559407552, 1.3207430339994883, 1.3183071863083613, 1.3274861653645833, 1.3168264843168713, 1.3173665546235585, 1.3216336749848867, 1.3309807550339472, 1.321365683419364, 1.3213995433989025, 1.3248699914841424], "iden": [0.0, 0.0, 0.0, 0.0, 0.0, 0.0, 0.0, 0.0, 0.0, 0.0, 0.0, 0.0, 0.0, 0.0, 0.0, 0.0, 0.0, 0.0, 0.0, 0.0, 0.0, 0.0, 0.0, 0.0, 0.0, 0.0, 0.0, 0.0, 0.0, 0.0, 0.0, 0.0, 0.0, 0.0, 0.0, 0.0, 0.0, 0.0, 0.0, 0.0, 0.0, 0.0, 0.0, 0.0, 0.0, 0.0, 0.0, 0.0, 0.0, 0.0], "fwd": [0.8797911144438244, 0.8487975529261998, 1.018187731788272, 0.7846332550048829, 0.7780783698672341, 0.746260842822847, 0.7252435593377975, 0.7002072288876489, 0.6718751725696381, 0.6459178924560547, 0.6077438082013812, 0.580860746474493, 0.5370519456409273, 0.4931392488025484, 0.45230352310907274, 0.4084286371866862, 0.3843943096342541, 0.3748040562584286, 0.3768674623398554, 0.38704776309785394, 0.3814885684422084, 0.3798034804207938, 0.430179450625465, 0.37432576588221955, 0.3730227833702451, 0.3679629325866699, 0.3761065937223889, 0.3758005323864165, 0.36497699192592076, 0.3700933320181711, 0.3677456583295549, 0.3653560184297107, 0.3706624939328148, 0.36815503892444434, 0.3677454585120792, 0.36791054407755536, 0.37968775885445727, 0.37139650980631506, 0.3676163037618001, 0.3680792944771903, 0.36836208615984234, 0.3659262430100214, 0.37510519935971215, 0.36444552285330645, 0.3649856249491374, 0.3692527089800154, 0.37859980265299475, 0.368984740121024, 0.3690185955592565, 0.37248905272710886], "bwd": [0.0, 0.0, 0.0, 0.0, 0.0, 0.0, 0.0, 0.0, 0.0, 0.0, 0.0, 0.0, 0.0, 0.0, 0.0, 0.0, 0.0, 0.0, 0.0, 0.0, 0.0, 0.0, 0.0, 0.0, 0.0, 0.0, 0.0, 0.0, 0.0, 0.0, 0.0, 0.0, 0.0, 0.0, 0.0, 0.0, 0.0, 0.0, 0.0, 0.0, 0.0, 0.0, 0.0, 0.0, 0.0, 0.0, 0.0, 0.0, 0.0, 0.0], "cons": [0.0, 0.0, 0.0, 0.0, 0.0, 0.0, 0.0, 0.0, 0.0, 0.0, 0.0, 0.0, 0.0, 0.0, 0.0, 0.0, 0.0, 0.0, 0.0, 0.0, 0.0, 0.0, 0.0, 0.0, 0.0, 0.0, 0.0, 0.0, 0.0, 0.0, 0.0, 0.0, 0.0, 0.0, 0.0, 0.0, 0.0, 0.0, 0.0, 0.0, 0.0, 0.0, 0.0, 0.0, 0.0, 0.0, 0.0, 0.0, 0.0, 0.0], "eigen": [0.9523809523809523, 0.9523809523809523, 0.9523809523809523, 0.9523809523809523, 0.9523809523809523, 0.9523809523809523, 0.9523809523809523, 0.9523809523809523, 0.9523809523809523, 0.9523809523809523, 0.9523809523809523, 0.9523809523809523, 0.9523809523809523, 0.9523809523809523, 0.9523809523809523, 0.9523809523809523, 0.9523809523809523, 0.9523809523809523, 0.9523809523809523, 0.9523809523809523, 0.9523809523809523, 0.9523809523809523, 0.9523809523809523, 0.9523809523809523, 0.9523809523809523, 0.9523809523809523, 0.9523809523809523, 0.9523809523809523, 0.9523809523809523, 0.9523809523809523, 0.9523809523809523, 0.9523809523809523, 0.9523809523809523, 0.9523809523809523, 0.9523809523809523, 0.9523809523809523, 0.9523809523809523, 0.9523809523809523, 0.9523809523809523, 0.9523809523809523, 0.9523809523809523, 0.9523809523809523, 0.9523809523809523, 0.9523809523809523, 0.9523809523809523, 0.9523809523809523, 0.9523809523809523, 0.9523809523809523, 0.9523809523809523, 0.9523809523809523], "time": [1.958982515335083, 4.424530982971191, 6.896421480178833, 9.367647743225097, 11.841889667510987, 14.333925771713258, 16.79645767211914, 19.299548625946045, 21.745663833618163, 24.203406238555907, 26.696461582183836, 29.161649656295776, 31.630095529556275, 34.11318359375, 36.56153650283814, 39.02155423164368, 41.496560621261594, 43.95115852355957, 46.42962803840637, 48.867213296890256, 51.3378303527832, 53.836228132247925, 56.28619728088379, 58.77339129447937, 61.27059769630432, 63.75522756576538, 66.23547282218934, 68.70463647842408, 71.19890413284301, 73.67538704872132, 76.15101971626282, 78.5812451839447, 81.0502359867096, 83.51816000938416, 85.9989619731903, 88.48123292922973, 90.9757555961609, 93.46625432968139, 95.94128355979919, 98.43591446876526, 100.90339822769165, 103.40196299552917, 105.86521315574646, 108.31308450698853, 110.79800505638123, 113.24998135566712, 115.73553228378296, 118.21826171875, 120.6802845954895, 123.14020118713378], "fwd_val": [2.7033619350857205, 3.921563424004449, 2.3311766730414494, 2.303573015001085, 2.1629751417371965, 2.0589609358045786, 1.9489664713541668, 1.799980756971571, 1.6746180640326607, 1.490351719326443, 1.3537389331393772, 1.139662403530545, 0.928210226694743, 0.7115782949659558, 0.4842904514736599, 0.3283323605855306, 0.2479002740648058, 0.26662835809919566, 0.3107872009277344, 0.3035096592373318, 0.29027989705403645, 0.5317429224650064, 0.2643581072489421, 0.25285594198438854, 0.2277953412797716, 0.2296608050664266, 0.3105165110694038, 0.21859273645612926, 0.21745248370700412, 0.2210117737452189, 0.2180847273932563, 0.22562581168280707, 0.2224787818060981, 0.21495308611128064, 0.19646431340111628, 0.2651853190528022, 0.235744751824273, 0.22799031734466552, 0.23696094089084202, 0.2276955154207018, 0.21452584266662597, 0.22800979349348283, 0.22268576886918812, 0.2149030182096693, 0.2244343837102254, 0.30071997112698023, 0.22782835695478648, 0.21426983409457737, 0.23523803022172712, 0.20984421836005315], "testAccuracy": [0.08280149847269058, 0.0645158439874649, 0.05460832640528679, 0.05151307210326195, 0.05005974695086479, 0.0509757399559021, 0.05061260610818863, 0.05391543358564377, 0.05009334534406662, 0.0516979917883873, 0.05438026785850525, 0.054135505110025406, 0.053671885281801224, 0.05408477783203125, 0.05410735309123993], "testStd": [0.0, 0.0, 0.0, 0.0, 0.0, 0.0, 0.0, 0.0, 0.0, 0.0, 0.0, 0.0, 0.0, 0.0, 0.0]}}}, "unit_circle_mse-none": {"gaussianElement": {"1e0": {"loss": [1.8223516191755025, 1.9056654793875558, 1.8734038216727122, 1.8665613083612353, 1.7690718877883185, 1.6983418782552087, 1.6733416239420573, 1.6478355771019344, 1.6197602408272878, 1.587107667468843, 1.5569141024634952, 1.5216766357421874, 1.4753880637032646, 1.4306472778320312, 1.3860224769228984, 1.3563261486235119, 1.336458024524507, 1.4158444177536738, 1.348539570399693, 1.3421743665422712, 1.337378619966053, 1.5105532873244512, 1.3275759015764508, 1.3216098785400392, 1.3267532348632813, 1.3240744817824592, 1.3232292538597472, 1.3218134380522228, 1.3182927631196522, 1.3261490231468565, 1.3181098211379276, 1.3186493828183128, 1.3154087793259395, 1.317418198358445, 1.32363775344122, 1.3246929532005673, 1.3305904570079985, 1.3203614552815757, 1.3327253795805434, 1.3341789245605469, 1.3209200904482887, 1.3243101755777995, 1.3177599225725447, 1.3224544888450986, 1.322763424827939, 1.317800794328962, 1.321374493553525, 1.317219706944057, 1.3204134986514138, 1.324530992053804], "iden": [0.0, 0.0, 0.0, 0.0, 0.0, 0.0, 0.0, 0.0, 0.0, 0.0, 0.0, 0.0, 0.0, 0.0, 0.0, 0.0, 0.0, 0.0, 0.0, 0.0, 0.0, 0.0, 0.0, 0.0, 0.0, 0.0, 0.0, 0.0, 0.0, 0.0, 0.0, 0.0, 0.0, 0.0, 0.0, 0.0, 0.0, 0.0, 0.0, 0.0, 0.0, 0.0, 0.0, 0.0, 0.0, 0.0, 0.0, 0.0, 0.0, 0.0],