{"none": {"gaussianElement": {"1e0": {"loss": [2.0292147863478887, 2.163299233572824, 2.016853514171782, 1.9242379324776784, 1.9275986807686945, 1.8855888185046965, 1.8909277779715403, 1.887934294201079, 1.8402196430024649, 1.828649920508975, 1.8256303514753072, 1.8100037529355002, 1.8098648797898065, 1.8377644856770836, 1.8134040832519531, 1.7853035699753534, 1.7716087522960844, 1.7585884094238282, 1.7558231172107515, 1.7374059404645645, 1.7430725460960752, 1.7105873107910157, 1.7122557685488744, 1.6894133794875372, 1.6854122161865235, 1.663066137404669, 1.6592265719459172, 1.6488446916852681, 1.6544001624697728, 1.634743154616583, 1.6244418189639134, 1.6182553609212242, 1.6214320046561106, 1.609774907430013, 1.602327255975632, 1.5948971157982235, 1.5959720248267764, 1.5902101244245257, 1.5858270191010975, 1.5795233590262276, 1.5742778959728423, 1.5853920709519158, 1.5823010399228052, 1.5733491988409134, 1.5748157501220703, 1.576362864176432, 1.580112838745117, 1.5789402553013394, 1.5736869993663969, 1.574650591895694], "iden": [0.0, 0.0, 0.0, 0.0, 0.0, 0.0, 0.0, 0.0, 0.0, 0.0, 0.0, 0.0, 0.0, 0.0, 0.0, 0.0, 0.0, 0.0, 0.0, 0.0, 0.0, 0.0, 0.0, 0.0, 0.0, 0.0, 0.0, 0.0, 0.0, 0.0, 0.0, 0.0, 0.0, 0.0, 0.0, 0.0, 0.0, 0.0, 0.0, 0.0, 0.0, 0.0, 0.0, 0.0, 0.0, 0.0, 0.0, 0.0, 0.0, 0.0], "fwd": [0.8387386322021484, 0.9728230430966331, 0.8263773146129789, 0.7337617828732446, 0.7371224721272788, 0.6951126416524251, 0.7004515693301248, 0.6974581218901135, 0.6497434843154181, 0.6381738072349912, 0.6351541700817289, 0.6195275670006162, 0.6193886666070847, 0.6472882952008929, 0.6229278791518438, 0.5948273704165504, 0.5811325436546689, 0.5681122371128627, 0.5653469085693359, 0.5469297863188245, 0.5525963465372722, 0.5201111112322125, 0.5217795916966029, 0.4989371708461216, 0.49493598483857654, 0.4725899174099877, 0.4687503860110329, 0.45836850120907735, 0.4639239697229295, 0.4442669777643113, 0.4339656398409888, 0.42777916363307406, 0.43095579828534814, 0.4192987532842727, 0.4118510677700951, 0.4044209207807269, 0.40549583435058595, 0.3997339067004976, 0.3953508331662133, 0.3890471640087309, 0.3838017327444894, 0.3949159213474818, 0.3918248312813895, 0.3828729901994977, 0.38433956191653296, 0.3858867054893857, 0.3896366777874175, 0.38846404211861746, 0.38321084749130974, 0.3841743764423189], "bwd": [0.0, 0.0, 0.0, 0.0, 0.0, 0.0, 0.0, 0.0, 0.0, 0.0, 0.0, 0.0, 0.0, 0.0, 0.0, 0.0, 0.0, 0.0, 0.0, 0.0, 0.0, 0.0, 0.0, 0.0, 0.0, 0.0, 0.0, 0.0, 0.0, 0.0, 0.0, 0.0, 0.0, 0.0, 0.0, 0.0, 0.0, 0.0, 0.0, 0.0, 0.0, 0.0, 0.0, 0.0, 0.0, 0.0, 0.0, 0.0, 0.0, 0.0], "cons": [0.0, 0.0, 0.0, 0.0, 0.0, 0.0, 0.0, 0.0, 0.0, 0.0, 0.0, 0.0, 0.0, 0.0, 0.0, 0.0, 0.0, 0.0, 0.0, 0.0, 0.0, 0.0, 0.0, 0.0, 0.0, 0.0, 0.0, 0.0, 0.0, 0.0, 0.0, 0.0, 0.0, 0.0, 0.0, 0.0, 0.0, 0.0, 0.0, 0.0, 0.0, 0.0, 0.0, 0.0, 0.0, 0.0, 0.0, 0.0, 0.0, 0.0], "eigen": [1.1904761904761902, 1.1904761904761902, 1.1904761904761902, 1.1904761904761902, 1.1904761904761902, 1.1904761904761902, 1.1904761904761902, 1.1904761904761902, 1.1904761904761902, 1.1904761904761902, 1.1904761904761902, 1.1904761904761902, 1.1904761904761902, 1.1904761904761902, 1.1904761904761902, 1.1904761904761902, 1.1904761904761902, 1.1904761904761902, 1.1904761904761902, 1.1904761904761902, 1.1904761904761902, 1.1904761904761902, 1.1904761904761902, 1.1904761904761902, 1.1904761904761902, 1.1904761904761902, 1.1904761904761902, 1.1904761904761902, 1.1904761904761902, 1.1904761904761902, 1.1904761904761902, 1.1904761904761902, 1.1904761904761902, 1.1904761904761902, 1.1904761904761902, 1.1904761904761902, 1.1904761904761902, 1.1904761904761902, 1.1904761904761902, 1.1904761904761902, 1.1904761904761902, 1.1904761904761902, 1.1904761904761902, 1.1904761904761902, 1.1904761904761902, 1.1904761904761902, 1.1904761904761902, 1.1904761904761902, 1.1904761904761902, 1.1904761904761902], "time": [1.8434545278549195, 4.226430797576905, 6.619327402114868, 9.023886895179748, 11.416431498527526, 13.81101951599121, 16.20733232498169, 18.6001647233963, 20.992894530296326, 23.382592630386352, 25.768840408325197, 28.153385186195372, 30.54096324443817, 32.932382583618164, 35.32343847751618, 37.71391673088074, 40.1054044008255, 42.50966024398804, 44.903575325012206, 47.28705842494965, 49.672437810897826, 52.05780577659607, 54.449542832374576, 56.83385856151581, 59.22897255420685, 61.62784972190857, 64.0149751663208, 66.4011872768402, 68.79309861660003, 71.18452436923981, 73.57744784355164, 75.96091709136962, 78.34921975135804, 80.74089517593384, 83.14054079055786, 85.53334453105927, 87.91811330318451, 90.31265091896057, 92.70598826408386, 95.10078327655792, 97.4993556022644, 99.88580260276794, 102.2742246389389, 104.65973815917968, 107.04668729305267, 109.44064514636993, 111.83549609184266, 114.22256507873536, 116.6129088640213, 119.00244224071503], "fwd_val": [3.255675866868761, 2.7959751341078016, 2.0754945543077254, 2.041769684685601, 1.8320355680253773, 1.8180682712131073, 1.9386610878838433, 1.6723592705196808, 1.6244387255774604, 1.6066749784681533, 1.523048151863946, 1.5275271415710452, 1.6281628290812176, 1.5380754152933758, 1.3943394660949706, 1.3607060379452176, 1.2717444896697996, 1.263079031308492, 1.1795685980055066, 1.1708798302544488, 1.0390512625376382, 1.0250302049848767, 0.9538273440466986, 0.9020788113276165, 0.8020607206556531, 0.7661333825853136, 0.6798470311694675, 0.7280978573693169, 0.6503909164004856, 0.5732820444636875, 0.5324193411403232, 0.5198453823725383, 0.5248370965321858, 0.4762752744886611, 0.4272355953852336, 0.41628525919384424, 0.38706356551912097, 0.3848065323299832, 0.3508780280749003, 0.32804721593856806, 0.321961772441864, 0.3275753431850009, 0.30271221929126313, 0.32608635425567634, 0.2828074468506707, 0.3036036835776435, 0.34795684417088824, 0.27378874619801835, 0.3102264920870463, 0.3147475481033325], "testAccuracy": [0.312911719083786, 0.49429115653038025, 0.32520464062690735, 0.12092150002717972, 0.0817916989326477, 0.0554070807993412, 0.058318737894296646, 0.05031075328588486, 0.05063510313630104, 0.05637839064002037, 0.05180094391107559, 0.05059526115655899, 0.05545298010110855, 0.05456811934709549, 0.05348020792007446], "testStd": [0.0, 0.0, 0.0, 0.0, 0.0, 0.0, 0.0, 0.0, 0.0, 0.0, 0.0, 0.0, 0.0, 0.0, 0.0]}}, "uniformEigen": {"1e0": {"loss": [2.2910813467843196, 2.2714063190278555, 2.1546983446393693, 1.8579295748756046, 1.8238963717506045, 1.7707349686395557, 1.7531495412190754, 1.732209723336356, 1.756704875401088, 1.7328337896437869, 1.7022089095342725, 1.7084920610700336, 1.7656536283947173, 1.685180337088449, 1.6896506899879093, 1.7650305611746648, 1.6861749194917226, 1.6621651967366535, 1.6651476723807197, 1.6631648109072732, 1.7000026157924109, 1.6475573403494699, 1.65070918855213, 1.6462415967668804, 1.6361671447753907, 1.6513914562406995, 1.6219952174595424, 1.6309329986572265, 1.6256863548642115, 1.6085331144787016, 1.6224049522763206, 1.5979241870698475, 1.6144228254045756, 1.5947432745070684, 1.6149887084960937, 1.8183687482561386, 1.5838408333914622, 1.59679563613165, 1.5853799729120164, 1.579595874604725, 1.5948435647147043, 1.5821101779029485, 1.5857305617559523, 1.5803872063046411, 1.6262062436058407, 1.5741027105422247, 1.5680309840611046, 1.5830355326334637, 1.587070047287714, 1.5703111557733447], "iden": [0.0, 0.0, 0.0, 0.0, 0.0, 0.0, 0.0, 0.0, 0.0, 0.0, 0.0, 0.0, 0.0, 0.0, 0.0, 0.0, 0.0, 0.0, 0.0, 0.0, 0.0, 0.0, 0.0, 0.0, 0.0, 0.0, 0.0, 0.0, 0.0, 0.0, 0.0, 0.0, 0.0, 0.0, 0.0, 0.0, 0.0, 0.0, 0.0, 0.0, 0.0, 0.0, 0.0, 0.0, 0.0, 0.0, 0.0, 0.0, 0.0, 0.0],