{"none": {"gaussianElement": {"1e0": {"loss": [1.8123851231166295, 1.7759120759509854, 1.781984638032459, 1.7573759169805618, 1.7290178208124067, 1.7197367350260417, 1.7114601135253906, 1.7035323370070685, 1.6939737592424664, 1.683620852515811, 1.6741510663713726, 1.664281499953497, 1.6538387116931734, 1.644469706217448, 1.6346344357445126, 1.6245892842610676, 1.612572479248047, 1.6017381940569195, 1.5907083057221911, 1.5795243036179316, 1.5700375511532738, 1.5684242611839658, 1.5450940268380302, 1.5333510262625558, 1.5208673386346727, 1.5077974228631883, 1.4943744659423828, 1.4787681579589844, 1.467595727103097, 1.460964566185361, 1.4422844659714473, 1.4433119819277809, 1.4204553694952102, 1.4185550144740513, 1.3993597121465773, 1.413917977469308, 1.3793802170526415, 1.3807650611514137, 1.3766501290457587, 1.3587877364385696, 1.3664853050595238, 1.3559562319800968, 1.3558535802932012, 1.4010174705868677, 1.3797450292678106, 1.388001233055478, 1.360656720116025, 1.3597492036365328, 1.3625554402669269, 1.352615283784412], "iden": [0.0, 0.0, 0.0, 0.0, 0.0, 0.0, 0.0, 0.0, 0.0, 0.0, 0.0, 0.0, 0.0, 0.0, 0.0, 0.0, 0.0, 0.0, 0.0, 0.0, 0.0, 0.0, 0.0, 0.0, 0.0, 0.0, 0.0, 0.0, 0.0, 0.0, 0.0, 0.0, 0.0, 0.0, 0.0, 0.0, 0.0, 0.0, 0.0, 0.0, 0.0, 0.0, 0.0, 0.0, 0.0, 0.0, 0.0, 0.0, 0.0, 0.0], "fwd": [0.8600041525704519, 0.8235311599004836, 0.8296037038167317, 0.8049949464343843, 0.7766369047619047, 0.7673557735624768, 0.7590791611444383, 0.751151348295666, 0.7415928068615141, 0.7312398819696335, 0.7217700958251952, 0.7119005839029947, 0.7014577865600586, 0.692088781084333, 0.6822535196940105, 0.6722083137148902, 0.6601914996192569, 0.6493572689238049, 0.6383273624238512, 0.6271433512369791, 0.6176565987723214, 0.616043336050851, 0.5927131380353654, 0.5809700738816034, 0.5684864044189453, 0.5554164795648485, 0.5419934863135929, 0.5263872146606444, 0.5152147838047572, 0.5085836138044085, 0.4899034954252697, 0.4909309841337658, 0.4680744352794829, 0.46617411658877417, 0.44697874160039996, 0.4615370250883556, 0.42699924650646387, 0.4283841269356864, 0.4242691721235003, 0.40640678859892343, 0.41410433905465266, 0.40357529322306307, 0.40347265516008646, 0.4486364909580775, 0.42736406780424574, 0.4356202806745257, 0.40827573594592864, 0.4073682376316615, 0.41017449242728105, 0.4002343404860723], "bwd": [0.0, 0.0, 0.0, 0.0, 0.0, 0.0, 0.0, 0.0, 0.0, 0.0, 0.0, 0.0, 0.0, 0.0, 0.0, 0.0, 0.0, 0.0, 0.0, 0.0, 0.0, 0.0, 0.0, 0.0, 0.0, 0.0, 0.0, 0.0, 0.0, 0.0, 0.0, 0.0, 0.0, 0.0, 0.0, 0.0, 0.0, 0.0, 0.0, 0.0, 0.0, 0.0, 0.0, 0.0, 0.0, 0.0, 0.0, 0.0, 0.0, 0.0], "cons": [0.0, 0.0, 0.0, 0.0, 0.0, 0.0, 0.0, 0.0, 0.0, 0.0, 0.0, 0.0, 0.0, 0.0, 0.0, 0.0, 0.0, 0.0, 0.0, 0.0, 0.0, 0.0, 0.0, 0.0, 0.0, 0.0, 0.0, 0.0, 0.0, 0.0, 0.0, 0.0, 0.0, 0.0, 0.0, 0.0, 0.0, 0.0, 0.0, 0.0, 0.0, 0.0, 0.0, 0.0, 0.0, 0.0, 0.0, 0.0, 0.0, 0.0], "eigen": [0.9523809523809523, 0.9523809523809523, 0.9523809523809523, 0.9523809523809523, 0.9523809523809523, 0.9523809523809523, 0.9523809523809523, 0.9523809523809523, 0.9523809523809523, 0.9523809523809523, 0.9523809523809523, 0.9523809523809523, 0.9523809523809523, 0.9523809523809523, 0.9523809523809523, 0.9523809523809523, 0.9523809523809523, 0.9523809523809523, 0.9523809523809523, 0.9523809523809523, 0.9523809523809523, 0.9523809523809523, 0.9523809523809523, 0.9523809523809523, 0.9523809523809523, 0.9523809523809523, 0.9523809523809523, 0.9523809523809523, 0.9523809523809523, 0.9523809523809523, 0.9523809523809523, 0.9523809523809523, 0.9523809523809523, 0.9523809523809523, 0.9523809523809523, 0.9523809523809523, 0.9523809523809523, 0.9523809523809523, 0.9523809523809523, 0.9523809523809523, 0.9523809523809523, 0.9523809523809523, 0.9523809523809523, 0.9523809523809523, 0.9523809523809523, 0.9523809523809523, 0.9523809523809523, 0.9523809523809523, 0.9523809523809523, 0.9523809523809523], "time": [1.865812635421753, 4.24097785949707, 6.610366439819336, 9.00249195098877, 11.4009765625, 13.786153221130371, 16.14386029243469, 18.534564828872682, 20.90904598236084, 23.295749378204345, 25.68088240623474, 28.065650749206544, 30.464589071273803, 32.866500282287596, 35.260641145706174, 37.62237739562988, 40.005984258651736, 42.37969346046448, 44.76643552780151, 47.162717533111575, 49.53586320877075, 51.92823390960693, 54.301469802856445, 56.66266055107117, 59.0211012840271, 61.41443061828613, 63.82840766906738, 66.20701231956483, 68.56371521949768, 70.94602589607238, 73.32246775627137, 75.70758819580078, 78.06747994422912, 80.45759205818176, 82.83448286056519, 85.21599259376526, 87.59936585426331, 89.9610342502594, 92.33565192222595, 94.69657545089721, 97.0845263004303, 99.46726808547973, 101.8384226322174, 104.17982349395751, 106.58192000389099, 108.95232787132264, 111.31700329780578, 113.69298334121704, 116.06488175392151, 118.46492838859558], "fwd_val": [2.513591978285048, 2.5240876091851128, 2.455550765991211, 2.3079385969373916, 2.2456432342529298, 2.205131615532769, 2.1696203867594397, 2.125750266181098, 2.0777635786268447, 2.0320399814181855, 1.9870097690158417, 1.9394602881537544, 1.894601058959961, 1.8420543246799046, 1.7950953589545358, 1.7391714519924588, 1.6849857118394638, 1.640350341796875, 1.595798216925727, 1.5304102579752605, 1.4762235429551867, 1.4199611028035481, 1.3605526182386611, 1.2995318518744576, 1.2479006873236762, 1.1657169977823894, 1.103534804450141, 1.0417514165242512, 1.0181250042385526, 0.9107740190294054, 0.9039332283867731, 0.8153678470187715, 0.7522844314575196, 0.6664392524295384, 0.7973375373416476, 0.5770350721147326, 0.5240014235178629, 0.5457399315304226, 0.4573011610243055, 0.5041027810838487, 0.40657746526930066, 0.41569081677330855, 0.5025608380635579, 0.4693177647060818, 0.5654838826921252, 0.515559901131524, 0.3507102913326688, 0.46499047544267436, 0.3610001484553019, 0.4058598412407769], "testAccuracy": [0.15182870626449585, 0.09947805106639862, 0.08738455176353455, 0.0838903859257698, 0.07196693122386932, 0.06243860721588135, 0.05765972286462784, 0.05721070617437363, 0.050806038081645966, 0.05130847543478012, 0.05023926496505737, 0.05239328369498253, 0.051768768578767776, 0.05420627072453499, 0.0523209273815155], "testStd": [0.0, 0.0, 0.0, 0.0, 0.0, 0.0, 0.0, 0.0, 0.0, 0.0, 0.0, 0.0, 0.0, 0.0, 0.0]}}}, "unit_circle_mse-none": {"gaussianElement": {"1e0": {"loss": [1.8138711111886159, 1.77732903616769, 1.7730885096958704, 1.760196794782366, 1.7375464303152903, 1.7200460161481583, 1.7086700439453124, 1.6989890325637091, 1.6906383696056544, 1.6800833929152716, 1.671371278308687, 1.6654537382579986, 1.6562438238234747, 1.6451188587007066, 1.6353821890694753, 1.6253214881533666, 1.6115476699102493, 1.5996079581124443, 1.5864051455543156, 1.571974073137556, 1.5606265113467261, 1.5465403420584543, 1.5328027089436849, 1.5158559890020462, 1.5068218594505673, 1.4948255629766556, 1.4775837307884578, 1.459933580671038, 1.4392635163806733, 1.4298842657180058, 1.4132472810291108, 1.403134246099563, 1.3917922973632812, 1.385154560634068, 1.371504356747582, 1.3709848676409042, 1.35986210051037, 1.3609523046584358, 1.3508209410167875, 1.346047083536784, 1.3596523466564359, 1.3381817590622673, 1.3562295641217912, 1.3869928814115977, 1.3732380276634581, 1.3378579457600914, 1.3459971110026043, 1.3652886345272974, 1.3286861782982236, 1.33495850335984], "iden": [0.0, 0.0, 0.0, 0.0, 0.0, 0.0, 0.0, 0.0, 0.0, 0.0, 0.0, 0.0, 0.0, 0.0, 0.0, 0.0, 0.0, 0.0, 0.0, 0.0, 0.0, 0.0, 0.0, 0.0, 0.0, 0.0, 0.0, 0.0, 0.0, 0.0, 0.0, 0.0, 0.0, 0.0, 0.0, 0.0, 0.0, 0.0, 0.0, 0.0, 0.0, 0.0, 0.0, 0.0, 0.0, 0.0, 0.0, 0.0, 0.0, 0.0],