{"unit_circle_mse-none": {"gaussianElement": {"1e0": {"loss": [3.231223696754092, 3.3576017107282365, 3.210581824893043, 3.1862298874627974, 3.16568356468564, 3.1512829008556547, 3.140103294735863, 3.1226646786644343, 3.1042237054734003, 3.0878953479585194, 3.0743575323195684, 3.0625508626302085, 3.041978745233445, 3.028953188941592, 3.0151688711983815, 2.999938238234747, 2.9857054210844494, 2.9742740449451266, 2.946568625313895, 2.9279107593354725, 2.904569353376116, 2.880011422293527, 2.8587849934895835, 2.8301685878208707, 2.8118140811011907, 2.798041207449777, 2.80056399390811, 2.772579374767485, 2.758118402390253, 2.75149899437314, 2.759370894659133, 2.747772943405878, 2.7438883100237166, 2.745435805547805, 2.7413864135742188, 2.740377880278088, 2.7394351050967263, 2.7381580897739957, 2.748963128952753, 2.748905000232515, 2.747447059268043, 2.746705554780506, 2.739860353015718, 2.743762969970703, 2.744317190987723, 2.7411905924479165, 2.739475795200893, 2.745869591122582, 2.7384581792922247, 2.7455331711542037], "iden": [0.0, 0.0, 0.0, 0.0, 0.0, 0.0, 0.0, 0.0, 0.0, 0.0, 0.0, 0.0, 0.0, 0.0, 0.0, 0.0, 0.0, 0.0, 0.0, 0.0, 0.0, 0.0, 0.0, 0.0, 0.0, 0.0, 0.0, 0.0, 0.0, 0.0, 0.0, 0.0, 0.0, 0.0, 0.0, 0.0, 0.0, 0.0, 0.0, 0.0, 0.0, 0.0, 0.0, 0.0, 0.0, 0.0, 0.0, 0.0, 0.0, 0.0], "fwd": [0.8502714066278367, 0.9766495114281064, 0.8296294439406622, 0.8052775065104166, 0.7847310020810082, 0.770330338251023, 0.7591507321312314, 0.7417122977120536, 0.7232713245210194, 0.7069431486583891, 0.6934049243018741, 0.681598390851702, 0.661026364281064, 0.6480008079892113, 0.634216444832938, 0.6189859935215541, 0.604752949305943, 0.5933216639927456, 0.5656162443615141, 0.5469583783830915, 0.5236170632498605, 0.4990590413411458, 0.477832521711077, 0.44921625228155226, 0.4308615639096215, 0.4170889173235212, 0.4196115221296038, 0.3916269938151042, 0.37716593061174664, 0.3705465453011649, 0.3784184682936895, 0.3668204035077776, 0.3629358836582729, 0.3644835154215495, 0.3604338963826497, 0.35942559015183223, 0.35848272414434523, 0.35720584506080266, 0.36801081611996606, 0.3679526646931966, 0.3664947691417876, 0.3657530602954683, 0.3589079720633371, 0.3628105890183222, 0.36336476462227957, 0.3602383023216611, 0.3585234596615746, 0.3649170512244815, 0.35750575292678105, 0.36458074478876024], "bwd": [0.0, 0.0, 0.0, 0.0, 0.0, 0.0, 0.0, 0.0, 0.0, 0.0, 0.0, 0.0, 0.0, 0.0, 0.0, 0.0, 0.0, 0.0, 0.0, 0.0, 0.0, 0.0, 0.0, 0.0, 0.0, 0.0, 0.0, 0.0, 0.0, 0.0, 0.0, 0.0, 0.0, 0.0, 0.0, 0.0, 0.0, 0.0, 0.0, 0.0, 0.0, 0.0, 0.0, 0.0, 0.0, 0.0, 0.0, 0.0, 0.0, 0.0], "cons": [0.0, 0.0, 0.0, 0.0, 0.0, 0.0, 0.0, 0.0, 0.0, 0.0, 0.0, 0.0, 0.0, 0.0, 0.0, 0.0, 0.0, 0.0, 0.0, 0.0, 0.0, 0.0, 0.0, 0.0, 0.0, 0.0, 0.0, 0.0, 0.0, 0.0, 0.0, 0.0, 0.0, 0.0, 0.0, 0.0, 0.0, 0.0, 0.0, 0.0, 0.0, 0.0, 0.0, 0.0, 0.0, 0.0, 0.0, 0.0, 0.0, 0.0], "eigen": [2.380952380952381, 2.380952380952381, 2.380952380952381, 2.380952380952381, 2.380952380952381, 2.380952380952381, 2.380952380952381, 2.380952380952381, 2.380952380952381, 2.380952380952381, 2.380952380952381, 2.380952380952381, 2.380952380952381, 2.380952380952381, 2.380952380952381, 2.380952380952381, 2.380952380952381, 2.380952380952381, 2.380952380952381, 2.380952380952381, 2.380952380952381, 2.380952380952381, 2.380952380952381, 2.380952380952381, 2.380952380952381, 2.380952380952381, 2.380952380952381, 2.380952380952381, 2.380952380952381, 2.380952380952381, 2.380952380952381, 2.380952380952381, 2.380952380952381, 2.380952380952381, 2.380952380952381, 2.380952380952381, 2.380952380952381, 2.380952380952381, 2.380952380952381, 2.380952380952381, 2.380952380952381, 2.380952380952381, 2.380952380952381, 2.380952380952381, 2.380952380952381, 2.380952380952381, 2.380952380952381, 2.380952380952381, 2.380952380952381, 2.380952380952381], "time": [3.6581478118896484, 6.637452602386475, 9.085853576660156, 11.538311958312988, 14.011922836303711, 16.44552493095398, 18.886643171310425, 21.348851919174194, 23.823949813842773, 26.286766290664673, 28.740468740463257, 31.205869913101196, 33.67433428764343, 36.1480131149292, 38.59443759918213, 41.076573848724365, 43.55802869796753, 46.01398777961731, 48.46990704536438, 50.93618154525757, 53.40898585319519, 55.850502490997314, 58.35235619544983, 60.804394006729126, 63.32919955253601, 65.79529976844788, 68.26998782157898, 70.78689622879028, 73.282142162323, 75.78964757919312, 78.2647819519043, 80.72476291656494, 83.21471405029297, 85.67397665977478, 88.19079208374023, 90.68081021308899, 93.15648913383484, 95.68011498451233, 98.19859504699707, 100.72656917572021, 103.2618453502655, 105.77357888221741, 108.31909394264221, 110.82828211784363, 113.3402693271637, 115.90339040756226, 118.42612290382385, 120.96357011795044, 123.41703867912292, 125.93307876586914], "fwd_val": [3.1408178541395397, 2.7011286417643228, 2.3042818705240884, 2.35009765625, 2.253140343560113, 2.214134852091471, 2.131140391031901, 2.047054714626736, 1.9577573140462239, 1.895363277859158, 1.8304549323187933, 1.7340667512681749, 1.6560122172037761, 1.6074038611518011, 1.5451255374484592, 1.4520899454752605, 1.396359337700738, 1.2862169477674696, 1.1605288187662761, 1.060110092163086, 0.9198265075683594, 0.786391470167372, 0.6585028966267904, 0.5891523361206055, 0.5233664512634277, 0.49000072479248047, 0.35519949595133465, 0.2810750537448459, 0.23697392145792642, 0.21477173434363472, 0.1961193084716797, 0.20428146256340873, 0.19890977276696098, 0.19197450743781197, 0.19152953889634874, 0.1838076114654541, 0.17808286348978677, 0.21401161617702907, 0.19345439804924858, 0.26574235492282444, 0.19559186034732395, 0.1992125776078966, 0.1883993148803711, 0.1926901870303684, 0.1857293446858724, 0.18094399240281847, 0.19948466618855795, 0.1872961786058214, 0.1941143274307251, 0.1879246367348565], "testAccuracy": [0.07301700115203857, 0.05770081654191017, 0.054443590342998505, 0.05556128919124603, 0.056355591863393784, 0.054759152233600616, 0.056217409670352936, 0.05536264553666115, 0.05304673686623573, 0.05284358188509941, 0.0537978857755661, 0.05356794595718384, 0.05492287501692772, 0.052858028560876846, 0.054411351680755615], "testStd": [0.0, 0.0, 0.0, 0.0, 0.0, 0.0, 0.0, 0.0, 0.0, 0.0, 0.0, 0.0, 0.0, 0.0, 0.0]}}, "uniformEigen": {"1e0": {"loss": [3.8162958054315474, 5.720315842401414, 5.065819876534598, 3.2174544561476934, 2.8454811459495906, 2.8111603146507624, 2.791780744280134, 2.873020353771391, 2.855935596284412, 2.874340602329799, 2.9189996265229725, 2.7755359468005953, 2.754817417689732, 2.7809651692708335, 2.769800458635603, 2.7801602681477866, 2.773320879255022, 2.777778988792783, 2.9306557064964656, 2.8348612104143416, 2.816169012160528, 2.7880975632440474, 2.8086159115745906, 2.765899113246373, 2.7823460896809897, 2.747963133312407, 2.7603381928943453, 2.7773023332868303, 2.7983521961030506, 2.820202418736049, 2.816620418003627, 2.792621067592076, 2.781487601143973, 2.7540991646902904, 2.751507350376674, 2.7603262038457963, 2.7549514770507812, 2.761231195359003, 2.7552737281436013, 2.7763148716517856, 2.7553492954799106, 2.750969478062221, 2.751114981515067, 2.7530997140066966, 2.761466616675967, 2.76800537109375, 2.7514165242513022, 2.790471758161272, 2.7555899847121466, 2.7696475074404763], "iden": [0.0, 0.0, 0.0, 0.0, 0.0, 0.0, 0.0, 0.0, 0.0, 0.0, 0.0, 0.0, 0.0, 0.0, 0.0, 0.0, 0.0, 0.0, 0.0, 0.0, 0.0, 0.0, 0.0, 0.0, 0.0, 0.0, 0.0, 0.0, 0.0, 0.0, 0.0, 0.0, 0.0, 0.0, 0.0, 0.0, 0.0, 0.0, 0.0, 0.0, 0.0, 0.0, 0.0, 0.0, 0.0, 0.0, 0.0, 0.0, 0.0, 0.0],