{"none": {"gaussianElement": {"1e0": {"loss": [2.0471954164050876, 2.0852154686337423, 1.9986835479736331, 1.979557291666667, 1.9729542505173456, 1.9579783485049294, 1.9432117825462705, 1.9241651807512554, 1.9085709889729816, 1.8944974263509113, 1.8762307484944665, 1.8495188576834543, 1.8252103169759117, 1.7982900165376208, 1.7690766470772878, 1.7430013202485584, 1.7213112059093656, 1.6871486845470614, 1.6644316355387367, 1.6562702360607333, 1.6423416682652063, 1.6160597664969305, 1.6050733112153552, 1.599708230154855, 1.6283568972632998, 1.5957200731549943, 1.5834893544514976, 1.5832997639973958, 1.5835734231131418, 1.581000518798828, 1.5881154014950707, 1.5919655027843658, 1.5827276139032271, 1.5674254099527996, 1.5746930621919177, 1.5712505340576173, 1.5696173531668527, 1.571126956031436, 1.5768707457042874, 1.5691383180164156, 1.5834501720610121, 1.5898943401518324, 1.5757244836716426, 1.5803507305326916, 1.5820945739746095, 1.5888292585100445, 1.6184370858328685, 1.574821599324544, 1.574803216116769, 1.5809928349086217], "iden": [0.0, 0.0, 0.0, 0.0, 0.0, 0.0, 0.0, 0.0, 0.0, 0.0, 0.0, 0.0, 0.0, 0.0, 0.0, 0.0, 0.0, 0.0, 0.0, 0.0, 0.0, 0.0, 0.0, 0.0, 0.0, 0.0, 0.0, 0.0, 0.0, 0.0, 0.0, 0.0, 0.0, 0.0, 0.0, 0.0, 0.0, 0.0, 0.0, 0.0, 0.0, 0.0, 0.0, 0.0, 0.0, 0.0, 0.0, 0.0, 0.0, 0.0], "fwd": [0.8567192350115096, 0.8947392872401645, 0.8082073756626673, 0.7890810739426386, 0.7824780691237676, 0.7675021580287388, 0.7527355784461611, 0.7336889403206962, 0.7180948121207099, 0.7040212585812523, 0.6857545353117442, 0.6590426490420388, 0.6347341264997209, 0.6078138260614304, 0.5786004656837099, 0.5525251252310616, 0.5308350063505627, 0.49667248498825795, 0.4739554813929967, 0.4657940501258486, 0.4518654914129348, 0.4255835692087809, 0.4145971389043899, 0.40923202378409246, 0.4378806954338438, 0.4052438372657412, 0.39301316624596006, 0.3928236075810024, 0.3930972530728295, 0.39052432378133134, 0.3976392677852086, 0.40148935090927845, 0.39225142569769, 0.3769492421831403, 0.3842168807983398, 0.3807743254162016, 0.37914114679609023, 0.38065074966067364, 0.38639457566397534, 0.3786621343521845, 0.3929739725022089, 0.3994181860060919, 0.3852483136313302, 0.38987456049237934, 0.39161838803972515, 0.39835309982299805, 0.42796090216863725, 0.3843454043070475, 0.3843270369938442, 0.39051664216177806], "bwd": [0.0, 0.0, 0.0, 0.0, 0.0, 0.0, 0.0, 0.0, 0.0, 0.0, 0.0, 0.0, 0.0, 0.0, 0.0, 0.0, 0.0, 0.0, 0.0, 0.0, 0.0, 0.0, 0.0, 0.0, 0.0, 0.0, 0.0, 0.0, 0.0, 0.0, 0.0, 0.0, 0.0, 0.0, 0.0, 0.0, 0.0, 0.0, 0.0, 0.0, 0.0, 0.0, 0.0, 0.0, 0.0, 0.0, 0.0, 0.0, 0.0, 0.0], "cons": [0.0, 0.0, 0.0, 0.0, 0.0, 0.0, 0.0, 0.0, 0.0, 0.0, 0.0, 0.0, 0.0, 0.0, 0.0, 0.0, 0.0, 0.0, 0.0, 0.0, 0.0, 0.0, 0.0, 0.0, 0.0, 0.0, 0.0, 0.0, 0.0, 0.0, 0.0, 0.0, 0.0, 0.0, 0.0, 0.0, 0.0, 0.0, 0.0, 0.0, 0.0, 0.0, 0.0, 0.0, 0.0, 0.0, 0.0, 0.0, 0.0, 0.0], "eigen": [1.1904761904761902, 1.1904761904761902, 1.1904761904761902, 1.1904761904761902, 1.1904761904761902, 1.1904761904761902, 1.1904761904761902, 1.1904761904761902, 1.1904761904761902, 1.1904761904761902, 1.1904761904761902, 1.1904761904761902, 1.1904761904761902, 1.1904761904761902, 1.1904761904761902, 1.1904761904761902, 1.1904761904761902, 1.1904761904761902, 1.1904761904761902, 1.1904761904761902, 1.1904761904761902, 1.1904761904761902, 1.1904761904761902, 1.1904761904761902, 1.1904761904761902, 1.1904761904761902, 1.1904761904761902, 1.1904761904761902, 1.1904761904761902, 1.1904761904761902, 1.1904761904761902, 1.1904761904761902, 1.1904761904761902, 1.1904761904761902, 1.1904761904761902, 1.1904761904761902, 1.1904761904761902, 1.1904761904761902, 1.1904761904761902, 1.1904761904761902, 1.1904761904761902, 1.1904761904761902, 1.1904761904761902, 1.1904761904761902, 1.1904761904761902, 1.1904761904761902, 1.1904761904761902, 1.1904761904761902, 1.1904761904761902, 1.1904761904761902], "time": [1.8417865991592408, 4.209600520133972, 6.589060831069946, 8.961117696762084, 11.335448622703552, 13.71137044429779, 16.091733026504517, 18.46886763572693, 20.84880859851837, 23.223598265647887, 25.59725651741028, 27.979442954063416, 30.35501437187195, 32.730367588996884, 35.09820182323456, 37.46956496238708, 39.849572157859804, 42.225291562080386, 44.59889898300171, 46.966221237182616, 49.349952411651614, 51.72742929458618, 54.107141852378845, 56.479651951789855, 58.856914496421815, 61.23080580234527, 63.609208655357364, 65.98277046680451, 68.3543621301651, 70.72765519618989, 73.1014208316803, 75.48202571868896, 77.85809125900269, 80.22980020046234, 82.59207606315613, 84.96329939365387, 87.33833663463592, 89.71564464569092, 92.09270823001862, 94.46967632770539, 96.8439781665802, 99.21255149841309, 101.58399593830109, 103.94938781261445, 106.32682814598084, 108.68787117004395, 111.05636217594147, 113.42055282592773, 115.78906531333924, 118.1631071805954], "fwd_val": [2.831814808315701, 2.469818517896864, 2.3345353868272567, 2.3202527787950307, 2.252559471130371, 2.1852337943183047, 2.0901249567667644, 2.014490063985189, 1.94224427541097, 1.8708987765842011, 1.7416961669921875, 1.6193661583794488, 1.5032227410210504, 1.3535131560431588, 1.2201849089728463, 1.113559971915351, 0.9450556966993544, 0.8214398119184707, 0.7412610517607795, 0.6793907324473063, 0.5291918728086682, 0.4986687819163005, 0.4492765744527182, 0.5319514446788365, 0.4683916330337524, 0.34749350017971464, 0.367800161573622, 0.329903597301907, 0.35008140934838194, 0.29223781426747636, 0.43074563344319666, 0.3335845033327739, 0.2556764205296834, 0.33086625734965003, 0.25323797994189795, 0.2830295589235094, 0.26738032235039605, 0.3174128254254659, 0.3194687538676792, 0.3113562332259284, 0.39570688141716853, 0.30158207416534427, 0.2979987064997355, 0.3578671905729506, 0.3010800494088067, 0.4152559068467882, 0.32266380124621924, 0.3002683321634928, 0.3350460211435954, 0.2940327511893378], "testAccuracy": [0.08125083893537521, 0.061748702079057693, 0.05306914448738098, 0.05250316113233566, 0.053864527493715286, 0.0556776225566864, 0.05640523508191109, 0.05357925593852997, 0.04993928223848343, 0.04963962733745575, 0.050609227269887924, 0.05033402517437935, 0.05235174298286438, 0.04964116960763931, 0.05152004957199097], "testStd": [0.0, 0.0, 0.0, 0.0, 0.0, 0.0, 0.0, 0.0, 0.0, 0.0, 0.0, 0.0, 0.0, 0.0, 0.0]}}, "uniformEigen": {"1e0": {"loss": [46.56818466186524, 14.426911562965028, 19.308811678205213, 4.88794317699614, 2.325276674543108, 1.962536421276274, 1.832555116925921, 1.7032557714553107, 1.748950395129976, 1.6950726100376674, 1.717853237333752, 1.6955285935174853, 1.6521314893450056, 1.6486955915178574, 1.6503829229445686, 1.631410853068034, 1.6323500497000556, 1.6689820607503254, 1.6408432370140438, 1.6313199542817618, 1.6184397924514045, 1.6208763485863096, 1.6098728361583892, 1.615666271391369, 1.600652858189174, 1.6263711475190665, 1.6395439692905973, 1.6772010984874903, 1.6300596691313245, 1.6328869047619048, 1.630605915614537, 1.6143569401332307, 1.6032460893903462, 1.6331519898914155, 1.5940535045805433, 1.624718983968099, 1.6256415049235025, 1.6068296341668993, 1.603713807605562, 1.6335144406273252, 1.608587010701497, 1.6066875639415923, 1.6135731288364958, 1.6077652522495813, 1.6036380222865514, 1.640212376912435, 1.5872273218064081, 1.5875861758277532, 1.5935789744059243, 1.6005438850039528], "iden": [0.0, 0.0, 0.0, 0.0, 0.0, 0.0, 0.0, 0.0, 0.0, 0.0, 0.0, 0.0, 0.0, 0.0, 0.0, 0.0, 0.0, 0.0, 0.0, 0.0, 0.0, 0.0, 0.0, 0.0, 0.0, 0.0, 0.0, 0.0, 0.0, 0.0, 0.0, 0.0, 0.0, 0.0, 0.0, 0.0, 0.0, 0.0, 0.0, 0.0, 0.0, 0.0, 0.0, 0.0, 0.0, 0.0, 0.0, 0.0, 0.0, 0.0],