{"none": {"gaussianElement": {"1e0": {"loss": [1.811403111049107, 1.7752256484258744, 1.7966547648111981, 1.7456146240234376, 1.7155877249581475, 1.7027504330589658, 1.6912883940197172, 1.6803805759974886, 1.671070825485956, 1.6607343037923177, 1.6497178940545942, 1.6390687488374254, 1.6318558829171317, 1.6183932349795385, 1.6065577189127604, 1.594659932454427, 1.5832713899158297, 1.5767724173409599, 1.5587237040201825, 1.5474584670293898, 1.531095486595517, 1.5221690041678293, 1.5028428577241442, 1.4861058008103143, 1.4712556748163133, 1.4579697745186944, 1.4420585269019717, 1.4378135862804595, 1.4193826221284414, 1.40755132039388, 1.3994739714122955, 1.3887670426141647, 1.3818776448567707, 1.3699963342575798, 1.3668502081008185, 1.3567959740048363, 1.3543619610014415, 1.347842025756836, 1.353665288289388, 1.3413271404448008, 1.361727251325335, 1.3958723159063429, 1.3423584347679502, 1.341422126406715, 1.3427199045817058, 1.3317306336902437, 1.3349724542526973, 1.3260776883079892, 1.3314629872639974, 1.3215863182431176], "iden": [0.0, 0.0, 0.0, 0.0, 0.0, 0.0, 0.0, 0.0, 0.0, 0.0, 0.0, 0.0, 0.0, 0.0, 0.0, 0.0, 0.0, 0.0, 0.0, 0.0, 0.0, 0.0, 0.0, 0.0, 0.0, 0.0, 0.0, 0.0, 0.0, 0.0, 0.0, 0.0, 0.0, 0.0, 0.0, 0.0, 0.0, 0.0, 0.0, 0.0, 0.0, 0.0, 0.0, 0.0, 0.0, 0.0, 0.0, 0.0, 0.0, 0.0], "fwd": [0.8590222131638299, 0.8228446778796968, 0.8442738487606958, 0.7932336171468098, 0.7632067362467448, 0.7503694625127884, 0.7389074053083148, 0.7279996236165365, 0.7186898640223913, 0.7083533332461402, 0.6973369416736421, 0.6866877873738607, 0.6794749123709541, 0.666012228102911, 0.6541767302013579, 0.642278934660412, 0.6308904375348772, 0.6243914558773949, 0.6063427607218423, 0.5950775782267252, 0.5787144797188895, 0.5697880336216518, 0.5504619144258045, 0.5337248302641371, 0.5188747315179734, 0.5055888130551291, 0.48967758360363184, 0.4854326066516695, 0.4670016788301014, 0.4551703680129278, 0.447093019031343, 0.4363861083984375, 0.4294966561453683, 0.417615372794015, 0.41446927842639736, 0.40441501254127143, 0.40198099953787664, 0.39546107337588354, 0.4012843313671294, 0.38894618806384856, 0.40934631256830123, 0.4434913816906157, 0.3899774642217727, 0.38904116948445633, 0.3903389431181408, 0.37934964952014744, 0.3825914973304385, 0.37369673138573056, 0.37908203488304504, 0.3692053567795527], "bwd": [0.0, 0.0, 0.0, 0.0, 0.0, 0.0, 0.0, 0.0, 0.0, 0.0, 0.0, 0.0, 0.0, 0.0, 0.0, 0.0, 0.0, 0.0, 0.0, 0.0, 0.0, 0.0, 0.0, 0.0, 0.0, 0.0, 0.0, 0.0, 0.0, 0.0, 0.0, 0.0, 0.0, 0.0, 0.0, 0.0, 0.0, 0.0, 0.0, 0.0, 0.0, 0.0, 0.0, 0.0, 0.0, 0.0, 0.0, 0.0, 0.0, 0.0], "cons": [0.0, 0.0, 0.0, 0.0, 0.0, 0.0, 0.0, 0.0, 0.0, 0.0, 0.0, 0.0, 0.0, 0.0, 0.0, 0.0, 0.0, 0.0, 0.0, 0.0, 0.0, 0.0, 0.0, 0.0, 0.0, 0.0, 0.0, 0.0, 0.0, 0.0, 0.0, 0.0, 0.0, 0.0, 0.0, 0.0, 0.0, 0.0, 0.0, 0.0, 0.0, 0.0, 0.0, 0.0, 0.0, 0.0, 0.0, 0.0, 0.0, 0.0], "eigen": [0.9523809523809523, 0.9523809523809523, 0.9523809523809523, 0.9523809523809523, 0.9523809523809523, 0.9523809523809523, 0.9523809523809523, 0.9523809523809523, 0.9523809523809523, 0.9523809523809523, 0.9523809523809523, 0.9523809523809523, 0.9523809523809523, 0.9523809523809523, 0.9523809523809523, 0.9523809523809523, 0.9523809523809523, 0.9523809523809523, 0.9523809523809523, 0.9523809523809523, 0.9523809523809523, 0.9523809523809523, 0.9523809523809523, 0.9523809523809523, 0.9523809523809523, 0.9523809523809523, 0.9523809523809523, 0.9523809523809523, 0.9523809523809523, 0.9523809523809523, 0.9523809523809523, 0.9523809523809523, 0.9523809523809523, 0.9523809523809523, 0.9523809523809523, 0.9523809523809523, 0.9523809523809523, 0.9523809523809523, 0.9523809523809523, 0.9523809523809523, 0.9523809523809523, 0.9523809523809523, 0.9523809523809523, 0.9523809523809523, 0.9523809523809523, 0.9523809523809523, 0.9523809523809523, 0.9523809523809523, 0.9523809523809523, 0.9523809523809523], "time": [1.8569417953491212, 4.249752140045166, 6.612065362930298, 8.971476173400879, 11.343136167526245, 13.717798280715943, 16.08005018234253, 18.442936849594116, 20.80807943344116, 23.16309323310852, 25.51305994987488, 27.848682117462157, 30.211088037490846, 32.56241059303284, 34.91144700050354, 37.28354048728943, 39.64044132232666, 41.98888454437256, 44.33931655883789, 46.68818001747131, 49.04261336326599, 51.40944576263428, 53.77317771911621, 56.116795778274536, 58.47095174789429, 60.82946586608887, 63.205208444595335, 65.54291095733643, 67.924808883667, 70.27042455673218, 72.6219135761261, 74.98268852233886, 77.37038083076477, 79.73878526687622, 82.1294903755188, 84.4760235786438, 86.8952115535736, 89.26329970359802, 91.61510562896729, 94.00369582176208, 96.38474798202515, 98.74866061210632, 101.10858469009399, 103.49026746749878, 105.84863095283508, 108.20377674102784, 110.56926336288453, 112.92245202064514, 115.30626549720765, 117.67274165153503], "fwd_val": [2.4696734958224824, 2.621269268459744, 2.4252419789632165, 2.2289574093288844, 2.177897940741645, 2.121387057834201, 2.0628279791937936, 2.0156490325927736, 1.9619637383355033, 1.9140965779622394, 1.8670355055067276, 1.8205642912122937, 1.7582214779324001, 1.7100334803263344, 1.6531549241807724, 1.5923953586154513, 1.5377029207017687, 1.4735569424099393, 1.4209412680731879, 1.3383127000596786, 1.2708286709255643, 1.2055583741929794, 1.1214332156711155, 1.0451009962293838, 0.9791586663987901, 0.898611937628852, 0.8331228362189398, 0.7860491964552138, 0.7357018470764161, 0.65650208791097, 0.6029540538787842, 0.5715047200520833, 0.5083383030361599, 0.46543570624457464, 0.4325860977172852, 0.39772189458211266, 0.3974234475029839, 0.3618473052978516, 0.35054383277893064, 0.3598687277899848, 0.4312659157647027, 0.34456710285610626, 0.34134318033854166, 0.34384451442294656, 0.2845837963951959, 0.29570591714647076, 0.261706829071045, 0.2609508752822876, 0.2325865454143948, 0.22092594835493298], "testAccuracy": [0.06136789917945862, 0.058124933391809464, 0.05315748229622841, 0.06904955208301544, 0.06617262959480286, 0.05126788094639778, 0.05679990351200104, 0.054212890565395355, 0.0538317933678627, 0.052912142127752304, 0.05223318934440613, 0.050450537353754044, 0.05066492408514023, 0.050472915172576904, 0.05046446621417999], "testStd": [0.0, 0.0, 0.0, 0.0, 0.0, 0.0, 0.0, 0.0, 0.0, 0.0, 0.0, 0.0, 0.0, 0.0, 0.0]}}}, "unit_circle_mse-none": {"gaussianElement": {"1e0": {"loss": [1.8095948718843005, 1.7703327360607328, 1.767135983421689, 1.7300700233096165, 1.7133462815057663, 1.7001432146344868, 1.6889666239420573, 1.6762468247186568, 1.6671436128162203, 1.6554694039481028, 1.647519829159691, 1.6353120349702384, 1.6246282668340775, 1.6125793820335752, 1.6098633902413504, 1.5934242611839657, 1.5832490466889884, 1.5698317936488562, 1.560567619687035, 1.5594613938104538, 1.535132126581101, 1.523522513253348, 1.5146088009788876, 1.4981664566766648, 1.4883152553013392, 1.4749598730178106, 1.4800918579101563, 1.4540628524053667, 1.458762159801665, 1.44474367414202, 1.4200677054268973, 1.4124581654866537, 1.4034268878755116, 1.3909659612746463, 1.393752143496559, 1.380153347197033, 1.370440928141276, 1.366839835757301, 1.3546668279738654, 1.3540237426757813, 1.3481450762067524, 1.3457256498790924, 1.3360565185546875, 1.3345525105794271, 1.3379684811546686, 1.3305731092180524, 1.326902098882766, 1.3212379273914157, 1.3183233533586773, 1.3182133992513019], "iden": [0.0, 0.0, 0.0, 0.0, 0.0, 0.0, 0.0, 0.0, 0.0, 0.0, 0.0, 0.0, 0.0, 0.0, 0.0, 0.0, 0.0, 0.0, 0.0, 0.0, 0.0, 0.0, 0.0, 0.0, 0.0, 0.0, 0.0, 0.0, 0.0, 0.0, 0.0, 0.0, 0.0, 0.0, 0.0, 0.0, 0.0, 0.0, 0.0, 0.0, 0.0, 0.0, 0.0, 0.0, 0.0, 0.0, 0.0, 0.0, 0.0, 0.0],