{"unit_circle_mse": {"gaussianElement": {"1e0": {"loss": [0.9174763361612955, 0.9146537689935593, 0.8439599264235724, 0.8322497867402576, 0.815493056887672, 0.800675292242141, 0.7874714987618583, 0.7779969260806129, 0.7647448131016323, 0.7511302266802107, 0.7385347320919946, 0.7290392648606074, 0.7196484974452428, 0.6965446108863468, 0.6909349169049943, 0.6736063230605353, 0.6468698955717541, 0.6372339793613978, 0.6166032337007068, 0.6056428954714821, 0.5759734153747559, 0.5937429473513649, 0.5593537012736002, 0.544798823765346, 0.505780755905878, 0.4968003409249442, 0.49523212796165816, 0.4611980574471609, 0.45745006742931543, 0.4546080634707496, 0.44288595290411087, 0.43375925790695924, 0.4328598249526251, 0.43506261734735396, 0.4283385231381371, 0.42526192892165404, 0.41900285993303577, 0.41796453566778274, 0.4175977933974493, 0.41833657310122535, 0.41430873416718983, 0.4174020676385789, 0.4194480123974028, 0.41754326593308216, 0.4189824830918084, 0.41921776816958467, 0.41725472495669413, 0.41456298828125, 0.41741299402146115, 0.4153869356427874], "iden": [0.0, 0.0, 0.0, 0.0, 0.0, 0.0, 0.0, 0.0, 0.0, 0.0, 0.0, 0.0, 0.0, 0.0, 0.0, 0.0, 0.0, 0.0, 0.0, 0.0, 0.0, 0.0, 0.0, 0.0, 0.0, 0.0, 0.0, 0.0, 0.0, 0.0, 0.0, 0.0, 0.0, 0.0, 0.0, 0.0, 0.0, 0.0, 0.0, 0.0, 0.0, 0.0, 0.0, 0.0, 0.0, 0.0, 0.0, 0.0, 0.0, 0.0], "fwd": [0.8521526790800549, 0.8507447651454381, 0.7808345249720982, 0.7697817030407135, 0.753594144185384, 0.7393083708626883, 0.726615655989874, 0.7176113446553548, 0.7047725223359607, 0.6915453138805572, 0.679313782283238, 0.6701560656229655, 0.6610684440249489, 0.6382412183852424, 0.6328967457725889, 0.6158223787943522, 0.5893155143374489, 0.5798930031912668, 0.5594547725859143, 0.5486779803321475, 0.5191850026448568, 0.5371081942603702, 0.5028504371643067, 0.48843026388259164, 0.4495399429684593, 0.44067951838175456, 0.43921630269005185, 0.40527929351443337, 0.40162554014296753, 0.39886927604675293, 0.38724090485345747, 0.37820828982761934, 0.3774005344935826, 0.379695717493693, 0.3730779239109584, 0.3701082343146915, 0.3639522234598796, 0.36303561755589075, 0.36280466488429475, 0.363682188306536, 0.3598174730936686, 0.3630966504414876, 0.36533479917617073, 0.3636217594146728, 0.3652604557219006, 0.36570690472920736, 0.3639553001948766, 0.3614797592163085, 0.36456910996210007, 0.36279166085379466], "bwd": [0.0, 0.0, 0.0, 0.0, 0.0, 0.0, 0.0, 0.0, 0.0, 0.0, 0.0, 0.0, 0.0, 0.0, 0.0, 0.0, 0.0, 0.0, 0.0, 0.0, 0.0, 0.0, 0.0, 0.0, 0.0, 0.0, 0.0, 0.0, 0.0, 0.0, 0.0, 0.0, 0.0, 0.0, 0.0, 0.0, 0.0, 0.0, 0.0, 0.0, 0.0, 0.0, 0.0, 0.0, 0.0, 0.0, 0.0, 0.0, 0.0, 0.0], "cons": [0.0, 0.0, 0.0, 0.0, 0.0, 0.0, 0.0, 0.0, 0.0, 0.0, 0.0, 0.0, 0.0, 0.0, 0.0, 0.0, 0.0, 0.0, 0.0, 0.0, 0.0, 0.0, 0.0, 0.0, 0.0, 0.0, 0.0, 0.0, 0.0, 0.0, 0.0, 0.0, 0.0, 0.0, 0.0, 0.0, 0.0, 0.0, 0.0, 0.0, 0.0, 0.0, 0.0, 0.0, 0.0, 0.0, 0.0, 0.0, 0.0, 0.0], "eigen": [0.06532365140460786, 0.06390900157746815, 0.06312541507539296, 0.06246809789112636, 0.06189892405555362, 0.061366942950657435, 0.06085584106899443, 0.06038558142525809, 0.0599722771417527, 0.05958490996133714, 0.05922093675250099, 0.05888320661726452, 0.05858005739393688, 0.05830338455381847, 0.058038178512028284, 0.05778394596917288, 0.057554376692998975, 0.05734097730545771, 0.0571484645207723, 0.056964923086620524, 0.05678842805680775, 0.05663475082034156, 0.05650328340984526, 0.05636856499172392, 0.05624080442246937, 0.05612081459590368, 0.05601581789198375, 0.055918776988983156, 0.05582451536541892, 0.05573877380007789, 0.055645058836255756, 0.055550976026625856, 0.055459283079419816, 0.05536689588001796, 0.055260591279892704, 0.05515369517462595, 0.05505063704081944, 0.054928921517871675, 0.05479313532511393, 0.05465438309169951, 0.05449126618249075, 0.0543054115204584, 0.05411320470628285, 0.0539215053830828, 0.05372201601664225, 0.05351087819962275, 0.05329943157377698, 0.053083225091298425, 0.05284388122104463, 0.052595273653666175], "time": [1.8624202728271484, 4.276001286506653, 6.695822095870971, 9.116979193687438, 11.529474687576293, 13.947146105766297, 16.368695616722107, 18.7812171459198, 21.195434784889223, 23.617826533317565, 26.03505675792694, 28.450684237480164, 30.864032459259032, 33.27736897468567, 35.689925622940066, 38.1086763381958, 40.52398796081543, 42.93735363483429, 45.36119382381439, 47.77437813282013, 50.19818656444549, 52.610066986083986, 55.0156343460083, 57.43230006694794, 59.85091099739075, 62.26718969345093, 64.67508804798126, 67.09365365505218, 69.50544805526734, 71.91515452861786, 74.33660106658935, 76.74651124477387, 79.16281349658966, 81.57646532058716, 84.00790030956269, 86.42736301422119, 88.83780996799469, 91.26000981330871, 93.67644186019898, 96.09298260211945, 98.51675601005554, 100.94257714748383, 103.36132562160492, 105.78326840400696, 108.2002239704132, 110.62707347869873, 113.05265986919403, 115.47027606964112, 117.88491823673249, 120.30687761306763], "fwd_val": [2.707612885369195, 2.311676661173503, 2.2656701193915474, 2.1908446629842118, 2.1141063266330296, 2.0504933887057835, 2.003625191582574, 1.9423015594482425, 1.8853615230984158, 1.8141360600789391, 1.7650786081949867, 1.758288945092095, 1.6181357171800403, 1.5453449779086643, 1.46414573457506, 1.3782013575236, 1.3324593861897787, 1.211610719892714, 1.1726768387688529, 1.0144268565707735, 0.9332930511898466, 0.9123579396141901, 0.8633264912499321, 0.6564309120178222, 0.5903994957605998, 0.5337003495958117, 0.43464468055301236, 0.3947987596193949, 0.3384097907278273, 0.3122987310091654, 0.26734282308154633, 0.2654124140739441, 0.3057249254650539, 0.22259952094819813, 0.24172378778457643, 0.20316340923309326, 0.20290132098727756, 0.20269101990593805, 0.1947444664107429, 0.19514883756637574, 0.19169200923707752, 0.21401274336708917, 0.1987359921137492, 0.2057048135333591, 0.2122691750526428, 0.20868940750757856, 0.21037183337741427, 0.2074127131038242, 0.19154860443539085, 0.20501074526045054], "testAccuracy": [0.06133083999156952, 0.06317457556724548, 0.05741896107792854, 0.055921897292137146, 0.05366234481334686, 0.05943158641457558, 0.05321446433663368, 0.05184018239378929, 0.051666729152202606, 0.05166468024253845, 0.0534646213054657, 0.051660630851984024, 0.05169009789824486, 0.05342715233564377, 0.05325054004788399], "testStd": [0.0, 0.0, 0.0, 0.0, 0.0, 0.0, 0.0, 0.0, 0.0, 0.0, 0.0, 0.0, 0.0, 0.0, 0.0]}}}}