{
    "unit_circle_mae": {
        "gaussianElement": {
            "1e0": {
                "loss": [
                    0.2779170119244119,
                    0.22706056677776834,
                    0.17071615094723908,
                    0.1374769469966059,
                    0.12229506865791653
                ],
                "iden": [
                    0.13641828557719354,
                    0.09241434283878491,
                    0.04594738198363263,
                    0.022868770620097283,
                    0.01642029116982999
                ],
                "fwd": [
                    0.10493853817815366,
                    0.09813947262971298,
                    0.08830315652100937,
                    0.078177185162254,
                    0.06947457531224127
                ],
                "bwd": [
                    0.0,
                    0.0,
                    0.0,
                    0.0,
                    0.0
                ],
                "cons": [
                    0.0,
                    0.0,
                    0.0,
                    0.0,
                    0.0
                ],
                "eigen": [
                    0.03656017002852067,
                    0.03650675519652989,
                    0.03646560725958451,
                    0.036430992510007774,
                    0.03640020411947499
                ],
                "fwd_val": [
                    0.27280988412744855,
                    0.24605167613309975,
                    0.21765934719758875,
                    0.19120076824637022,
                    0.1768028315375833
                ]
            }
        }
    },
    "unit_circle_mse": {
        "gaussianElement": {
            "1e0": {
                "loss": [
                    0.27247162487195886,
                    0.2224801312322202,
                    0.1636833211650019,
                    0.12860393524169922,
                    0.11453555459561555
                ],
                "iden": [
                    0.13647130261296814,
                    0.09504686749499777,
                    0.04796737173329229,
                    0.02310594916343689,
                    0.015547891673834427
                ],
                "fwd": [
                    0.10492840538854184,
                    0.09650364129439645,
                    0.08489634938862013,
                    0.07476918593696927,
                    0.06833863258361816
                ],
                "bwd": [
                    0.0,
                    0.0,
                    0.0,
                    0.0,
                    0.0
                ],
                "cons": [
                    0.0,
                    0.0,
                    0.0,
                    0.0,
                    0.0
                ],
                "eigen": [
                    0.031071907800176872,
                    0.030929612076800804,
                    0.030819594860076904,
                    0.030728797549786774,
                    0.03064902969028639
                ],
                "fwd_val": [
                    0.27115503479452696,
                    0.23519738982705507,
                    0.21050801697899313,
                    0.18887385200051698,
                    0.17065208098467657
                ]
            }
        }
    },
    "origin_mse": {
        "gaussianElement": {
            "1e0": {
                "loss": [
                    0.24884701811749002,
                    0.1993119198343028,
                    0.14198856768400775,
                    0.10579065136287523,
                    0.09182122479314389
                ],
                "iden": [
                    0.1366926690806513,
                    0.09613135586614194,
                    0.050928556400796646,
                    0.021767921421838844,
                    0.016729059426680855
                ],
                "fwd": [
                    0.10494250318278436,
                    0.09600947732510774,
                    0.08391886431237926,
                    0.07690987638805223,
                    0.06800624857778134
                ],
                "bwd": [
                    0.0,
                    0.0,
                    0.0,
                    0.0,
                    0.0
                ],
                "cons": [
                    0.0,
                    0.0,
                    0.0,
                    0.0,
                    0.0
                ],
                "eigen": [
                    0.007211849741313768,
                    0.007171087938806285,
                    0.007141148590523264,
                    0.007112854200860728,
                    0.007085918732311415
                ],
                "fwd_val": [
                    0.2707793291877298,
                    0.23227378901313334,
                    0.2151041311376235,
                    0.1873002753538244,
                    0.1751609970541561
                ]
            }
        }
    },
    "none": {
        "gaussianElement": {
            "1e0": {
                "loss": [
                    0.2842942424442457,
                    0.23101255168085513,
                    0.17730190442956012,
                    0.14597963250201682,
                    0.13406193256378174
                ],
                "iden": [
                    0.13593124306720236,
                    0.09028596463410751,
                    0.04619704640429953,
                    0.020728600413902946,
                    0.015480563044548035
                ],
                "fwd": [
                    0.10488473850747813,
                    0.09724833136019499,
                    0.08762660233870798,
                    0.08177277575368466,
                    0.07510310670603876
                ],
                "bwd": [
                    0.0,
                    0.0,
                    0.0,
                    0.0,
                    0.0
                ],
                "cons": [
                    0.0,
                    0.0,
                    0.0,
                    0.0,
                    0.0
                ],
                "eigen": [
                    0.043478260869565216,
                    0.043478260869565216,
                    0.043478260869565216,
                    0.043478260869565216,
                    0.043478260869565216
                ],
                "fwd_val": [
                    0.2716684060938218,
                    0.24113879484288833,
                    0.22593594298643224,
                    0.20713037603041706,
                    0.19199689696816835
                ]
            }
        }
    }
}