{"unit_circle_mse": {"gaussianElement": {"1e0": {"loss": [0.8579309463500977, 0.9052875427972701, 0.8021877197992235, 0.7819893064953032, 0.7674084163847424, 0.7519845599219912, 0.7367560250418527, 0.7251830101013182, 0.7110982622419084, 0.6968337467738561, 0.6796645754859562, 0.6671958514622279, 0.6520976339067731, 0.6311468941824778, 0.6232502710251581, 0.6064873922438847, 0.5900656427655901, 0.5647964659191314, 0.5463857696169898, 0.5296605428059895, 0.5132324672880626, 0.4984362465994699, 0.495050539289202, 0.4633669716971262, 0.44235371635073717, 0.4295469806307838, 0.4222535201481411, 0.4229568708510626, 0.40238727160862514, 0.39028210639953614, 0.3868964263371059, 0.3811249664851597, 0.37759613536653064, 0.3788391181400844, 0.3799192019871303, 0.3763678459894089, 0.37534867014203754, 0.3771843365260533, 0.3737724395025344, 0.3722949232373919, 0.3708259264628092, 0.37092348507472445, 0.37215736934116905, 0.3687835557120187, 0.37343215261186874, 0.3734824294135684, 0.3735461893535795, 0.3717998186747233, 0.36935462270464214, 0.3691627298082624], "iden": [0.0, 0.0, 0.0, 0.0, 0.0, 0.0, 0.0, 0.0, 0.0, 0.0, 0.0, 0.0, 0.0, 0.0, 0.0, 0.0, 0.0, 0.0, 0.0, 0.0, 0.0, 0.0, 0.0, 0.0, 0.0, 0.0, 0.0, 0.0, 0.0, 0.0, 0.0, 0.0, 0.0, 0.0, 0.0, 0.0, 0.0, 0.0, 0.0, 0.0, 0.0, 0.0, 0.0, 0.0, 0.0, 0.0, 0.0, 0.0, 0.0, 0.0], "fwd": [0.8512276149931408, 0.898707680475144, 0.7956616537911552, 0.7755006653921946, 0.7609490303766161, 0.7455494335719518, 0.730342892238072, 0.7187897773016066, 0.7047231946672713, 0.6904751278105237, 0.6733212153116862, 0.6608674276442755, 0.6457840056646439, 0.624846599215553, 0.6169631185985747, 0.6002124196007138, 0.5838009788876487, 0.5585420472281319, 0.5401415597824824, 0.5234252203078498, 0.5070055779956636, 0.49221757253011067, 0.48883973984491264, 0.45716312045142765, 0.43615624109903967, 0.42335507302057174, 0.41606650579543336, 0.4167744681948708, 0.39620858147030785, 0.3841063408624558, 0.38072384652637303, 0.374954586937314, 0.371427313486735, 0.3726717585609073, 0.3737529527573359, 0.37020223481314524, 0.3691835789453416, 0.3710202762058803, 0.3676089218684605, 0.3661318029676165, 0.36466389610653827, 0.364763441539946, 0.36599876767113093, 0.36262623014904205, 0.3672765391213553, 0.36732890492393855, 0.36739414078848703, 0.3656480766478039, 0.3632035414377848, 0.36301282928103495], "bwd": [0.0, 0.0, 0.0, 0.0, 0.0, 0.0, 0.0, 0.0, 0.0, 0.0, 0.0, 0.0, 0.0, 0.0, 0.0, 0.0, 0.0, 0.0, 0.0, 0.0, 0.0, 0.0, 0.0, 0.0, 0.0, 0.0, 0.0, 0.0, 0.0, 0.0, 0.0, 0.0, 0.0, 0.0, 0.0, 0.0, 0.0, 0.0, 0.0, 0.0, 0.0, 0.0, 0.0, 0.0, 0.0, 0.0, 0.0, 0.0, 0.0, 0.0], "cons": [0.0, 0.0, 0.0, 0.0, 0.0, 0.0, 0.0, 0.0, 0.0, 0.0, 0.0, 0.0, 0.0, 0.0, 0.0, 0.0, 0.0, 0.0, 0.0, 0.0, 0.0, 0.0, 0.0, 0.0, 0.0, 0.0, 0.0, 0.0, 0.0, 0.0, 0.0, 0.0, 0.0, 0.0, 0.0, 0.0, 0.0, 0.0, 0.0, 0.0, 0.0, 0.0, 0.0, 0.0, 0.0, 0.0, 0.0, 0.0, 0.0, 0.0], "eigen": [0.006703325538408187, 0.0065798650894846235, 0.006526096732843489, 0.006488651108174097, 0.00645936791385923, 0.006435117835090274, 0.006413149549847558, 0.006393215911728996, 0.006375054589339665, 0.006358611441793896, 0.006343363864081246, 0.006328427720637549, 0.006313642859458924, 0.006300305539653416, 0.006287142421518055, 0.006274980093751635, 0.006264674876417432, 0.006254410743713379, 0.006244204512664249, 0.006235329877762568, 0.006226893478915805, 0.006218682655266353, 0.006210797883215405, 0.006203844149907431, 0.006197471703801837, 0.006191913499718621, 0.006187013359296889, 0.0061823939283688865, 0.006178705820015498, 0.006175771000839414, 0.006172586338860648, 0.0061703865371999286, 0.006168817551363082, 0.006167363659256979, 0.006166249691020875, 0.006165605747983569, 0.006165094602675664, 0.006164051734265827, 0.006163521252927326, 0.006163122185638973, 0.006162036174819583, 0.0061600408028988606, 0.006158602095785596, 0.006157323789028894, 0.006155616399787721, 0.006153518493686404, 0.006152053745020004, 0.006151744013740903, 0.006151083395594642, 0.006149904997575851], "time": [1.8576006412506103, 4.271995091438294, 6.6876626253128055, 9.103892946243286, 11.520437836647034, 13.938606095314025, 16.351461839675903, 18.76545124053955, 21.182021498680115, 23.592605328559877, 26.00871181488037, 28.418870162963866, 30.829653429985047, 33.242904853820804, 35.66254103183746, 38.07930874824524, 40.49521505832672, 42.90784299373627, 45.323438715934756, 47.740038657188414, 50.15648353099823, 52.57976047992706, 55.00530655384064, 57.42286458015442, 59.83778796195984, 62.249655556678775, 64.66894593238831, 67.09005019664764, 69.5000497341156, 71.9132247209549, 74.32752778530121, 76.75023589134216, 79.17081997394561, 81.58599672317504, 84.00586450099945, 86.4267603635788, 88.8457500219345, 91.2553410768509, 93.66426031589508, 96.08313093185424, 98.4980548620224, 100.9076541185379, 103.32538850307465, 105.74504354000092, 108.15703573226929, 110.56625814437866, 112.9824079990387, 115.39945278167724, 117.81275389194488, 120.22609713077546], "fwd_val": [2.9051709704928923, 2.4241331100463865, 2.2698343276977537, 2.2255114025539817, 2.1478417290581597, 2.0818624920315214, 2.009889284769694, 1.94065613216824, 1.8810758272806805, 1.801275952657064, 1.7318184004889594, 1.6646338568793404, 1.5594361623128254, 1.4910870869954427, 1.3997780587938098, 1.3845131874084475, 1.2178987714979383, 1.1404954857296412, 1.028749328189426, 0.9494639502631295, 0.9082028230031332, 0.789941930770874, 0.7280131234063043, 0.5780642297532823, 0.5387391964594525, 0.45875284936692984, 0.4406304783291287, 0.36324319177203707, 0.3155757652388679, 0.2864445037311978, 0.2777856190999349, 0.24391652610566877, 0.23313463528951012, 0.23031615018844603, 0.2342131879594591, 0.22740923961003628, 0.24328635931015014, 0.22090410259034896, 0.21608666976292928, 0.2044741259680854, 0.20927996238072716, 0.2063873463206821, 0.20018549495273166, 0.22105367183685304, 0.2158741381433275, 0.21356953647401594, 0.2153033587667677, 0.20108203093210858, 0.20770508448282876, 0.20038682354821097], "testAccuracy": [0.06554508209228516, 0.059009287506341934, 0.053424932062625885, 0.05068539083003998, 0.05373123288154602, 0.051172032952308655, 0.05392076447606087, 0.05389324948191643, 0.05239659175276756, 0.053527023643255234, 0.052905790507793427, 0.048880502581596375, 0.04864968731999397, 0.04989699274301529, 0.04951484501361847], "testStd": [0.0, 0.0, 0.0, 0.0, 0.0, 0.0, 0.0, 0.0, 0.0, 0.0, 0.0, 0.0, 0.0, 0.0, 0.0]}}}}