{"unit_circle_mse-none": {"gaussianElement": {"1e0": {"loss": [1.7999467395600819, 1.8921163649786086, 1.7588426499139695, 1.7235728672572546, 1.7056541442871094, 1.6874051775251115, 1.675901140485491, 1.656005859375, 1.6407359895252047, 1.624024890718006, 1.6028685796828497, 1.5823095412481398, 1.5626716613769531, 1.5624356951032365, 1.5510308401925224, 1.5148518880208333, 1.4928957621256511, 1.4731617882138206, 1.4466661725725447, 1.4311231885637556, 1.4086339133126395, 1.3864003136044456, 1.3745142618815105, 1.357919420514788, 1.3405156816755022, 1.3286348978678386, 1.3266072954450334, 1.3178007035028367, 1.3128047216506231, 1.3165902637300038, 1.3188575562976657, 1.3209820701962425, 1.3164415813627697, 1.319015866234189, 1.318850381033761, 1.3158612932477678, 1.311689195178804, 1.3155786423456102, 1.313788822719029, 1.3137654804048085, 1.3119257972353982, 1.3151497613816034, 1.3138460431780135, 1.3138150714692616, 1.312998272123791, 1.3077962057931083, 1.3125554039364768, 1.316261473156157, 1.3208191281273252, 1.3229729788643974], "iden": [0.0, 0.0, 0.0, 0.0, 0.0, 0.0, 0.0, 0.0, 0.0, 0.0, 0.0, 0.0, 0.0, 0.0, 0.0, 0.0, 0.0, 0.0, 0.0, 0.0, 0.0, 0.0, 0.0, 0.0, 0.0, 0.0, 0.0, 0.0, 0.0, 0.0, 0.0, 0.0, 0.0, 0.0, 0.0, 0.0, 0.0, 0.0, 0.0, 0.0, 0.0, 0.0, 0.0, 0.0, 0.0, 0.0, 0.0, 0.0, 0.0, 0.0], "fwd": [0.8475658780052548, 0.9397355034237816, 0.8064616975330171, 0.7711919148763021, 0.753273191906157, 0.7350241343180338, 0.7235200972784133, 0.7036249069940477, 0.6883550371442523, 0.6716438929239908, 0.6504875818888346, 0.6299284980410621, 0.6102907998221261, 0.6100548335484096, 0.5986498878115699, 0.5624708902268183, 0.5405148097446987, 0.520780745006743, 0.49428522019159227, 0.4787422361828032, 0.45625291551862446, 0.43401940663655597, 0.42213326408749535, 0.4055384227207729, 0.38813472929454984, 0.3762539000738235, 0.37422632035754977, 0.3654197511218843, 0.36042376926967074, 0.364209220522926, 0.36647655850365046, 0.36860120864141555, 0.36406062898181735, 0.3666348684401739, 0.3664693832397461, 0.36348034086681547, 0.35930824279785156, 0.36319768996465773, 0.36140791575113934, 0.361384528023856, 0.35954482214791433, 0.3627688317071824, 0.3614651362101237, 0.3614341417948405, 0.3606173651559012, 0.35541529882521855, 0.3601744288489932, 0.3638805661882673, 0.3684381530398414, 0.3705920491899763], "bwd": [0.0, 0.0, 0.0, 0.0, 0.0, 0.0, 0.0, 0.0, 0.0, 0.0, 0.0, 0.0, 0.0, 0.0, 0.0, 0.0, 0.0, 0.0, 0.0, 0.0, 0.0, 0.0, 0.0, 0.0, 0.0, 0.0, 0.0, 0.0, 0.0, 0.0, 0.0, 0.0, 0.0, 0.0, 0.0, 0.0, 0.0, 0.0, 0.0, 0.0, 0.0, 0.0, 0.0, 0.0, 0.0, 0.0, 0.0, 0.0, 0.0, 0.0], "cons": [0.0, 0.0, 0.0, 0.0, 0.0, 0.0, 0.0, 0.0, 0.0, 0.0, 0.0, 0.0, 0.0, 0.0, 0.0, 0.0, 0.0, 0.0, 0.0, 0.0, 0.0, 0.0, 0.0, 0.0, 0.0, 0.0, 0.0, 0.0, 0.0, 0.0, 0.0, 0.0, 0.0, 0.0, 0.0, 0.0, 0.0, 0.0, 0.0, 0.0, 0.0, 0.0, 0.0, 0.0, 0.0, 0.0, 0.0, 0.0, 0.0, 0.0], "eigen": [0.9523809523809523, 0.9523809523809523, 0.9523809523809523, 0.9523809523809523, 0.9523809523809523, 0.9523809523809523, 0.9523809523809523, 0.9523809523809523, 0.9523809523809523, 0.9523809523809523, 0.9523809523809523, 0.9523809523809523, 0.9523809523809523, 0.9523809523809523, 0.9523809523809523, 0.9523809523809523, 0.9523809523809523, 0.9523809523809523, 0.9523809523809523, 0.9523809523809523, 0.9523809523809523, 0.9523809523809523, 0.9523809523809523, 0.9523809523809523, 0.9523809523809523, 0.9523809523809523, 0.9523809523809523, 0.9523809523809523, 0.9523809523809523, 0.9523809523809523, 0.9523809523809523, 0.9523809523809523, 0.9523809523809523, 0.9523809523809523, 0.9523809523809523, 0.9523809523809523, 0.9523809523809523, 0.9523809523809523, 0.9523809523809523, 0.9523809523809523, 0.9523809523809523, 0.9523809523809523, 0.9523809523809523, 0.9523809523809523, 0.9523809523809523, 0.9523809523809523, 0.9523809523809523, 0.9523809523809523, 0.9523809523809523, 0.9523809523809523], "time": [3.715912103652954, 6.75974702835083, 9.251939296722412, 11.74966287612915, 14.27508020401001, 16.802339792251587, 19.31172513961792, 21.803173303604126, 24.276505947113037, 26.744988679885864, 29.245067358016968, 31.77984619140625, 34.28018498420715, 36.81652760505676, 39.29213762283325, 41.84978771209717, 44.34774827957153, 46.830798625946045, 49.34098839759827, 51.866100549697876, 54.39333248138428, 56.91954469680786, 59.44695520401001, 61.96108102798462, 64.45096230506897, 66.97854137420654, 69.46427917480469, 72.00324606895447, 74.50668668746948, 76.99623322486877, 79.51922607421875, 82.02276563644409, 84.54654121398926, 87.07466316223145, 89.56149244308472, 92.10527276992798, 94.60056686401367, 97.13939213752747, 99.69546794891357, 102.17781257629395, 104.66593909263611, 107.16324400901794, 109.60600399971008, 112.06688404083252, 114.53531384468079, 117.04653573036194, 119.51611876487732, 121.99454879760742, 124.50932765007019, 126.94586515426636], "fwd_val": [2.956877178615994, 2.5834507412380643, 2.2717149522569446, 2.1823611789279513, 2.1213612026638455, 2.032087961832682, 1.9574144151475694, 1.8892538282606337, 1.7925436231825087, 1.6998030344645183, 1.6089271969265408, 1.4966566297743056, 1.3931163152058919, 1.5298675960964627, 1.2546244727240667, 1.1406144036187067, 1.0705419116550021, 0.9339435365464952, 0.8347804281446669, 0.7360744476318359, 0.6160255008273654, 0.549147711859809, 0.4366904894510905, 0.34948142369588214, 0.3099352518717448, 0.2727845244937473, 0.2120714717441135, 0.2022081216176351, 0.20781580607096353, 0.19684282938639322, 0.21170846621195474, 0.23692146937052408, 0.20923097928365073, 0.2059119807349311, 0.21140779389275444, 0.20192853609720865, 0.18676861127217612, 0.2019742859734429, 0.1948933866288927, 0.18673377566867405, 0.21116122934553358, 0.19052120049794516, 0.1878190173043145, 0.18321360482109916, 0.17957846323649088, 0.18497016694810656, 0.206816037495931, 0.19567137294345432, 0.2768900129530165, 0.20272379451327854], "testAccuracy": [0.08012764900922775, 0.07822172343730927, 0.06268002092838287, 0.060569047927856445, 0.05745960399508476, 0.05658993124961853, 0.056795865297317505, 0.058535024523735046, 0.0568343922495842, 0.05476781353354454, 0.057046715170145035, 0.0579175166785717, 0.05585438013076782, 0.056446902453899384, 0.05801377445459366], "testStd": [0.0, 0.0, 0.0, 0.0, 0.0, 0.0, 0.0, 0.0, 0.0, 0.0, 0.0, 0.0, 0.0, 0.0, 0.0]}}, "uniformEigen": {"1e0": {"loss": [485.6753627232143, 12.635859898158483, 12.171549479166666, 9.959452311197916, 23.022891090029763, 8.974700201125373, 2.888195037841797, 2.0172791253952753, 1.6698266892206102, 1.5624745686848958, 1.6081185113816034, 12.600770496186756, 2.1894336882091703, 1.6210981096540178, 1.7129135131835938, 1.567035130092076, 1.5085674467540922, 1.634207044328962, 1.459058852422805, 8.10132562546503, 1.4840953463599795, 1.483197257632301, 1.486661093575614, 1.3420618148077101, 1.3715963817778087, 1.4979489644368489, 1.400227047148205, 1.3798891703287761, 1.3440052214122953, 1.4134910220191592, 1.4986688523065477, 1.482186726161412, 1.5786732264927454, 1.497364770798456, 1.6053606669108074, 2.070144290015811, 1.5168160938081288, 1.391639164515904, 1.555042448497954, 1.4125902085077195, 1.4600531260172527, 1.3819986979166667, 1.5061986105782645, 1.6995569864908855, 2.3792230515252974, 1.6939197721935453, 1.558853512718564, 1.6690497625441778, 1.5016461326962425, 1.420686267671131], "iden": [0.0, 0.0, 0.0, 0.0, 0.0, 0.0, 0.0, 0.0, 0.0, 0.0, 0.0, 0.0, 0.0, 0.0, 0.0, 0.0, 0.0, 0.0, 0.0, 0.0, 0.0, 0.0, 0.0, 0.0, 0.0, 0.0, 0.0, 0.0, 0.0, 0.0, 0.0, 0.0, 0.0, 0.0, 0.0, 0.0, 0.0, 0.0, 0.0, 0.0, 0.0, 0.0, 0.0, 0.0, 0.0, 0.0, 0.0, 0.0, 0.0, 0.0],