{"none": {"xavierElement": {"1e0": {"loss": [1.3000500996907551, 1.243672597975958, 1.1910058884393602, 1.1436278025309246, 1.1143909635997953, 1.0749283745175315, 1.0408984592982702, 1.0238899957566034, 0.9899222964332217, 0.9635956173851377, 0.959804444085984, 1.0153522491455078, 0.9667910621279762, 0.9567787533714658, 0.9515518915085566, 0.9172428676060268, 0.9678640819731212, 0.877554938906715, 0.9230838957287016, 0.9331437065487816, 0.8994171505882627, 0.9784923735119048, 0.8605210440499442, 0.8949770246233258, 0.8821283976236979, 0.9366739363897414, 0.8527047293526786, 0.8576780046735492, 0.8560743786039806, 0.8516340709867931, 0.8495255424862816, 0.859473637172154, 0.8743393307640439, 0.8597720009940011, 0.8942088172549293], "iden": [0.0, 0.0, 0.0, 0.0, 0.0, 0.0, 0.0, 0.0, 0.0, 0.0, 0.0, 0.0, 0.0, 0.0, 0.0, 0.0, 0.0, 0.0, 0.0, 0.0, 0.0, 0.0, 0.0, 0.0, 0.0, 0.0, 0.0, 0.0, 0.0, 0.0, 0.0, 0.0, 0.0, 0.0, 0.0], "fwd": [0.823859623500279, 0.7674820309593564, 0.7148154122488839, 0.6674373717535109, 0.6382005328223819, 0.5987378983270555, 0.5647079831077939, 0.5476995649791899, 0.5137318202427456, 0.48740518660772414, 0.4836139678955078, 0.5391617729550316, 0.4906006313505627, 0.4805882317679269, 0.47536141531808035, 0.4410523914155506, 0.4916736057826451, 0.4013645081293015, 0.4468934649512881, 0.45695323035830543, 0.42322671981084914, 0.5023018519083658, 0.3843306132725307, 0.4187865484328497, 0.4059379214332217, 0.4604834601992652, 0.3765142077491397, 0.38148752848307294, 0.3798838115873791, 0.3754436175028483, 0.3733350435892741, 0.3832832518078032, 0.3981488545735677, 0.3835815248035249, 0.4180183864775158], "bwd": [0.0, 0.0, 0.0, 0.0, 0.0, 0.0, 0.0, 0.0, 0.0, 0.0, 0.0, 0.0, 0.0, 0.0, 0.0, 0.0, 0.0, 0.0, 0.0, 0.0, 0.0, 0.0, 0.0, 0.0, 0.0, 0.0, 0.0, 0.0, 0.0, 0.0, 0.0, 0.0, 0.0, 0.0, 0.0], "cons": [0.0, 0.0, 0.0, 0.0, 0.0, 0.0, 0.0, 0.0, 0.0, 0.0, 0.0, 0.0, 0.0, 0.0, 0.0, 0.0, 0.0, 0.0, 0.0, 0.0, 0.0, 0.0, 0.0, 0.0, 0.0, 0.0, 0.0, 0.0, 0.0, 0.0, 0.0, 0.0, 0.0, 0.0, 0.0], "eigen": [0.47619047619047616, 0.47619047619047616, 0.47619047619047616, 0.47619047619047616, 0.47619047619047616, 0.47619047619047616, 0.47619047619047616, 0.47619047619047616, 0.47619047619047616, 0.47619047619047616, 0.47619047619047616, 0.47619047619047616, 0.47619047619047616, 0.47619047619047616, 0.47619047619047616, 0.47619047619047616, 0.47619047619047616, 0.47619047619047616, 0.47619047619047616, 0.47619047619047616, 0.47619047619047616, 0.47619047619047616, 0.47619047619047616, 0.47619047619047616, 0.47619047619047616, 0.47619047619047616, 0.47619047619047616, 0.47619047619047616, 0.47619047619047616, 0.47619047619047616, 0.47619047619047616, 0.47619047619047616, 0.47619047619047616, 0.47619047619047616, 0.47619047619047616], "time": [3.3381564617156982, 5.945743083953857, 8.06102466583252, 10.156495094299316, 12.23279333114624, 14.312894344329834, 16.382559537887573, 18.47222900390625, 20.54428744316101, 22.62133479118347, 24.693904161453247, 26.789681673049927, 28.87308168411255, 30.94292378425598, 33.01696729660034, 35.096572160720825, 37.20656776428223, 39.28103470802307, 41.34524869918823, 43.42544674873352, 45.47394585609436, 47.52819633483887, 49.61699891090393, 51.6976261138916, 53.793617248535156, 55.8484160900116, 57.90455174446106, 59.977110624313354, 62.041823387145996, 64.11754369735718, 66.19116830825806, 68.26583743095398, 70.35649085044861, 72.46124792098999, 74.52806162834167], "fwd_val": [2.211051093207465, 2.0210673014322915, 1.8333731757269964, 1.6795179578993056, 1.4881553649902344, 1.296556896633572, 1.2706362406412761, 1.0321443345811632, 0.9032696617974175, 0.879429817199707, 0.7150700887044271, 0.7746793958875868, 1.0079349941677518, 0.714960945977105, 0.4812583393520779, 0.930352528889974, 0.4100906319088406, 0.3880634837680393, 0.7755246692233615, 0.3825381067064073, 0.9824725257025825, 0.39842430750528973, 0.5018592410617404, 0.32666460673014325, 0.64842865202162, 0.29490860303243, 0.2882498370276557, 0.25647634930080837, 0.27939727571275497, 0.2583237753974067, 0.23894998762342665, 0.3413221041361491, 0.27255119217766655, 0.34761818250020343, 0.4582946565416124], "testAccuracy": [0.09139814972877502, 0.2818944454193115, 0.07558540254831314, 0.07641623914241791, 0.15281298756599426, 0.1454179286956787, 0.14763541519641876, 0.11799701303243637, 0.11746383458375931, 0.11056499928236008, 0.12259459495544434, 0.14105410873889923, 0.14781183004379272, 0.16879649460315704, 0.17764638364315033], "testStd": [0.0, 0.0, 0.0, 0.0, 0.0, 0.0, 0.0, 0.0, 0.0, 0.0, 0.0, 0.0, 0.0, 0.0, 0.0]}}, "uniformEigen": {"1e0": {"loss": [1.2753752753848122, 1.1609339032854353, 1.217576163155692, 1.0775685083298456, 1.7491671244303386, 1.0575932094029017, 1.009949457077753, 0.9494588942754836, 0.9426394871303013, 0.8762857346307664, 0.8734550476074219, 1.0802353450230189, 1.0801024664015997, 0.8683265504382905, 0.9475083124069941, 0.9512958526611328, 0.8678479875837054, 0.868057614281064, 0.9675018673851377, 0.8660683404831659, 0.895438966296968, 1.1552917843773252, 0.8741581326439267, 0.890188489641462, 0.9087022145589193, 0.8618075052897135, 0.8803460257393974, 0.8633233933221727, 0.9805512201218378, 0.9049784342447916, 0.8843121301560175, 0.8777627490815663, 0.8661720639183408, 0.9025634583972749, 0.8594380333310082], "iden": [0.0, 0.0, 0.0, 0.0, 0.0, 0.0, 0.0, 0.0, 0.0, 0.0, 0.0, 0.0, 0.0, 0.0, 0.0, 0.0, 0.0, 0.0, 0.0, 0.0, 0.0, 0.0, 0.0, 0.0, 0.0, 0.0, 0.0, 0.0, 0.0, 0.0, 0.0, 0.0, 0.0, 0.0, 0.0], "fwd": [0.7991848900204613, 0.6847433816818964, 0.7413857323782784, 0.6013779867263067, 1.2729766482398623, 0.5814026877993629, 0.533758935474214, 0.47326837267194477, 0.46644892011369976, 0.4000952130272275, 0.397264526003883, 0.6040448688325428, 0.6039120356241862, 0.3921360742478144, 0.47131783621651785, 0.47510537647065665, 0.3916575113932292, 0.3918670472644624, 0.49131143660772414, 0.389877818879627, 0.4192484901064918, 0.6791012627737862, 0.3979676564534505, 0.41399801345098586, 0.4325117383684431, 0.38561711992536274, 0.40415554954892113, 0.38713291713169645, 0.5043606531052363, 0.42878791264125277, 0.4081216539655413, 0.40157231830415274, 0.3899814969017392, 0.4263730276198614, 0.383247557140532], "bwd": [0.0, 0.0, 0.0, 0.0, 0.0, 0.0, 0.0, 0.0, 0.0, 0.0, 0.0, 0.0, 0.0, 0.0, 0.0, 0.0, 0.0, 0.0, 0.0, 0.0, 0.0, 0.0, 0.0, 0.0, 0.0, 0.0, 0.0, 0.0, 0.0, 0.0, 0.0, 0.0, 0.0, 0.0, 0.0], "cons": [0.0, 0.0, 0.0, 0.0, 0.0, 0.0, 0.0, 0.0, 0.0, 0.0, 0.0, 0.0, 0.0, 0.0, 0.0, 0.0, 0.0, 0.0, 0.0, 0.0, 0.0, 0.0, 0.0, 0.0, 0.0, 0.0, 0.0, 0.0, 0.0, 0.0, 0.0, 0.0, 0.0, 0.0, 0.0], "eigen": [0.47619047619047616, 0.47619047619047616, 0.47619047619047616, 0.47619047619047616, 0.47619047619047616, 0.47619047619047616, 0.47619047619047616, 0.47619047619047616, 0.47619047619047616, 0.47619047619047616, 0.47619047619047616, 0.47619047619047616, 0.47619047619047616, 0.47619047619047616, 0.47619047619047616, 0.47619047619047616, 0.47619047619047616, 0.47619047619047616, 0.47619047619047616, 0.47619047619047616, 0.47619047619047616, 0.47619047619047616, 0.47619047619047616, 0.47619047619047616, 0.47619047619047616, 0.47619047619047616, 0.47619047619047616, 0.47619047619047616, 0.47619047619047616, 0.47619047619047616, 0.47619047619047616, 0.47619047619047616, 0.47619047619047616, 0.47619047619047616, 0.47619047619047616], "time": [1.6768546104431152, 3.7357542514801025, 5.818057298660278, 7.8946943283081055, 9.992949724197388, 12.06536602973938, 14.14111852645874, 16.225374937057495, 18.302881717681885, 20.37549138069153, 22.482523441314697, 24.587815046310425, 26.66540765762329, 28.7293918132782, 30.811573028564453, 32.86511158943176, 34.941232442855835, 37.026525259017944, 39.09297060966492, 41.21841502189636, 43.35040855407715, 45.48435401916504, 47.56360197067261, 49.64254093170166, 51.72548294067383, 53.79559683799744, 55.886962890625, 57.94474720954895, 60.01483702659607, 62.0825982093811, 64.15941023826599, 66.22768759727478, 68.30511856079102, 70.51646137237549, 72.59522724151611],