{"unit_circle_mse": {"gaussianElement": {"1e0": {"loss": [0.8518451206267826, 0.9040454380095951, 0.7991543421669611, 0.7744640168689546, 0.7569553587171766, 0.7354440386333163, 0.7176695626879495, 0.7073586479065911, 0.6859990680028522, 0.6735535576230003, 0.6670143642122784, 0.6377991116236127, 0.6216641532050238, 0.605590684073312, 0.5776899731348432, 0.5606771196637834, 0.5447207556830512, 0.5217975132049076, 0.5063864995562841, 0.4990624775962224, 0.467801260569739, 0.4518547663612971, 0.4382417618282258, 0.42099229116288445, 0.4062231911553276, 0.3982126069447351, 0.39099392815241735, 0.3824879328409831, 0.3731107257661365, 0.37324733582753983, 0.37154679828219944, 0.37141604650588267, 0.3724996400257898, 0.36621232259841197, 0.37081865280393567, 0.3663332954285637, 0.3782968294052851, 0.36903864996773855, 0.370616806877984, 0.36664106732323054, 0.37414173095945324, 0.37232075797186964, 0.3703020413716634, 0.3668177771189856, 0.36651029284038245, 0.3662808282034738, 0.3651103140815855, 0.3655209465632363, 0.36222930181594126, 0.3646962604825459], "iden": [0.0, 0.0, 0.0, 0.0, 0.0, 0.0, 0.0, 0.0, 0.0, 0.0, 0.0, 0.0, 0.0, 0.0, 0.0, 0.0, 0.0, 0.0, 0.0, 0.0, 0.0, 0.0, 0.0, 0.0, 0.0, 0.0, 0.0, 0.0, 0.0, 0.0, 0.0, 0.0, 0.0, 0.0, 0.0, 0.0, 0.0, 0.0, 0.0, 0.0, 0.0, 0.0, 0.0, 0.0, 0.0, 0.0, 0.0, 0.0, 0.0, 0.0], "fwd": [0.8511839367094494, 0.90339233761742, 0.7985035124279204, 0.7738150944785467, 0.7563079046824622, 0.7347976896497938, 0.7170245458209324, 0.70671508425758, 0.6853567910572839, 0.6729126430693126, 0.666374781775096, 0.6371608007521856, 0.6210273712400406, 0.604955340188647, 0.5770559310913086, 0.5600443794613793, 0.5440894232855903, 0.5211676643008278, 0.5057580433194598, 0.49843505072215244, 0.4671746511307974, 0.4512290651836093, 0.43761687808566624, 0.42036811889164033, 0.4055995335654607, 0.3975894413297138, 0.39037108042883495, 0.3818653651646205, 0.3724884305681501, 0.37262513902452254, 0.3709246014791822, 0.37079388754708426, 0.3718774886358352, 0.36559005767580066, 0.37019614567832343, 0.36571059151301305, 0.3776738757178897, 0.3684153632512168, 0.3699933158026801, 0.3660175232660203, 0.37351796740577337, 0.3716966235448444, 0.36967773286123123, 0.3661933853512718, 0.3658859162103562, 0.3656564742799789, 0.36448577850583996, 0.36489624447292757, 0.36160453917488217, 0.3640714145842052], "bwd": [0.0, 0.0, 0.0, 0.0, 0.0, 0.0, 0.0, 0.0, 0.0, 0.0, 0.0, 0.0, 0.0, 0.0, 0.0, 0.0, 0.0, 0.0, 0.0, 0.0, 0.0, 0.0, 0.0, 0.0, 0.0, 0.0, 0.0, 0.0, 0.0, 0.0, 0.0, 0.0, 0.0, 0.0, 0.0, 0.0, 0.0, 0.0, 0.0, 0.0, 0.0, 0.0, 0.0, 0.0, 0.0, 0.0, 0.0, 0.0, 0.0, 0.0], "cons": [0.0, 0.0, 0.0, 0.0, 0.0, 0.0, 0.0, 0.0, 0.0, 0.0, 0.0, 0.0, 0.0, 0.0, 0.0, 0.0, 0.0, 0.0, 0.0, 0.0, 0.0, 0.0, 0.0, 0.0, 0.0, 0.0, 0.0, 0.0, 0.0, 0.0, 0.0, 0.0, 0.0, 0.0, 0.0, 0.0, 0.0, 0.0, 0.0, 0.0, 0.0, 0.0, 0.0, 0.0, 0.0, 0.0, 0.0, 0.0, 0.0, 0.0], "eigen": [0.000661221229367786, 0.0006531088479927609, 0.0006507723222649287, 0.0006489849072836693, 0.0006474505755163374, 0.0006463157220019234, 0.0006450277620128224, 0.0006435425833813728, 0.0006422433440410902, 0.0006409323375139918, 0.0006395876851110232, 0.0006382993851152677, 0.0006368049671725621, 0.00063531267796717, 0.0006340270388930563, 0.0006327064234822516, 0.0006313279330257386, 0.0006298337663922991, 0.0006284619282398905, 0.0006274133625011596, 0.0006266072806384829, 0.000625719405001118, 0.0006248685753061659, 0.0006241659293808634, 0.0006236484540360314, 0.0006231764508854775, 0.0006228271162226087, 0.000622555288294005, 0.0006223104835029633, 0.0006221903281079399, 0.000622190638548798, 0.0006221568744097437, 0.0006221426089131644, 0.0006222690174740459, 0.0006225053516645281, 0.0006226998354707446, 0.0006229611527588632, 0.0006232706918602899, 0.0006234821464334216, 0.0006235489207837317, 0.0006237920846730943, 0.0006241416558623315, 0.0006243029816283119, 0.0006243830310210349, 0.000624378714414816, 0.0006243511738758238, 0.000624537349693359, 0.0006247060225596504, 0.0006247541261097741, 0.0006248425869714646], "time": [1.8333009084065754, 4.200545469919841, 6.562281449635823, 8.931541283925375, 11.330775340398153, 13.713641166687012, 16.091503858566284, 18.467707633972168, 20.847919464111328, 23.229816754659016, 25.60524606704712, 27.97695247332255, 30.34870521227519, 32.74158255259196, 35.12256662050883, 37.49718221028646, 39.8819485505422, 42.26361107826233, 44.65526159604391, 47.02968223889669, 49.41522693634033, 51.789953311284386, 54.168821016947426, 56.55277450879415, 58.94340538978577, 61.33287390073141, 63.71012616157532, 66.09864807128906, 68.4983503818512, 70.88431962331136, 73.26526014010112, 75.63837305704753, 78.02479879061381, 80.41761906941731, 82.80074445406596, 85.18486094474792, 87.58413585027058, 89.96290556589763, 92.3647125562032, 94.7558609644572, 97.14416392644246, 99.52469269434611, 101.91384069124858, 104.30502160390218, 106.69950779279073, 109.08985988299052, 111.48622028032939, 113.8801498413086, 116.2573533852895, 118.63739776611328], "fwd_val": [2.8562246251989296, 2.475174162122938, 2.2589680707013167, 2.210638964617694, 2.102825306080006, 1.9976873044614438, 1.962044327347367, 1.871365229288737, 1.7955441651520907, 1.7448673248291016, 1.6371970706515844, 1.5293792088826497, 1.470023579067654, 1.3520679827089663, 1.2465781812314634, 1.1501708737126102, 1.045102843531856, 0.9659852451748318, 0.8813564159252025, 0.7648914301836932, 0.687150239944458, 0.5821233678747106, 0.5237565747013798, 0.4351557537361428, 0.37316189871893984, 0.3696082962883844, 0.3001503149668376, 0.24598875752201788, 0.28381676144070095, 0.21942095403318052, 0.2259472652717873, 0.24267650533605503, 0.2172565327750312, 0.23388366787521928, 0.21287464654004132, 0.24506370668058045, 0.23206093134703462, 0.21563817395104304, 0.22036532119468408, 0.22708426581488717, 0.24782496469992177, 0.21008243825700545, 0.23372203332406505, 0.20559802761784307, 0.2093231236493146, 0.19711170814655443, 0.19940139629222728, 0.18545445247932715, 0.19506744543711343, 0.1941047156298602], "testAccuracy": [0.07230612635612488, 0.05346114560961723, 0.05515069141983986, 0.05758718028664589, 0.0522792674601078, 0.05285628139972687, 0.0531390979886055, 0.05054614320397377, 0.05001300200819969, 0.05109873786568642, 0.050899844616651535, 0.05179326608777046, 0.050038084387779236, 0.05132155865430832, 0.05227797478437424], "testStd": [0.0, 0.0, 0.0, 0.0, 0.0, 0.0, 0.0, 0.0, 0.0, 0.0, 0.0, 0.0, 0.0, 0.0, 0.0]}}}}