{"unit_circle_mae": {"gaussianElement": {"1e0": {"loss": [0.6776491248089335, 0.6272575958915378], "iden": [0.13800154561581818, 0.09505016907401707], "fwd": [0.10486499122951341, 0.09742480775584346], "bwd": [0.0, 0.0], "cons": [0.0, 0.0], "eigen": [0.43478260869565216, 0.43478260869565216], "fwd_val": [0.27273211759679455, 0.2358233788434197]}}}, "unit_circle_mse": {"gaussianElement": {"1e0": {"loss": [0.6753137008003567, 0.6202540190323539], "iden": [0.1358120752417523, 0.09082315279089886], "fwd": [0.10471898576487666, 0.0946482575458029], "bwd": [0.0, 0.0], "cons": [0.0, 0.0], "eigen": [0.43478260869565216, 0.43478260869565216], "fwd_val": [0.2671662498922909, 0.2260270819944494]}}}, "origin_mse": {"gaussianElement": {"1e0": {"loss": [0.6759896485701852, 0.6242881443189539], "iden": [0.13621675449868906, 0.09177639173424762], "fwd": [0.10499028537584387, 0.09772916462110437], "bwd": [0.0, 0.0], "cons": [0.0, 0.0], "eigen": [0.43478260869565216, 0.43478260869565216], "fwd_val": [0.2732917000265682, 0.24300608915441177]}}}}