{"unit_circle_mse-none": {"gaussianElement": {"1e0": {"loss": [4.842727879115514, 3.000352514357794, 1.9124744960239954, 1.751327841622489, 1.5827838534400578, 1.636419677734375, 1.5806038992745537, 1.499832534790039, 1.482087889171782, 1.4705303373790923, 1.4687460399809338, 1.4764822460356215, 1.6040629250662668, 1.4977653503417971, 1.5366731189546132, 1.870877983456566, 1.7003057933989028, 1.4480901990618023, 1.440520295642671, 1.4709861210414343, 1.4262554168701171, 1.4088502248128256, 1.4194051106770833, 1.4193919590541295, 1.4032330649239675, 1.411280731927781, 1.4166665576753161, 1.4081249237060547, 1.3915344964890255, 1.3775697072347004, 1.391671880086263, 1.3839003426688057, 1.371391369047619, 1.3716306777227492, 1.366592298235212, 1.3681466965448288, 1.3699982234409878, 1.385507837931315, 1.3596778324672152, 1.369922855922154, 1.3623409997849238, 1.3697183881487165, 1.3930186680385046, 1.3552948179699125, 1.3632197425478982, 1.359055691673642, 1.348652103969029, 1.3931694030761719, 1.3658560071672714, 1.3503022693452382], "iden": [0.0, 0.0, 0.0, 0.0, 0.0, 0.0, 0.0, 0.0, 0.0, 0.0, 0.0, 0.0, 0.0, 0.0, 0.0, 0.0, 0.0, 0.0, 0.0, 0.0, 0.0, 0.0, 0.0, 0.0, 0.0, 0.0, 0.0, 0.0, 0.0, 0.0, 0.0, 0.0, 0.0, 0.0, 0.0, 0.0, 0.0, 0.0, 0.0, 0.0, 0.0, 0.0, 0.0, 0.0, 0.0, 0.0, 0.0, 0.0, 0.0, 0.0], "fwd": [3.890347035725912, 2.0479715619768415, 0.9600934800647554, 0.7989469074067616, 0.6304028738112677, 0.6840387798490979, 0.6282229287283762, 0.5474515914916992, 0.5297068822951544, 0.5181494031633649, 0.5163651466369629, 0.5241013027372815, 0.651681999933152, 0.5453843979608445, 0.5842921801975796, 0.9184970219930012, 0.7479248773484003, 0.49570923759823754, 0.4881393341791062, 0.5186051550365629, 0.47387447357177737, 0.4564692724318732, 0.4670241492135185, 0.4670109975905645, 0.4508521307082403, 0.4588997795468285, 0.4642856325422014, 0.45574396678379603, 0.43915353048415406, 0.42518875939505446, 0.43929094587053574, 0.431519417535691, 0.41901040758405417, 0.4192496980939593, 0.4142113367716472, 0.41576572599865136, 0.41761728014264793, 0.4331269037155878, 0.40729688462756924, 0.4175419171651205, 0.4099600292387463, 0.4173374266851516, 0.4406377338227772, 0.4029138383411225, 0.41083880833217074, 0.4066747029622396, 0.3962711425054641, 0.4407884461539132, 0.4134750547863188, 0.3979213260468982], "bwd": [0.0, 0.0, 0.0, 0.0, 0.0, 0.0, 0.0, 0.0, 0.0, 0.0, 0.0, 0.0, 0.0, 0.0, 0.0, 0.0, 0.0, 0.0, 0.0, 0.0, 0.0, 0.0, 0.0, 0.0, 0.0, 0.0, 0.0, 0.0, 0.0, 0.0, 0.0, 0.0, 0.0, 0.0, 0.0, 0.0, 0.0, 0.0, 0.0, 0.0, 0.0, 0.0, 0.0, 0.0, 0.0, 0.0, 0.0, 0.0, 0.0, 0.0], "cons": [0.0, 0.0, 0.0, 0.0, 0.0, 0.0, 0.0, 0.0, 0.0, 0.0, 0.0, 0.0, 0.0, 0.0, 0.0, 0.0, 0.0, 0.0, 0.0, 0.0, 0.0, 0.0, 0.0, 0.0, 0.0, 0.0, 0.0, 0.0, 0.0, 0.0, 0.0, 0.0, 0.0, 0.0, 0.0, 0.0, 0.0, 0.0, 0.0, 0.0, 0.0, 0.0, 0.0, 0.0, 0.0, 0.0, 0.0, 0.0, 0.0, 0.0], "eigen": [0.9523809523809523, 0.9523809523809523, 0.9523809523809523, 0.9523809523809523, 0.9523809523809523, 0.9523809523809523, 0.9523809523809523, 0.9523809523809523, 0.9523809523809523, 0.9523809523809523, 0.9523809523809523, 0.9523809523809523, 0.9523809523809523, 0.9523809523809523, 0.9523809523809523, 0.9523809523809523, 0.9523809523809523, 0.9523809523809523, 0.9523809523809523, 0.9523809523809523, 0.9523809523809523, 0.9523809523809523, 0.9523809523809523, 0.9523809523809523, 0.9523809523809523, 0.9523809523809523, 0.9523809523809523, 0.9523809523809523, 0.9523809523809523, 0.9523809523809523, 0.9523809523809523, 0.9523809523809523, 0.9523809523809523, 0.9523809523809523, 0.9523809523809523, 0.9523809523809523, 0.9523809523809523, 0.9523809523809523, 0.9523809523809523, 0.9523809523809523, 0.9523809523809523, 0.9523809523809523, 0.9523809523809523, 0.9523809523809523, 0.9523809523809523, 0.9523809523809523, 0.9523809523809523, 0.9523809523809523, 0.9523809523809523, 0.9523809523809523], "time": [1.8140614032745361, 4.126109170913696, 6.431435775756836, 8.725770235061646, 11.017839384078979, 13.306819915771484, 15.599050521850586, 17.873869848251342, 20.17520065307617, 22.456549644470215, 24.753564023971556, 27.05291590690613, 29.351104307174683, 31.666300964355468, 33.962134218215944, 36.265115642547606, 38.56885743141174, 40.874840927124026, 43.17849855422973, 45.4799907207489, 47.81867508888244, 50.12230825424194, 52.446833276748656, 54.752431106567386, 57.082302761077884, 59.383993005752565, 61.68867030143738, 63.99038662910461, 66.29186334609986, 68.58396677970886, 70.8838879108429, 73.19188771247863, 75.48687882423401, 77.79946031570435, 80.11386041641235, 82.41960501670837, 84.71574935913085, 87.026056432724, 89.33812193870544, 91.65691742897033, 93.97680673599243, 96.27176008224487, 98.56905298233032, 100.85819005966187, 103.16140727996826, 105.43956923484802, 107.76536679267883, 110.07501521110535, 112.37893691062928, 114.69232378005981], "fwd_val": [18.968588044908312, 4.79713643391927, 2.4291956583658854, 1.5947579701741534, 1.5800504790412055, 1.7564379374186199, 1.2433445082770453, 1.1025033315022785, 0.9931390709347194, 1.0098202705383301, 1.0823763953314887, 1.8148989465501575, 2.071447727415297, 1.0586937798394098, 3.267218579186334, 2.758210796780056, 0.7657484160529242, 0.7955649375915528, 1.0026154094272193, 0.7437038686540391, 0.6637590885162353, 0.8256234116024441, 0.6546354081895617, 0.6614911132388644, 0.7201585928599039, 0.886462508307563, 0.7168762736850315, 0.5937968571980795, 0.5913970152537028, 0.6012648052639431, 0.5807451619042291, 0.5103831556108263, 0.5121349334716797, 0.4634485668606228, 0.4832639641231961, 0.46178710725572375, 0.4726331604851617, 0.44738895363277864, 0.5054221630096436, 0.5581996281941731, 0.42554490831163194, 0.6662737104627822, 0.36049477789137097, 0.42238223287794324, 0.4269459830390083, 0.3567124817106459, 0.323237853580051, 0.5991874641842312, 0.33128853374057343, 0.33205266528659394], "testAccuracy": [0.05574159324169159, 0.061802301555871964, 0.05473887175321579, 0.05400043725967407, 0.05417175218462944, 0.05015554651618004, 0.054213691502809525, 0.05250466614961624, 0.04936676099896431, 0.05302636697888374, 0.04981408640742302, 0.050472233444452286, 0.053687769919633865, 0.053177449852228165, 0.05249401181936264], "testStd": [0.0, 0.0, 0.0, 0.0, 0.0, 0.0, 0.0, 0.0, 0.0, 0.0, 0.0, 0.0, 0.0, 0.0, 0.0]}}}}