{"unit_circle_mse-none": {"gaussianElement": {"1e0": {"loss": [1.8086867196219305, 1.9466578892299105, 1.7617738269624255, 1.7565381731305802, 1.7351689656575524, 1.721869259788876, 1.7010829380580357, 1.6815008980887278, 1.6608604431152343, 1.6458093189057847, 1.6216657911028183, 1.591360782441639, 1.6247690109979538, 1.5359819684709821, 1.4812987009684246, 1.4851600646972654, 1.452121117001488, 1.6420086633591424, 1.5598392304920015, 1.6050897870744976, 1.413448188418434, 1.3913112640380858, 1.3950386229015534, 1.36265990847633, 1.3470297858828588, 1.339666929699126, 1.386397443498884, 1.4386835370744977, 1.3453185671851748, 1.3756409418015252, 1.3613950820196243, 1.3772918882824126, 1.3335108439127603, 1.3735031672886442, 1.4073516300746374, 1.418469020298549, 1.3753180912562777, 1.3693352835518973, 1.3973976680210658, 1.3804159255254838, 1.3687035696847099, 1.4094408671061198, 1.435200972784133, 1.4180816105433873, 1.3972649710518974, 1.4101834433419362, 1.3921174367268878, 1.4477449689592634, 1.3964989071800595, 1.3912046341668993], "iden": [0.0, 0.0, 0.0, 0.0, 0.0, 0.0, 0.0, 0.0, 0.0, 0.0, 0.0, 0.0, 0.0, 0.0, 0.0, 0.0, 0.0, 0.0, 0.0, 0.0, 0.0, 0.0, 0.0, 0.0, 0.0, 0.0, 0.0, 0.0, 0.0, 0.0, 0.0, 0.0, 0.0, 0.0, 0.0, 0.0, 0.0, 0.0, 0.0, 0.0, 0.0, 0.0, 0.0, 0.0, 0.0, 0.0, 0.0, 0.0, 0.0, 0.0], "fwd": [0.8563057854062036, 0.9942769550141835, 0.8093928382510229, 0.804157238914853, 0.7827879587809244, 0.7694883164905366, 0.7487019765944708, 0.7291199275425502, 0.7084795179821196, 0.6934284119378953, 0.6692848387218657, 0.6389798754737491, 0.672388067699614, 0.5836010615030924, 0.5289177667526971, 0.5327791213989258, 0.49974017370314827, 0.6896276746477399, 0.6074582690284366, 0.6527088165283204, 0.4610672178722564, 0.43893032982235863, 0.44265767960321334, 0.41027897426060267, 0.3946488562084379, 0.3872860136486235, 0.4340165002005441, 0.4863025574457079, 0.39293758755638486, 0.42326000304449174, 0.4090141387212844, 0.42491094044276645, 0.381129891531808, 0.4211221967424665, 0.4549706686110723, 0.46608804066975906, 0.422937147957938, 0.41695429484049473, 0.4450167292640323, 0.42803492319016234, 0.4163226218450637, 0.4570599101838611, 0.4828200385684058, 0.4657006672450475, 0.44488396417526976, 0.45780248187837147, 0.4397364843459356, 0.495363948458717, 0.4441179320925758, 0.4388237090337844], "bwd": [0.0, 0.0, 0.0, 0.0, 0.0, 0.0, 0.0, 0.0, 0.0, 0.0, 0.0, 0.0, 0.0, 0.0, 0.0, 0.0, 0.0, 0.0, 0.0, 0.0, 0.0, 0.0, 0.0, 0.0, 0.0, 0.0, 0.0, 0.0, 0.0, 0.0, 0.0, 0.0, 0.0, 0.0, 0.0, 0.0, 0.0, 0.0, 0.0, 0.0, 0.0, 0.0, 0.0, 0.0, 0.0, 0.0, 0.0, 0.0, 0.0, 0.0], "cons": [0.0, 0.0, 0.0, 0.0, 0.0, 0.0, 0.0, 0.0, 0.0, 0.0, 0.0, 0.0, 0.0, 0.0, 0.0, 0.0, 0.0, 0.0, 0.0, 0.0, 0.0, 0.0, 0.0, 0.0, 0.0, 0.0, 0.0, 0.0, 0.0, 0.0, 0.0, 0.0, 0.0, 0.0, 0.0, 0.0, 0.0, 0.0, 0.0, 0.0, 0.0, 0.0, 0.0, 0.0, 0.0, 0.0, 0.0, 0.0, 0.0, 0.0], "eigen": [0.9523809523809523, 0.9523809523809523, 0.9523809523809523, 0.9523809523809523, 0.9523809523809523, 0.9523809523809523, 0.9523809523809523, 0.9523809523809523, 0.9523809523809523, 0.9523809523809523, 0.9523809523809523, 0.9523809523809523, 0.9523809523809523, 0.9523809523809523, 0.9523809523809523, 0.9523809523809523, 0.9523809523809523, 0.9523809523809523, 0.9523809523809523, 0.9523809523809523, 0.9523809523809523, 0.9523809523809523, 0.9523809523809523, 0.9523809523809523, 0.9523809523809523, 0.9523809523809523, 0.9523809523809523, 0.9523809523809523, 0.9523809523809523, 0.9523809523809523, 0.9523809523809523, 0.9523809523809523, 0.9523809523809523, 0.9523809523809523, 0.9523809523809523, 0.9523809523809523, 0.9523809523809523, 0.9523809523809523, 0.9523809523809523, 0.9523809523809523, 0.9523809523809523, 0.9523809523809523, 0.9523809523809523, 0.9523809523809523, 0.9523809523809523, 0.9523809523809523, 0.9523809523809523, 0.9523809523809523, 0.9523809523809523, 0.9523809523809523], "time": [2.162746620178223, 4.543779420852661, 6.840753030776978, 9.125864839553833, 11.413433408737182, 13.719837760925293, 16.0216495513916, 18.31358423233032, 20.61770615577698, 22.941122484207153, 25.23508882522583, 27.541528367996214, 29.84858555793762, 32.14372134208679, 34.444942998886106, 36.74817099571228, 39.051965665817264, 41.358103132247926, 43.66904268264771, 45.98545341491699, 48.271851778030396, 50.57171540260315, 52.85098090171814, 55.1484787940979, 57.41193385124207, 59.74729313850403, 62.02984185218811, 64.3186731338501, 66.5879343509674, 68.87629976272584, 71.18602743148804, 73.46847329139709, 75.74868850708008, 78.02613878250122, 80.30565896034241, 82.5809163093567, 84.88192195892334, 87.15117449760437, 89.43209409713745, 91.69920573234558, 93.98913769721985, 96.25206384658813, 98.51875276565552, 100.79300904273987, 103.07637915611267, 105.35789446830749, 107.6376983165741, 109.9187105178833, 112.20251116752624, 114.48684859275818], "fwd_val": [3.4561244116889105, 2.457737265692817, 2.422189882066515, 2.330142508612739, 2.273520236545139, 2.1816628350151905, 2.078996276855469, 1.9741872575547958, 1.8377757178412544, 1.7287875493367515, 1.7516054047478569, 1.7900520960489907, 1.5528728697035048, 1.2094795650906032, 1.051396878560384, 0.784442276424832, 1.6355226887596976, 0.6140359242757162, 2.36234761344062, 0.7895396338568794, 0.6053293969896104, 0.710405667622884, 0.4697839313083225, 0.43470831712086994, 0.3442487504747179, 0.3446997404098511, 0.9435189406077067, 0.3410750071207682, 0.4880989339616564, 0.3269972854190403, 0.7436411963568794, 0.24344583352406818, 0.5445555528004965, 0.3732583416832818, 0.8282791879442003, 0.4774898211161295, 0.4259575896792942, 0.5080954922570122, 0.6649210241105822, 0.41973742908901635, 0.5245482126871746, 0.7167423592673408, 0.8061989095475939, 0.5462918228573269, 0.6017771588431464, 0.7580056402418349, 0.5990288734436036, 0.7819822576310901, 0.39276511669158937, 0.7161842346191406], "testAccuracy": [0.06461109966039658, 0.10342443734407425, 0.1321234554052353, 0.16638055443763733, 0.19950255751609802, 0.2532477080821991, 0.3151301443576813, 0.3729885220527649, 0.42398691177368164, 0.4631878733634949, 0.49417823553085327, 0.5187740325927734, 0.5371414422988892, 0.5419435501098633, 0.5421441793441772], "testStd": [0.0, 0.0, 0.0, 0.0, 0.0, 0.0, 0.0, 0.0, 0.0, 0.0, 0.0, 0.0, 0.0, 0.0, 0.0]}}}}