{"none": {"gaussianElement": {"1e0": {"loss": [2.0415673028855097, 2.0844490414574035, 1.9819527883378285, 1.9765448191809274, 1.9421837821839347, 1.925635262141152, 1.9079772101508248, 1.9081192622109064, 1.8862328302292595, 1.8728699457077755, 1.8579937162853424, 1.8517117575993616, 1.8320822337317086, 1.8142493111746651, 1.796195802234468, 1.778384556846013, 1.7607586573040674, 1.750753856840588, 1.713924831814236, 1.6974932352701824, 1.6721021864149304, 1.648242466033451, 1.6553710453093997, 1.612284645201668, 1.6182806226942272, 1.583257099938771, 1.5693714807903956, 1.5638478597005208, 1.5539007641020275, 1.5613804771786643, 1.5626445346408422, 1.562070816282242, 1.569762759738498, 1.5548310052780876, 1.5578195481073287, 1.5571917579287575, 1.5567672971695188, 1.555196792360336, 1.556927514454675, 1.5534252590603297, 1.5539197770376054, 1.5543728783017112, 1.5546582539876301, 1.557113223605686, 1.555424281529018, 1.551138196672712, 1.55115478757828, 1.5514491247752356, 1.563567873031374, 1.5589862399631078], "iden": [0.0, 0.0, 0.0, 0.0, 0.0, 0.0, 0.0, 0.0, 0.0, 0.0, 0.0, 0.0, 0.0, 0.0, 0.0, 0.0, 0.0, 0.0, 0.0, 0.0, 0.0, 0.0, 0.0, 0.0, 0.0, 0.0, 0.0, 0.0, 0.0, 0.0, 0.0, 0.0, 0.0, 0.0, 0.0, 0.0, 0.0, 0.0, 0.0, 0.0, 0.0, 0.0, 0.0, 0.0, 0.0, 0.0, 0.0, 0.0, 0.0, 0.0], "fwd": [0.8510910518585689, 0.8939728207058377, 0.7914767189631386, 0.786068628704737, 0.7517076068454319, 0.7351591322157117, 0.717500959123884, 0.717643041459341, 0.6957567608545697, 0.6823936946808346, 0.6675174652584016, 0.6612355671231709, 0.6416061038062687, 0.6237730601477245, 0.60571959662059, 0.5879083512321351, 0.5702824819655645, 0.5602776966397724, 0.523448626200358, 0.5070170750693669, 0.48162604135180276, 0.4577663058326358, 0.4648947488693964, 0.42180848500085255, 0.4278044170803494, 0.3927808640495179, 0.3788953130207364, 0.37337159353589255, 0.3634245963323684, 0.37090427913363017, 0.3721682836139013, 0.37159467121911427, 0.3792865995376829, 0.36435476938883465, 0.36734337276882595, 0.3667156507098486, 0.36629109155564077, 0.36472060188414557, 0.3664513996669225, 0.3629490004645453, 0.36344358656141496, 0.3638966197059268, 0.3641820786491274, 0.3666370255606515, 0.3649480910528274, 0.36066200619652156, 0.360678581964402, 0.3609728661794511, 0.37309171283055864, 0.36851011760651115], "bwd": [0.0, 0.0, 0.0, 0.0, 0.0, 0.0, 0.0, 0.0, 0.0, 0.0, 0.0, 0.0, 0.0, 0.0, 0.0, 0.0, 0.0, 0.0, 0.0, 0.0, 0.0, 0.0, 0.0, 0.0, 0.0, 0.0, 0.0, 0.0, 0.0, 0.0, 0.0, 0.0, 0.0, 0.0, 0.0, 0.0, 0.0, 0.0, 0.0, 0.0, 0.0, 0.0, 0.0, 0.0, 0.0, 0.0, 0.0, 0.0, 0.0, 0.0], "cons": [0.0, 0.0, 0.0, 0.0, 0.0, 0.0, 0.0, 0.0, 0.0, 0.0, 0.0, 0.0, 0.0, 0.0, 0.0, 0.0, 0.0, 0.0, 0.0, 0.0, 0.0, 0.0, 0.0, 0.0, 0.0, 0.0, 0.0, 0.0, 0.0, 0.0, 0.0, 0.0, 0.0, 0.0, 0.0, 0.0, 0.0, 0.0, 0.0, 0.0, 0.0, 0.0, 0.0, 0.0, 0.0, 0.0, 0.0, 0.0, 0.0, 0.0], "eigen": [1.1904761904761905, 1.1904761904761905, 1.1904761904761905, 1.1904761904761905, 1.1904761904761905, 1.1904761904761905, 1.1904761904761905, 1.1904761904761905, 1.1904761904761905, 1.1904761904761905, 1.1904761904761905, 1.1904761904761905, 1.1904761904761905, 1.1904761904761905, 1.1904761904761905, 1.1904761904761905, 1.1904761904761905, 1.1904761904761905, 1.1904761904761905, 1.1904761904761905, 1.1904761904761905, 1.1904761904761905, 1.1904761904761905, 1.1904761904761905, 1.1904761904761905, 1.1904761904761905, 1.1904761904761905, 1.1904761904761905, 1.1904761904761905, 1.1904761904761905, 1.1904761904761905, 1.1904761904761905, 1.1904761904761905, 1.1904761904761905, 1.1904761904761905, 1.1904761904761905, 1.1904761904761905, 1.1904761904761905, 1.1904761904761905, 1.1904761904761905, 1.1904761904761905, 1.1904761904761905, 1.1904761904761905, 1.1904761904761905, 1.1904761904761905, 1.1904761904761905, 1.1904761904761905, 1.1904761904761905, 1.1904761904761905, 1.1904761904761905], "time": [2.412806590398153, 4.9572092692057295, 7.313523928324382, 9.67491602897644, 12.041638851165771, 14.402146975199381, 16.769899288813274, 19.12266167004903, 21.4881378809611, 23.84242868423462, 26.196984608968098, 28.558950742085774, 30.914650599161785, 33.27583336830139, 35.632632891337074, 38.012500842412315, 40.38727513949076, 42.761837800343834, 45.132899045944214, 47.512810389200844, 49.89423783620199, 52.25378259023031, 54.61983060836792, 56.98395284016927, 59.354862213134766, 61.7317750453949, 64.107328971227, 66.47070423762004, 68.8512954711914, 71.2168939113617, 73.582346757253, 75.94591482480367, 78.3146669069926, 80.6818979581197, 83.04494222005208, 85.42279275258382, 87.79218300183614, 90.15217129389445, 92.51894585291545, 94.89057230949402, 97.26520744959514, 99.63286423683167, 101.98518657684326, 104.3692216873169, 106.76169673601787, 109.14168341954549, 111.50899974505107, 113.88284436861674, 116.25873510042827, 118.6360293229421], "fwd_val": [2.80921385023329, 2.468945538556134, 2.3203683782506874, 2.192614378752532, 2.1021850727222584, 2.0067514490198204, 1.9860079023573134, 1.915625607525861, 1.8355997933281794, 1.7717950608995228, 1.7374213536580403, 1.660604335643627, 1.5515566225405093, 1.4716420350251374, 1.3762585675274883, 1.2973832024468317, 1.2523054193567347, 1.0694633766456887, 0.978560836226852, 0.8408905665079752, 0.7292428899694373, 0.6364600746719925, 0.53701529679475, 0.4541592068142361, 0.3528097823814109, 0.31271833843655056, 0.2611340681711833, 0.2303608523474799, 0.25034483715339945, 0.24571236416145606, 0.23782995895103168, 0.2928716739018758, 0.22799859223542387, 0.22931193863904034, 0.20845552727028174, 0.21848647682755082, 0.2032548189163208, 0.20126899083455405, 0.1983996850472909, 0.19843664875736944, 0.2028196122911241, 0.20369813177320695, 0.1929074481681541, 0.21673342475184687, 0.1889141047442401, 0.19446726640065512, 0.19172232239334672, 0.22014288107554117, 0.23385067780812582, 0.19668274014084428], "testAccuracy": [0.08766693621873856, 0.06674609333276749, 0.09340298175811768, 0.05163368582725525, 0.05477968975901604, 0.05422903969883919, 0.055142592638731, 0.053246356546878815, 0.052771106362342834, 0.051831070333719254, 0.05178188905119896, 0.05199170857667923, 0.05198149010539055, 0.05331069231033325, 0.051778990775346756], "testStd": [0.0, 0.0, 0.0, 0.0, 0.0, 0.0, 0.0, 0.0, 0.0, 0.0, 0.0, 0.0, 0.0, 0.0, 0.0]}}, "spikeAndSlabVeryLarge": {"1e0": {"loss": [21.53617725675068, 9.277455042278955, 1.9812674143957711, 1.7389061337425595, 1.7558484758649555, 1.7555474780854725, 1.6503515697660902, 1.6698306855701268, 1.6777554466610864, 1.6701574174184648, 1.6423915075877356, 1.6418419489784846, 1.641237591940259, 1.6363679795038133, 1.5949664040217322, 1.6121387784443204, 1.6773127601260232, 1.602048783075242, 1.5885149032350572, 1.5952604990156871, 1.5795619904048859, 1.5835748702760728, 1.6133345346602184, 1.571696569049169, 1.5817631312779017, 1.6844605945405506, 1.6960099840921068, 1.6174258277529763, 1.581001523941282, 1.581178998190259, 1.5921902732243616, 1.5762438092912945, 1.56732413882301, 1.55831055414109, 1.5544773283458893, 1.570193336123512, 1.5749738178555928, 1.5612833537752664, 1.5451390705411396, 1.5551643977089533, 1.552776397220672, 1.5558272467719183, 1.5565621512276786, 1.562395731608073, 1.5653777955070376, 1.5583606296115453, 1.5928288414364768, 1.5636585175044952, 1.5683259509858631, 1.560040791829427], "iden": [0.0, 0.0, 0.0, 0.0, 0.0, 0.0, 0.0, 0.0, 0.0, 0.0, 0.0, 0.0, 0.0, 0.0, 0.0, 0.0, 0.0, 0.0, 0.0, 0.0, 0.0, 0.0, 0.0, 0.0, 0.0, 0.0, 0.0, 0.0, 0.0, 0.0, 0.0, 0.0, 0.0, 0.0, 0.0, 0.0, 0.0, 0.0, 0.0, 0.0, 0.0, 0.0, 0.0, 0.0, 0.0, 0.0, 0.0, 0.0, 0.0, 0.0],