{"none": {"gaussianElement": {"1e0": {"loss": [2.0481954907614086, 2.120124756343781, 1.9993328518337672, 1.9870821029420884, 1.9808833409869482, 1.954749273875403, 1.9322690812368242, 1.906351059202164, 1.886528499542721, 1.8457992795913938, 1.834818824889168, 1.7756794520786832, 1.735430399576823, 1.6988275921533977, 1.7592239985390314, 1.7756614685058594, 1.6657771155947732, 1.6500114562019472, 1.6161319187709262, 1.613009013826885, 1.6004742819165427, 1.5843174646771143, 1.7544435773577007, 1.641683608766586, 1.5752002776615204, 1.6196487668960813, 1.6850834801083518, 1.6005084325396826, 1.6126782856290305, 1.7088197980608257, 2.034930032397073, 1.6756117684500555, 1.6869789002433657, 1.5890499296642486, 1.5932864234561013, 1.5981949700249565, 1.607421632796999, 1.6232618907141305, 1.5939229934934585, 1.6538219754658048, 1.5958936782110307, 1.6183601258293032, 1.5854639931330603, 1.701204390752883, 1.7087998768639945, 1.584749312627883, 1.63520261976454, 1.6767143370613218, 1.650410909501333, 1.6786141774011039], "iden": [0.0, 0.0, 0.0, 0.0, 0.0, 0.0, 0.0, 0.0, 0.0, 0.0, 0.0, 0.0, 0.0, 0.0, 0.0, 0.0, 0.0, 0.0, 0.0, 0.0, 0.0, 0.0, 0.0, 0.0, 0.0, 0.0, 0.0, 0.0, 0.0, 0.0, 0.0, 0.0, 0.0, 0.0, 0.0, 0.0, 0.0, 0.0, 0.0, 0.0, 0.0, 0.0, 0.0, 0.0, 0.0, 0.0, 0.0, 0.0, 0.0, 0.0], "fwd": [0.8577193002852183, 0.9296485658675904, 0.8088566916329519, 0.7966059427412729, 0.7904071505107577, 0.7642730077107748, 0.7417928907606336, 0.7158748990013487, 0.696052354479593, 0.655323104252891, 0.6443426041376022, 0.5852032313271175, 0.5449542091006324, 0.5083513865395198, 0.568747808062841, 0.5851852931673565, 0.47530092511858263, 0.4595352051750062, 0.42565584939623635, 0.42253280821300687, 0.40999810657803976, 0.3938413347516741, 0.5639673868815104, 0.45120741829039557, 0.3847241477360801, 0.42917259155757836, 0.494607304769849, 0.41003225720117964, 0.4222021254282149, 0.5183436075846354, 0.8444539251781645, 0.4851355476984902, 0.4965026492164249, 0.39857378460112075, 0.40281023297991075, 0.4077187417045472, 0.4169454120454334, 0.4327857153756278, 0.40344683329264325, 0.46334581526498947, 0.4054175028725276, 0.42788398076617523, 0.3949877193995885, 0.5107281624324739, 0.5183237469385541, 0.3942731751335992, 0.4447265049767873, 0.4862381768605066, 0.45993480985126795, 0.48813791880531915], "bwd": [0.0, 0.0, 0.0, 0.0, 0.0, 0.0, 0.0, 0.0, 0.0, 0.0, 0.0, 0.0, 0.0, 0.0, 0.0, 0.0, 0.0, 0.0, 0.0, 0.0, 0.0, 0.0, 0.0, 0.0, 0.0, 0.0, 0.0, 0.0, 0.0, 0.0, 0.0, 0.0, 0.0, 0.0, 0.0, 0.0, 0.0, 0.0, 0.0, 0.0, 0.0, 0.0, 0.0, 0.0, 0.0, 0.0, 0.0, 0.0, 0.0, 0.0], "cons": [0.0, 0.0, 0.0, 0.0, 0.0, 0.0, 0.0, 0.0, 0.0, 0.0, 0.0, 0.0, 0.0, 0.0, 0.0, 0.0, 0.0, 0.0, 0.0, 0.0, 0.0, 0.0, 0.0, 0.0, 0.0, 0.0, 0.0, 0.0, 0.0, 0.0, 0.0, 0.0, 0.0, 0.0, 0.0, 0.0, 0.0, 0.0, 0.0, 0.0, 0.0, 0.0, 0.0, 0.0, 0.0, 0.0, 0.0, 0.0, 0.0, 0.0], "eigen": [1.1904761904761905, 1.1904761904761905, 1.1904761904761905, 1.1904761904761905, 1.1904761904761905, 1.1904761904761905, 1.1904761904761905, 1.1904761904761905, 1.1904761904761905, 1.1904761904761905, 1.1904761904761905, 1.1904761904761905, 1.1904761904761905, 1.1904761904761905, 1.1904761904761905, 1.1904761904761905, 1.1904761904761905, 1.1904761904761905, 1.1904761904761905, 1.1904761904761905, 1.1904761904761905, 1.1904761904761905, 1.1904761904761905, 1.1904761904761905, 1.1904761904761905, 1.1904761904761905, 1.1904761904761905, 1.1904761904761905, 1.1904761904761905, 1.1904761904761905, 1.1904761904761905, 1.1904761904761905, 1.1904761904761905, 1.1904761904761905, 1.1904761904761905, 1.1904761904761905, 1.1904761904761905, 1.1904761904761905, 1.1904761904761905, 1.1904761904761905, 1.1904761904761905, 1.1904761904761905, 1.1904761904761905, 1.1904761904761905, 1.1904761904761905, 1.1904761904761905, 1.1904761904761905, 1.1904761904761905, 1.1904761904761905, 1.1904761904761905], "time": [2.5145209630330405, 5.075107574462891, 7.454508860905965, 9.828510681788126, 12.20970622698466, 14.586523056030273, 16.95856761932373, 19.348418553670246, 21.729484796524048, 24.10682972272237, 26.48062515258789, 28.870399872461956, 31.246593634287517, 33.627281665802, 35.99298175175985, 38.38267739613851, 40.75749317804972, 43.12467439969381, 45.51492484410604, 47.9471632639567, 50.33157396316528, 52.724422772725426, 55.111691315968834, 57.50295845667521, 59.896075089772545, 62.26767706871033, 64.63820425669353, 67.00761246681213, 69.39004961649577, 71.7771696249644, 74.16855343182881, 76.54923486709595, 78.93837094306946, 81.3335075378418, 83.72255412737529, 86.11887923876445, 88.50288478533427, 90.8923720518748, 93.27482597033183, 95.65651694933574, 98.0503915945689, 100.45773474375407, 102.8451960881551, 105.25404453277588, 107.63799381256104, 110.00623893737793, 112.39541006088257, 114.7782260576884, 117.16446367899577, 119.54540769259135], "fwd_val": [3.091198320742006, 2.44425215544524, 2.353039776837384, 2.3858713220666954, 2.2516567795364946, 2.1478886780915434, 2.0288314819335938, 1.8965918223063152, 1.7313193568476926, 1.6736004440872758, 1.3338535803335685, 1.2056782333939162, 0.9417089532922814, 1.2065119919953522, 1.2532065003006547, 1.0706711610158284, 0.7625234921773275, 0.5772915416293674, 0.6044595153243454, 0.5777810061419452, 0.37531829763341834, 0.4800578576547128, 0.754385859877975, 0.37118607980233653, 0.282475506817853, 1.0717368479128238, 0.3406920962863498, 0.4518436325920953, 0.4523490976404261, 2.7576711177825928, 0.8880951934390597, 0.9917781088087295, 0.42303018216733584, 0.43898431018546774, 0.32784363958570695, 0.46403848683392557, 0.5812951017309119, 0.2887264445975975, 0.6619021186122188, 0.4141771351849591, 0.5425545197946054, 0.4156692734471074, 0.6720345108597368, 1.1479984036198367, 0.34722669036300097, 0.47002659903632277, 0.9497992904097945, 0.615326757784243, 1.0526807661409732, 0.26523953013949925], "testAccuracy": [0.062001291662454605, 0.05796440690755844, 0.057501889765262604, 0.05890188366174698, 0.05919385328888893, 0.06106754392385483, 0.06350450962781906, 0.0679931566119194, 0.07169214636087418, 0.07689552009105682, 0.08563359081745148, 0.08935040235519409, 0.09538143128156662, 0.10444357991218567, 0.11140286922454834], "testStd": [0.0, 0.0, 0.0, 0.0, 0.0, 0.0, 0.0, 0.0, 0.0, 0.0, 0.0, 0.0, 0.0, 0.0, 0.0]}}, "spikeAndSlabVeryLarge": {"1e0": {"loss": [377.05299692305306, 2133.5219765314982, 429.8947531079489, 158.94022308834016, 11.347520071362693, 5.294459448920356, 3.836570497543093, 2.538538736010355, 2.1849136352539062, 1.951344505188957, 1.9556524488661025, 1.8842414371551028, 1.7866069854251923, 1.8989390418643044, 1.9089853195917037, 2.043540227980841, 1.8023530263749379, 1.6962590293278772, 1.6805687556191096, 1.8423002939375621, 2.2024620298355346, 1.742069123283265, 1.7712706308516246, 1.6424371023026725, 1.612521519736638, 1.6451070876348588, 1.6260633317251054, 1.6335474044557603, 1.6073589627704923, 1.600343007890005, 1.579047066824777, 1.6876708136664496, 1.5996374099973647, 1.5994627210828993, 1.5853504604763453, 1.6250232514880951, 1.5854123433430989, 1.5871690417092943, 1.5824392409551713, 1.5806370084247892, 1.7306660848950584, 1.6128330533466642, 1.5941409761943515, 1.5773197355724518, 1.5749112083798362, 1.5754768734886533, 1.5792769780234686, 2.1558651394314237, 2.5286976042247953, 1.7609647115071614], "iden": [0.0, 0.0, 0.0, 0.0, 0.0, 0.0, 0.0, 0.0, 0.0, 0.0, 0.0, 0.0, 0.0, 0.0, 0.0, 0.0, 0.0, 0.0, 0.0, 0.0, 0.0, 0.0, 0.0, 0.0, 0.0, 0.0, 0.0, 0.0, 0.0, 0.0, 0.0, 0.0, 0.0, 0.0, 0.0, 0.0, 0.0, 0.0, 0.0, 0.0, 0.0, 0.0, 0.0, 0.0, 0.0, 0.0, 0.0, 0.0, 0.0, 0.0],