{"none": {"gaussianElement": {"1e0": {"loss": [2.1903223855154854, 2.2832875206356955, 1.9531898316882903, 1.9444451468331472, 1.927702894664946, 1.9037210010346914, 1.9882217588878817, 1.8926832289922804, 1.9230461120605469, 1.9399754115513392, 2.4453199477422807, 1.8520948864164808, 1.8281483241489955, 1.831492378598168, 1.8198328835623605, 1.8106099991571338, 1.8011292048863006, 1.797882152739025, 1.7743052164713542, 1.7690721602666943, 1.7789482116699218, 1.7494012196858724, 1.7365657988048735, 1.7148719424293155, 1.7368324824741908, 1.7533321562267485, 1.6827570234026226, 1.7189687274751209, 1.685355994814918, 1.6585511525472003, 1.653449939546131, 1.649360111781529, 1.6335306076776412, 1.6309067680722191, 1.6239100138346356, 1.6272595905122305, 1.6052252633231023, 1.6146334511893137, 1.602401624407087, 1.6039594922746931, 1.5982431139264788, 1.6066702524820964, 1.6021309262230286, 1.5873178391229539, 1.5986439841134208, 1.586519477480934, 1.589790271577381, 1.5913251604352678, 1.581069691975911, 1.5845595768519807], "iden": [0.0, 0.0, 0.0, 0.0, 0.0, 0.0, 0.0, 0.0, 0.0, 0.0, 0.0, 0.0, 0.0, 0.0, 0.0, 0.0, 0.0, 0.0, 0.0, 0.0, 0.0, 0.0, 0.0, 0.0, 0.0, 0.0, 0.0, 0.0, 0.0, 0.0, 0.0, 0.0, 0.0, 0.0, 0.0, 0.0, 0.0, 0.0, 0.0, 0.0, 0.0, 0.0, 0.0, 0.0, 0.0, 0.0, 0.0, 0.0, 0.0, 0.0], "fwd": [0.9998462222871327, 1.092811330159505, 0.7627136457534063, 0.7539689699808757, 0.7372266814822241, 0.7132447742280507, 0.7977456365312848, 0.7022070703052339, 0.7325699624561128, 0.7494991938273113, 1.2548437481834775, 0.6616186459859212, 0.6376721518380302, 0.6410162017458961, 0.6293566749209449, 0.6201338359287807, 0.6106530144101098, 0.6074059713454474, 0.58382903053647, 0.5785959652491979, 0.5884719757806687, 0.5589250155857631, 0.5460895901634579, 0.5243957383292062, 0.5463563464936756, 0.5628559884570894, 0.49228084200904487, 0.5284925006684802, 0.49487979525611514, 0.46807499386015394, 0.4629737672351656, 0.45888393492925744, 0.44305437632969447, 0.44043058440798805, 0.43343382335844494, 0.43678342274257115, 0.41474911598932174, 0.4241572357359387, 0.4119254702613467, 0.41348332677568705, 0.4077668962024507, 0.41619408925374357, 0.4116547380174909, 0.39684163956415086, 0.4081677936372303, 0.3960432665688651, 0.3993140629359654, 0.4008489495231992, 0.3905935060410272, 0.3940833977290562], "bwd": [0.0, 0.0, 0.0, 0.0, 0.0, 0.0, 0.0, 0.0, 0.0, 0.0, 0.0, 0.0, 0.0, 0.0, 0.0, 0.0, 0.0, 0.0, 0.0, 0.0, 0.0, 0.0, 0.0, 0.0, 0.0, 0.0, 0.0, 0.0, 0.0, 0.0, 0.0, 0.0, 0.0, 0.0, 0.0, 0.0, 0.0, 0.0, 0.0, 0.0, 0.0, 0.0, 0.0, 0.0, 0.0, 0.0, 0.0, 0.0, 0.0, 0.0], "cons": [0.0, 0.0, 0.0, 0.0, 0.0, 0.0, 0.0, 0.0, 0.0, 0.0, 0.0, 0.0, 0.0, 0.0, 0.0, 0.0, 0.0, 0.0, 0.0, 0.0, 0.0, 0.0, 0.0, 0.0, 0.0, 0.0, 0.0, 0.0, 0.0, 0.0, 0.0, 0.0, 0.0, 0.0, 0.0, 0.0, 0.0, 0.0, 0.0, 0.0, 0.0, 0.0, 0.0, 0.0, 0.0, 0.0, 0.0, 0.0, 0.0, 0.0], "eigen": [1.1904761904761902, 1.1904761904761902, 1.1904761904761902, 1.1904761904761902, 1.1904761904761902, 1.1904761904761902, 1.1904761904761902, 1.1904761904761902, 1.1904761904761902, 1.1904761904761902, 1.1904761904761902, 1.1904761904761902, 1.1904761904761902, 1.1904761904761902, 1.1904761904761902, 1.1904761904761902, 1.1904761904761902, 1.1904761904761902, 1.1904761904761902, 1.1904761904761902, 1.1904761904761902, 1.1904761904761902, 1.1904761904761902, 1.1904761904761902, 1.1904761904761902, 1.1904761904761902, 1.1904761904761902, 1.1904761904761902, 1.1904761904761902, 1.1904761904761902, 1.1904761904761902, 1.1904761904761902, 1.1904761904761902, 1.1904761904761902, 1.1904761904761902, 1.1904761904761902, 1.1904761904761902, 1.1904761904761902, 1.1904761904761902, 1.1904761904761902, 1.1904761904761902, 1.1904761904761902, 1.1904761904761902, 1.1904761904761902, 1.1904761904761902, 1.1904761904761902, 1.1904761904761902, 1.1904761904761902, 1.1904761904761902, 1.1904761904761902], "time": [1.8576860904693604, 4.258048820495605, 6.655256605148315, 9.057854700088502, 11.472013688087463, 13.89315664768219, 16.29542577266693, 18.700794434547426, 21.115837931632996, 23.519317531585692, 25.922589802742003, 28.32869725227356, 30.733530974388124, 33.134531712532045, 35.53942513465881, 37.94137809276581, 40.347762537002566, 42.74947237968445, 45.153615665435794, 47.5615737915039, 49.97207319736481, 52.37832732200623, 54.77580795288086, 57.1831894159317, 59.58616924285889, 61.98736262321472, 64.38700726032258, 66.79177689552307, 69.19773461818696, 71.60132842063904, 74.00735092163086, 76.40230784416198, 78.8024950504303, 81.20878427028656, 83.61337146759033, 86.01368460655212, 88.42281441688537, 90.84314720630645, 93.24620833396912, 95.6467205286026, 98.05504546165466, 100.4598825931549, 102.86649026870728, 105.27354290485383, 107.67497580051422, 110.08839783668517, 112.49126236438751, 114.89133141040801, 117.29988718032837, 119.69727439880371], "fwd_val": [4.159516694810656, 2.208304278055827, 2.2473804473876955, 2.0444206343756783, 2.1142638312445743, 1.8245977878570556, 1.7985185941060382, 2.186954816182454, 1.7596649010976155, 3.928526782989502, 1.716320588853624, 1.5888403945498997, 1.6509123272365993, 1.5624003304375542, 1.5220209704505072, 1.4784579594930012, 1.4121391508314347, 1.354862266116672, 1.2998293956120808, 1.3749151441786025, 1.248909992641873, 1.1540846506754556, 1.0413065565956963, 0.9799857801861233, 1.205197811126709, 0.8418892992867363, 0.9611513985527885, 0.972514221403334, 0.7815397686428494, 0.6889629496468439, 0.6846131086349487, 0.6230462339189317, 0.6114135954115125, 0.5619164970186021, 0.6220999214384291, 0.4772581259409586, 0.5123710791269939, 0.47718865209155614, 0.46404597759246824, 0.4426442941029867, 0.46867762671576607, 0.4587513327598572, 0.36067310174306233, 0.4175156844986809, 0.4151111920674643, 0.3743694225947062, 0.42032838000191586, 0.41563313139809505, 0.3533125307824877, 0.3663160536024305], "testAccuracy": [0.3979523777961731, 0.20441505312919617, 0.11343368887901306, 0.07182896882295609, 0.05991223827004433, 0.05331522226333618, 0.053930848836898804, 0.05225200951099396, 0.05237293988466263, 0.06053217127919197, 0.05382625386118889, 0.05296438932418823, 0.05954928323626518, 0.058537378907203674, 0.05718008801341057], "testStd": [0.0, 0.0, 0.0, 0.0, 0.0, 0.0, 0.0, 0.0, 0.0, 0.0, 0.0, 0.0, 0.0, 0.0, 0.0]}}, "uniformEigen": {"1e0": {"loss": [2.1896732875279024, 2.2755341484433123, 1.999808484032041, 1.9020447322300502, 1.8842184884207591, 1.869098990304129, 1.8589655921572732, 1.853356225149972, 1.8377440679640997, 1.8273321060907275, 1.8283403487432568, 1.8196171533493768, 1.810301317487444, 1.7882154918852309, 1.7895646958124072, 1.7795275551932197, 1.7603459857759023, 1.7494384765625, 1.7351580846877326, 1.7344829740978427, 1.7209138234456378, 1.7050547281901043, 1.6964599609375, 1.6813816433861142, 1.6885394505092077, 1.7356635139102026, 1.6567561739966983, 1.6448236737932476, 1.6687149592808317, 1.7316160656156991, 1.637242217290969, 1.6396314348493302, 1.6206439790271578, 1.6227181207566033, 1.6208597092401411, 1.590444074358259, 1.5877548944382442, 1.5796342032296316, 1.5992487771170483, 1.5827928815569197, 1.6028941926502047, 1.5699861435663132, 1.574325434366862, 1.5745151519775393, 1.5676637558710007, 1.5863245464506603, 1.5649809882754373, 1.5661317189534505, 1.5622266860235308, 1.5646271660214377], "iden": [0.0, 0.0, 0.0, 0.0, 0.0, 0.0, 0.0, 0.0, 0.0, 0.0, 0.0, 0.0, 0.0, 0.0, 0.0, 0.0, 0.0, 0.0, 0.0, 0.0, 0.0, 0.0, 0.0, 0.0, 0.0, 0.0, 0.0, 0.0, 0.0, 0.0, 0.0, 0.0, 0.0, 0.0, 0.0, 0.0, 0.0, 0.0, 0.0, 0.0, 0.0, 0.0, 0.0, 0.0, 0.0, 0.0, 0.0, 0.0, 0.0, 0.0],