{"unit_circle_mse-none": {"gaussianElement": {"1e0": {"loss": [1.802436065673828, 1.8765227908179873, 1.7500208900088357, 1.725575183686756, 1.7075249808175226, 1.6909058707101008, 1.6726488385881695, 1.658891369047619, 1.6384597415015811, 1.6291870480492001, 1.6117291041782924, 1.597281755719866, 1.5805938357398623, 1.5645679655529203, 1.5585045224144345, 1.5308846246628536, 1.5232874189104355, 1.4990098680768695, 1.486139424641927, 1.467860394432431, 1.4408670516241164, 1.430033947172619, 1.4100259508405413, 1.3957127344040643, 1.3761099679129465, 1.3664967128208705, 1.3547889346168156, 1.3536705017089843, 1.3484813508533295, 1.3409059615362258, 1.3369180043538413, 1.3321501413981118, 1.342404083978562, 1.3341983976818266, 1.3227864583333333, 1.3188714163643973, 1.3182085854666574, 1.3247814360119048, 1.322530764625186, 1.3286911374046688, 1.3218403952462334, 1.3222814650762649, 1.3213838849748885, 1.3173221406482516, 1.3155152820405507, 1.3261237008231026, 1.315256572905041, 1.3295655386788503, 1.3187992640904018, 1.3199890318371001], "iden": [0.0, 0.0, 0.0, 0.0, 0.0, 0.0, 0.0, 0.0, 0.0, 0.0, 0.0, 0.0, 0.0, 0.0, 0.0, 0.0, 0.0, 0.0, 0.0, 0.0, 0.0, 0.0, 0.0, 0.0, 0.0, 0.0, 0.0, 0.0, 0.0, 0.0, 0.0, 0.0, 0.0, 0.0, 0.0, 0.0, 0.0, 0.0, 0.0, 0.0, 0.0, 0.0, 0.0, 0.0, 0.0, 0.0, 0.0, 0.0, 0.0, 0.0], "fwd": [0.8500551314581009, 0.9241418566022601, 0.7976399921235584, 0.7731942403884162, 0.7551440102713449, 0.7385249274117606, 0.7202678589593796, 0.7065104348318917, 0.6860787618727912, 0.6768061229160853, 0.6593482153756278, 0.6449007670084635, 0.6282128924415226, 0.6121869677589054, 0.6061235791160947, 0.5785037086123511, 0.570906502859933, 0.5466289701915923, 0.5337584631783622, 0.5154794148036411, 0.4884861355736142, 0.4776530129568918, 0.45764499845958895, 0.4433317911057245, 0.42372901553199405, 0.41411577860514315, 0.40240799131847566, 0.40128953116280697, 0.3961004211789086, 0.38852502277919226, 0.3845370338076637, 0.3797691980997721, 0.39002313613891604, 0.3818174135117304, 0.37040552411760597, 0.36649043673560733, 0.3658276240030925, 0.37240049271356496, 0.3701498077029274, 0.37631022589547286, 0.3694594383239746, 0.36990051723661876, 0.36900295530046734, 0.3649411928086054, 0.36313427970522927, 0.37374274390084405, 0.3628756296067011, 0.37718460900442946, 0.3664182844616118, 0.3676080658322289], "bwd": [0.0, 0.0, 0.0, 0.0, 0.0, 0.0, 0.0, 0.0, 0.0, 0.0, 0.0, 0.0, 0.0, 0.0, 0.0, 0.0, 0.0, 0.0, 0.0, 0.0, 0.0, 0.0, 0.0, 0.0, 0.0, 0.0, 0.0, 0.0, 0.0, 0.0, 0.0, 0.0, 0.0, 0.0, 0.0, 0.0, 0.0, 0.0, 0.0, 0.0, 0.0, 0.0, 0.0, 0.0, 0.0, 0.0, 0.0, 0.0, 0.0, 0.0], "cons": [0.0, 0.0, 0.0, 0.0, 0.0, 0.0, 0.0, 0.0, 0.0, 0.0, 0.0, 0.0, 0.0, 0.0, 0.0, 0.0, 0.0, 0.0, 0.0, 0.0, 0.0, 0.0, 0.0, 0.0, 0.0, 0.0, 0.0, 0.0, 0.0, 0.0, 0.0, 0.0, 0.0, 0.0, 0.0, 0.0, 0.0, 0.0, 0.0, 0.0, 0.0, 0.0, 0.0, 0.0, 0.0, 0.0, 0.0, 0.0, 0.0, 0.0], "eigen": [0.9523809523809523, 0.9523809523809523, 0.9523809523809523, 0.9523809523809523, 0.9523809523809523, 0.9523809523809523, 0.9523809523809523, 0.9523809523809523, 0.9523809523809523, 0.9523809523809523, 0.9523809523809523, 0.9523809523809523, 0.9523809523809523, 0.9523809523809523, 0.9523809523809523, 0.9523809523809523, 0.9523809523809523, 0.9523809523809523, 0.9523809523809523, 0.9523809523809523, 0.9523809523809523, 0.9523809523809523, 0.9523809523809523, 0.9523809523809523, 0.9523809523809523, 0.9523809523809523, 0.9523809523809523, 0.9523809523809523, 0.9523809523809523, 0.9523809523809523, 0.9523809523809523, 0.9523809523809523, 0.9523809523809523, 0.9523809523809523, 0.9523809523809523, 0.9523809523809523, 0.9523809523809523, 0.9523809523809523, 0.9523809523809523, 0.9523809523809523, 0.9523809523809523, 0.9523809523809523, 0.9523809523809523, 0.9523809523809523, 0.9523809523809523, 0.9523809523809523, 0.9523809523809523, 0.9523809523809523, 0.9523809523809523, 0.9523809523809523], "time": [1.80634503364563, 4.094990158081055, 6.394300317764282, 8.709882068634034, 11.041588640213012, 13.355176210403442, 15.622878789901733, 17.902196979522706, 20.19964232444763, 22.48816909790039, 24.76674952507019, 27.069330596923827, 29.367163562774657, 31.661257600784303, 33.98358020782471, 36.28603644371033, 38.58806009292603, 40.88390936851501, 43.18417625427246, 45.45613269805908, 47.71301298141479, 49.9893404006958, 52.260303783416745, 54.518616390228274, 56.79821982383728, 59.08501176834106, 61.381071186065675, 63.66726093292236, 65.9643771648407, 68.2715543270111, 70.54866118431092, 72.85848460197448, 75.13657479286194, 77.43071913719177, 79.74810543060303, 82.05073165893555, 84.34794063568116, 86.62802371978759, 88.93620190620422, 91.23019952774048, 93.50735154151917, 95.78911900520325, 98.06020526885986, 100.346870470047, 102.63184247016906, 104.90938882827759, 107.21617918014526, 109.51539416313172, 111.80630769729615, 114.09220094680786], "fwd_val": [2.9707176208496096, 2.474538167317708, 2.2848535749647354, 2.201677449544271, 2.115632544623481, 2.021513748168945, 1.9572484758165145, 1.8702125125461155, 1.816254636976454, 1.7338081783718533, 1.663103739420573, 1.5880843056572809, 1.5112911012437609, 1.4636354022555882, 1.3510044309828015, 1.2723862542046442, 1.1971967061360675, 1.0980739805433486, 1.016855091518826, 0.892757256825765, 0.8159793853759766, 0.7231733216179742, 0.6402805858188205, 0.5436346054077148, 0.5022657288445367, 0.427861828274197, 0.4034747123718262, 0.37443314658270943, 0.3319434695773654, 0.3214687771267361, 0.27423413859473333, 0.3654175996780395, 0.29448165628645157, 0.2285056882434421, 0.23574566841125488, 0.20620816018846302, 0.24010782771640357, 0.2198573589324951, 0.23437588479783802, 0.22908671167161732, 0.21493980619642467, 0.24255045784844292, 0.2021925131479899, 0.215940170817905, 0.2039321766959296, 0.2119381109873454, 0.2375814570320977, 0.2020116435156928, 0.23373524877760143, 0.21789165337880453], "testAccuracy": [0.0807834267616272, 0.07214422523975372, 0.12421762943267822, 0.09072481095790863, 0.05908837541937828, 0.05528493598103523, 0.0557665079832077, 0.05243393033742905, 0.05090242251753807, 0.056240521371364594, 0.05031021311879158, 0.05342410132288933, 0.05761446803808212, 0.057497911155223846, 0.05697731673717499], "testStd": [0.0, 0.0, 0.0, 0.0, 0.0, 0.0, 0.0, 0.0, 0.0, 0.0, 0.0, 0.0, 0.0, 0.0, 0.0]}}}}