{"none": {"gaussianElement": {"1e0": {"loss": [4.441229248046875, 3.3278390793573287, 3.1924896240234375, 3.3674530029296874, 3.1569787888299854, 3.122628929501488, 3.092019290015811, 3.1507055373418895, 3.0358119419642855, 3.0052934919084824, 2.929390716552734, 2.8783777146112355, 2.817486317952474, 2.8028499421619233, 3.313755544026693, 2.807665034702846, 2.8116034371512275, 2.795306396484375, 2.7672942388625374, 2.763612002418155, 2.7580945332845053, 2.7616304306756883, 2.759417724609375, 2.746864609491257, 2.7537617274693083, 2.749018060593378, 2.75891596476237, 2.753473626999628, 2.751087334042504, 2.744893827892485, 2.753310975574312, 2.7549061366489953, 2.7617074875604537, 2.7595743088495164, 2.758575693766276, 2.7550079709007624, 2.7606018793015257, 2.7476724533807664, 2.745735568091983, 2.750526900518508, 2.743917665027437, 2.7442565917968746, 2.7454711550758, 2.74362062726702, 2.7458290463402157, 2.7476312909807477, 2.749159059070405, 2.759151349748884, 2.76750978742327, 2.7519605364118305], "iden": [0.0, 0.0, 0.0, 0.0, 0.0, 0.0, 0.0, 0.0, 0.0, 0.0, 0.0, 0.0, 0.0, 0.0, 0.0, 0.0, 0.0, 0.0, 0.0, 0.0, 0.0, 0.0, 0.0, 0.0, 0.0, 0.0, 0.0, 0.0, 0.0, 0.0, 0.0, 0.0, 0.0, 0.0, 0.0, 0.0, 0.0, 0.0, 0.0, 0.0, 0.0, 0.0, 0.0, 0.0, 0.0, 0.0, 0.0, 0.0, 0.0, 0.0], "fwd": [2.0602769397553944, 0.9468866620744979, 0.8115371522449312, 0.9865006583077568, 0.7760263352167038, 0.7416765848795572, 0.7110669544764927, 0.7697533017113096, 0.6548596336728051, 0.6243410110473633, 0.5484383991786411, 0.497425297328404, 0.43653395516531807, 0.42189752487909227, 0.9328032629830496, 0.4267126128787086, 0.4306510380336216, 0.4143540155319941, 0.3863418170383998, 0.38265963054838636, 0.3771421114603678, 0.38067807242983864, 0.37846535728091285, 0.36591221491495773, 0.37280931926908945, 0.3680656705583845, 0.377963552020845, 0.37252123696463446, 0.37013493946620396, 0.3639413833618164, 0.3723586037045433, 0.3739537693205334, 0.3807551383972168, 0.37862185977754137, 0.37762330373128256, 0.3740555808657692, 0.37964947110130676, 0.36672002247401647, 0.36478318713960195, 0.36957456952049617, 0.36296531586419967, 0.3633041563488188, 0.364518792288644, 0.3626681327819824, 0.36487666084652853, 0.36667889186314173, 0.36820665995279944, 0.37819896879650294, 0.3865574700491769, 0.3710081463768369], "bwd": [0.0, 0.0, 0.0, 0.0, 0.0, 0.0, 0.0, 0.0, 0.0, 0.0, 0.0, 0.0, 0.0, 0.0, 0.0, 0.0, 0.0, 0.0, 0.0, 0.0, 0.0, 0.0, 0.0, 0.0, 0.0, 0.0, 0.0, 0.0, 0.0, 0.0, 0.0, 0.0, 0.0, 0.0, 0.0, 0.0, 0.0, 0.0, 0.0, 0.0, 0.0, 0.0, 0.0, 0.0, 0.0, 0.0, 0.0, 0.0, 0.0, 0.0], "cons": [0.0, 0.0, 0.0, 0.0, 0.0, 0.0, 0.0, 0.0, 0.0, 0.0, 0.0, 0.0, 0.0, 0.0, 0.0, 0.0, 0.0, 0.0, 0.0, 0.0, 0.0, 0.0, 0.0, 0.0, 0.0, 0.0, 0.0, 0.0, 0.0, 0.0, 0.0, 0.0, 0.0, 0.0, 0.0, 0.0, 0.0, 0.0, 0.0, 0.0, 0.0, 0.0, 0.0, 0.0, 0.0, 0.0, 0.0, 0.0, 0.0, 0.0], "eigen": [2.380952380952381, 2.380952380952381, 2.380952380952381, 2.380952380952381, 2.380952380952381, 2.380952380952381, 2.380952380952381, 2.380952380952381, 2.380952380952381, 2.380952380952381, 2.380952380952381, 2.380952380952381, 2.380952380952381, 2.380952380952381, 2.380952380952381, 2.380952380952381, 2.380952380952381, 2.380952380952381, 2.380952380952381, 2.380952380952381, 2.380952380952381, 2.380952380952381, 2.380952380952381, 2.380952380952381, 2.380952380952381, 2.380952380952381, 2.380952380952381, 2.380952380952381, 2.380952380952381, 2.380952380952381, 2.380952380952381, 2.380952380952381, 2.380952380952381, 2.380952380952381, 2.380952380952381, 2.380952380952381, 2.380952380952381, 2.380952380952381, 2.380952380952381, 2.380952380952381, 2.380952380952381, 2.380952380952381, 2.380952380952381, 2.380952380952381, 2.380952380952381, 2.380952380952381, 2.380952380952381, 2.380952380952381, 2.380952380952381, 2.380952380952381], "time": [2.401463842391968, 5.234715270996094, 7.961796569824219, 10.690647649765015, 13.41567120552063, 16.14735403060913, 18.885195589065553, 21.62567710876465, 24.36126117706299, 27.10490689277649, 29.846156883239747, 32.58347253799438, 35.313715314865114, 38.049881553649904, 40.77942576408386, 43.51597495079041, 46.27166061401367, 49.006318712234496, 51.74834814071655, 54.489460945129395, 57.22068929672241, 59.954199600219724, 62.684304809570314, 65.41177558898926, 68.15234942436219, 70.88143758773803, 73.60902462005615, 76.34721212387085, 79.08721356391906, 81.82350735664367, 84.5521993637085, 87.28615927696228, 90.02418088912964, 92.7613037109375, 95.49570360183716, 98.22391724586487, 100.95843257904053, 103.68429927825927, 106.420938539505, 109.16116199493408, 111.89377961158752, 114.63011674880981, 117.36927800178528, 120.09778361320495, 122.8281105518341, 125.57150282859803, 128.31278896331787, 131.04716234207154, 133.78321409225464, 136.51485514640808], "fwd_val": [2.969448386298286, 2.5041918436686195, 3.2958315531412765, 2.411490376790365, 2.072816975911458, 2.01351801554362, 2.269725841946072, 1.6992748260498047, 1.6258089277479386, 1.180992317199707, 0.9522432645161946, 0.6555174191792805, 0.39497529135810006, 4.490054596794977, 0.4929652161068387, 0.5669729603661431, 0.4948903030819364, 0.3293569670783149, 0.3205694516499837, 0.25236006047990583, 0.2749906751844618, 0.2836536725362142, 0.24455247455173063, 0.2248609728283352, 0.2224858707851834, 0.26262399355570476, 0.27307922575208876, 0.2308208147684733, 0.2160092936621772, 0.2322618087132772, 0.22677703433566623, 0.2888428052266439, 0.26412630081176763, 0.28274995485941573, 0.23425534566243492, 0.26531657907697886, 0.2294923358493381, 0.21067658530341254, 0.24061615202162004, 0.20697964562310114, 0.1974078443315294, 0.2019044213824802, 0.2015021800994873, 0.2193071683247884, 0.20851665337880448, 0.24105221960279674, 0.22436844772762723, 0.3367155896292792, 0.2959486272599962, 0.21013930108812123], "testAccuracy": [0.11781786382198334, 0.09326085448265076, 0.07232574373483658, 0.06084083765745163, 0.05703234672546387, 0.06274759769439697, 0.06298094242811203, 0.05777176097035408, 0.05649446323513985, 0.06012875214219093, 0.05932392552495003, 0.0583408884704113, 0.05665381997823715, 0.06194165349006653, 0.0613432303071022], "testStd": [0.0, 0.0, 0.0, 0.0, 0.0, 0.0, 0.0, 0.0, 0.0, 0.0, 0.0, 0.0, 0.0, 0.0, 0.0]}}, "spikeAndSlab": {"1e-1": {"loss": [2795.8454427083334, 238.30325985863092, 138.20758812313989, 26.462783668154763, 12.448520769391743, 8.086861891973587, 5.999527268182663, 4.104475257510231, 4.84573720296224, 4.098845636276971, 4.039025152297247, 4.285866982596262, 3.8961315336681546, 3.3265959966750374, 3.176886276971726, 3.3152693612234936, 3.1673078627813425, 3.1856589907691597, 3.1927676972888763, 3.0516573951357886, 3.193395560128348, 2.908323306129092, 2.93122304280599, 2.9355547587076827, 2.8708126613071987, 2.820337132045201, 2.8418822515578497, 2.811782800583612, 3.075626518612816, 2.9292113894508, 2.9360277448381695, 2.8242695399693085, 2.9036347525460378, 2.867032078334263, 2.8172309512183777, 3.0122989109584264, 2.885118611653646, 2.8337864467075895, 2.929725283668154, 2.8251550946916852, 2.7866393316359748, 2.775919378371466, 2.797091311500186, 2.780088697160993, 2.7914928254627047, 2.8824324471609932, 2.8516825721377423, 2.778227996826172, 2.808192298525856, 2.791031755719866], "iden": [0.0, 0.0, 0.0, 0.0, 0.0, 0.0, 0.0, 0.0, 0.0, 0.0, 0.0, 0.0, 0.0, 0.0, 0.0, 0.0, 0.0, 0.0, 0.0, 0.0, 0.0, 0.0, 0.0, 0.0, 0.0, 0.0, 0.0, 0.0, 0.0, 0.0, 0.0, 0.0, 0.0, 0.0, 0.0, 0.0, 0.0, 0.0, 0.0, 0.0, 0.0, 0.0, 0.0, 0.0, 0.0, 0.0, 0.0, 0.0, 0.0, 0.0],