{"unit_circle_mse": {"gaussianElement": {"1e0": {"loss": [7.4585204351516, 7.268663969494047, 7.071678379603794, 6.93001222156343, 6.79200919015067, 6.65723157610212, 6.522970726376488, 6.393478030250186, 6.271099417550222, 6.145294698079427, 6.022558339436849, 5.901784479050409, 5.778655606224423, 5.658356475830079, 5.536947159540086, 5.418862043108259, 5.297861226399739, 5.177131652832031, 5.056715356735957, 4.958193061465309, 4.825519743419828, 4.712770443870907, 4.606307583763487, 4.50111799694243, 4.4073864891415555, 4.323653993152436, 4.221543702625093, 4.129757436116536, 4.045239076160249, 3.9661748613630023, 3.8880381992885047, 3.805295235770089, 3.7333937508719304, 3.6431547255743113, 3.5659798031761527, 3.4854984101795012, 3.407715279715402, 3.3316019330705915, 3.2552158900669648, 3.1815526689801894, 3.106219827561151, 3.0323045094807943, 2.9622328258696062, 2.8903367723737445, 2.8167417253766747, 2.7502862657819476, 2.6824017479306175, 2.6118756793794176, 2.54541745867048, 2.478749702090309], "iden": [0.0, 0.0, 0.0, 0.0, 0.0, 0.0, 0.0, 0.0, 0.0, 0.0, 0.0, 0.0, 0.0, 0.0, 0.0, 0.0, 0.0, 0.0, 0.0, 0.0, 0.0, 0.0, 0.0, 0.0, 0.0, 0.0, 0.0, 0.0, 0.0, 0.0, 0.0, 0.0, 0.0, 0.0, 0.0, 0.0, 0.0, 0.0, 0.0, 0.0, 0.0, 0.0, 0.0, 0.0, 0.0, 0.0, 0.0, 0.0, 0.0, 0.0], "fwd": [0.8642706553141277, 0.8477300189790272, 0.7942451204572405, 0.78432742527553, 0.7711589676993233, 0.7563957668486095, 0.7383470399039131, 0.7220883233206612, 0.7104468708946591, 0.6931644394284203, 0.6770567621503558, 0.6611588296436129, 0.6413053875877744, 0.6227768580118817, 0.6017238389878047, 0.5825412523178828, 0.5588928585960751, 0.5340768269130161, 0.5082435471670969, 0.5028838066827684, 0.4617538225083123, 0.43915832610357375, 0.42136545181274415, 0.4033183120545886, 0.39548058055696034, 0.39639501344589956, 0.3777637867700486, 0.368652697971889, 0.36677788325718474, 0.36985170500619075, 0.37308227902366997, 0.3707227911267962, 0.37860646474929077, 0.3670989104679653, 0.3681911014375232, 0.3653915768577939, 0.3647956166948591, 0.3651792753310431, 0.3646437440599714, 0.36592908132643925, 0.36460347175598146, 0.3639930248260498, 0.36624536287216913, 0.3657185940515427, 0.362635984874907, 0.3659040110451835, 0.36676035835629417, 0.3641296840849377, 0.3646494842710949, 0.36393638338361467], "bwd": [0.0, 0.0, 0.0, 0.0, 0.0, 0.0, 0.0, 0.0, 0.0, 0.0, 0.0, 0.0, 0.0, 0.0, 0.0, 0.0, 0.0, 0.0, 0.0, 0.0, 0.0, 0.0, 0.0, 0.0, 0.0, 0.0, 0.0, 0.0, 0.0, 0.0, 0.0, 0.0, 0.0, 0.0, 0.0, 0.0, 0.0, 0.0, 0.0, 0.0, 0.0, 0.0, 0.0, 0.0, 0.0, 0.0, 0.0, 0.0, 0.0, 0.0], "cons": [0.0, 0.0, 0.0, 0.0, 0.0, 0.0, 0.0, 0.0, 0.0, 0.0, 0.0, 0.0, 0.0, 0.0, 0.0, 0.0, 0.0, 0.0, 0.0, 0.0, 0.0, 0.0, 0.0, 0.0, 0.0, 0.0, 0.0, 0.0, 0.0, 0.0, 0.0, 0.0, 0.0, 0.0, 0.0, 0.0, 0.0, 0.0, 0.0, 0.0, 0.0, 0.0, 0.0, 0.0, 0.0, 0.0, 0.0, 0.0, 0.0, 0.0], "eigen": [6.5942497616722475, 6.420933968680245, 6.277433340890067, 6.145684741792225, 6.020850299653552, 5.900835854666573, 5.784623718261718, 5.671389843168713, 5.560652814592634, 5.452130308605375, 5.345501563662575, 5.240625726609003, 5.137350136893137, 5.035579572405134, 4.935223388671874, 4.83632078624907, 4.738968331473214, 4.643054816836402, 4.548471795944941, 4.455309259323847, 4.363765861874535, 4.273612140473865, 4.184942263648624, 4.0977997189476385, 4.0119059244791675, 3.927259027390253, 3.8437798999604724, 3.761104765392485, 3.6784611656552277, 3.596323140462239, 3.514955865769159, 3.4345723833356585, 3.354787372407459, 3.2760558718726758, 3.1977887471516926, 3.120106815156482, 3.042919649396624, 2.9664226168677916, 2.8905720846993583, 2.815623564947219, 2.741616421654111, 2.6683115822928287, 2.5959873744419646, 2.524618130638486, 2.454105776832217, 2.384382320585705, 2.3156414395286924, 2.2477459680466425, 2.1807679312569754, 2.1148133232480006], "time": [2.0679758071899412, 4.532944917678833, 6.953893709182739, 9.3647296667099, 11.772966957092285, 14.182518887519837, 16.598321795463562, 19.016648936271668, 21.426338648796083, 23.836264991760252, 26.252625131607054, 28.66707775592804, 31.078405022621155, 33.498036527633666, 35.91825065612793, 38.3303004026413, 40.74931085109711, 43.16290783882141, 45.587566423416135, 48.0041981458664, 50.42207279205322, 52.84191102981568, 55.26195840835571, 57.67625992298126, 60.0954074382782, 62.51591622829437, 64.93496220111847, 67.34793763160705, 69.76695795059204, 72.18627624511718, 74.60947492122651, 77.03420889377594, 79.44920041561127, 81.86234374046326, 84.27563817501068, 86.68233103752137, 89.10187084674835, 91.51310844421387, 93.93238706588745, 96.34385547637939, 98.75309770107269, 101.17297258377076, 103.59450554847717, 106.01374719142913, 108.42692458629608, 110.84028174877167, 113.26692233085632, 115.67989180088043, 118.09104206562043, 120.51171519756318], "fwd_val": [2.544949001736111, 2.3611999299791124, 2.334178055657281, 2.276949183146159, 2.2081777360704207, 2.1138029522365995, 2.036745749579535, 1.9755325317382812, 1.895853731367323, 1.8206122928195527, 1.7358322143554688, 1.6396990882025826, 1.5611576186286078, 1.4401717080010308, 1.346926318274604, 1.2363886091444227, 1.111407666736179, 0.9797906451755101, 1.0246613873375787, 0.7199673228793675, 0.6178029669655695, 0.538705923822191, 0.44394883844587535, 0.3592561668819852, 0.28693361282348634, 0.29029202328787906, 0.2297754738065932, 0.21409683095084295, 0.22826252381006876, 0.22265633477105035, 0.226491559876336, 0.2249979747666253, 0.21517939037746853, 0.21339199278089732, 0.2040462361441718, 0.20650641388363308, 0.20793717437320286, 0.2055502269003126, 0.21556123495101928, 0.20934971041149564, 0.20091206894980534, 0.21119232972462973, 0.2049873577223884, 0.20196114646063915, 0.20625946521759034, 0.20621629026201033, 0.20179054737091065, 0.202023094230228, 0.20608974032931857, 0.20192218091752795], "testAccuracy": [0.07753267884254456, 0.0881301760673523, 0.08061482757329941, 0.06048920750617981, 0.05577516928315163, 0.05854581668972969, 0.06326097249984741, 0.053071122616529465, 0.050730228424072266, 0.0516679473221302, 0.051132794469594955, 0.0510331392288208, 0.05134338140487671, 0.052920348942279816, 0.05227982625365257], "testStd": [0.0, 0.0, 0.0, 0.0, 0.0, 0.0, 0.0, 0.0, 0.0, 0.0, 0.0, 0.0, 0.0, 0.0, 0.0]}}}}