{"none": {"gaussianElement": {"1e0": {"loss": [2.0466441805400546, 2.0927328079465837, 1.9960246010432166, 1.9794468955388147, 1.9779122367737785, 1.9582974267384363, 1.9412152729337178, 1.925105200873481, 1.9140765477740576, 1.8887467157273068, 1.8659862942165797, 1.8371834527878537, 1.8065729292612227, 1.7722118922642298, 1.7433761112273685, 1.7103581504216272, 1.6798325795975944, 1.6539986020042783, 1.6300784519740512, 1.6118133787124875, 1.5992932395329553, 1.5887002490815663, 1.5899778093610493, 1.5855172777932787, 1.5805760943700395, 1.5871928381541418, 1.5685748751201327, 1.5737597147623699, 1.6452637929765004, 1.5662543281676278, 1.563629150390625, 1.5610345507424974, 1.5930676535954549, 1.5918617854042658, 1.5920304797944567, 1.592237563360305, 1.5771952432299416, 1.6967451913016183, 1.6206099495055184, 1.605900174095517, 1.6015855092850941, 1.562288556780134, 1.6412280249217197, 1.5722175477043032, 1.6155873253231956, 1.5990006583077567, 1.5795051938011533, 1.5908571879069011, 1.5858680482894654, 1.5897368779258123], "iden": [0.0, 0.0, 0.0, 0.0, 0.0, 0.0, 0.0, 0.0, 0.0, 0.0, 0.0, 0.0, 0.0, 0.0, 0.0, 0.0, 0.0, 0.0, 0.0, 0.0, 0.0, 0.0, 0.0, 0.0, 0.0, 0.0, 0.0, 0.0, 0.0, 0.0, 0.0, 0.0, 0.0, 0.0, 0.0, 0.0, 0.0, 0.0, 0.0, 0.0, 0.0, 0.0, 0.0, 0.0, 0.0, 0.0, 0.0, 0.0, 0.0, 0.0], "fwd": [0.8561679900638642, 0.9022566477457682, 0.8055484105670262, 0.788970735337999, 0.7874360160222129, 0.7678212816753085, 0.7507390975952148, 0.7346290709480408, 0.7236004027109297, 0.6982704949757409, 0.6755101188780769, 0.6467072774493505, 0.6160967539227199, 0.5817356563749767, 0.5528998904758029, 0.5198819296700613, 0.48935646480984163, 0.46352238125271267, 0.4396022614978608, 0.4213372866312663, 0.40881709446982734, 0.3982240737430633, 0.3995016037471711, 0.3950411100236197, 0.3900998811873178, 0.3967166628156389, 0.3780986770750984, 0.38328348644196036, 0.45478769332643537, 0.37577811498490593, 0.37315295991443453, 0.370558398110526, 0.4025915236700149, 0.4013856327722943, 0.4015542741805788, 0.4017613274710519, 0.3867190376160637, 0.5062689402746776, 0.43013375146048416, 0.41542399875701425, 0.4111092733958411, 0.37181241171700613, 0.45075175118824795, 0.38174137236580014, 0.4251110894339425, 0.40852449810694136, 0.3890289579119001, 0.4003809368799603, 0.39539190322633777, 0.3992606571742467], "bwd": [0.0, 0.0, 0.0, 0.0, 0.0, 0.0, 0.0, 0.0, 0.0, 0.0, 0.0, 0.0, 0.0, 0.0, 0.0, 0.0, 0.0, 0.0, 0.0, 0.0, 0.0, 0.0, 0.0, 0.0, 0.0, 0.0, 0.0, 0.0, 0.0, 0.0, 0.0, 0.0, 0.0, 0.0, 0.0, 0.0, 0.0, 0.0, 0.0, 0.0, 0.0, 0.0, 0.0, 0.0, 0.0, 0.0, 0.0, 0.0, 0.0, 0.0], "cons": [0.0, 0.0, 0.0, 0.0, 0.0, 0.0, 0.0, 0.0, 0.0, 0.0, 0.0, 0.0, 0.0, 0.0, 0.0, 0.0, 0.0, 0.0, 0.0, 0.0, 0.0, 0.0, 0.0, 0.0, 0.0, 0.0, 0.0, 0.0, 0.0, 0.0, 0.0, 0.0, 0.0, 0.0, 0.0, 0.0, 0.0, 0.0, 0.0, 0.0, 0.0, 0.0, 0.0, 0.0, 0.0, 0.0, 0.0, 0.0, 0.0, 0.0], "eigen": [1.1904761904761905, 1.1904761904761905, 1.1904761904761905, 1.1904761904761905, 1.1904761904761905, 1.1904761904761905, 1.1904761904761905, 1.1904761904761905, 1.1904761904761905, 1.1904761904761905, 1.1904761904761905, 1.1904761904761905, 1.1904761904761905, 1.1904761904761905, 1.1904761904761905, 1.1904761904761905, 1.1904761904761905, 1.1904761904761905, 1.1904761904761905, 1.1904761904761905, 1.1904761904761905, 1.1904761904761905, 1.1904761904761905, 1.1904761904761905, 1.1904761904761905, 1.1904761904761905, 1.1904761904761905, 1.1904761904761905, 1.1904761904761905, 1.1904761904761905, 1.1904761904761905, 1.1904761904761905, 1.1904761904761905, 1.1904761904761905, 1.1904761904761905, 1.1904761904761905, 1.1904761904761905, 1.1904761904761905, 1.1904761904761905, 1.1904761904761905, 1.1904761904761905, 1.1904761904761905, 1.1904761904761905, 1.1904761904761905, 1.1904761904761905, 1.1904761904761905, 1.1904761904761905, 1.1904761904761905, 1.1904761904761905, 1.1904761904761905], "time": [1.8351613680521648, 4.210292100906372, 6.594612916310628, 8.97027031580607, 11.333075920740763, 13.702439228693644, 16.098970254262287, 18.489842017491657, 20.872209231058758, 23.262054363886516, 25.638031482696533, 28.011489073435467, 30.39313228925069, 32.78111139933268, 35.145672718683876, 37.52709341049194, 39.91294797261556, 42.27944731712341, 44.652100006739296, 47.04099051157633, 49.40860756238302, 51.76906085014343, 54.14330450693766, 56.535585165023804, 58.919172525405884, 61.2974906762441, 63.66114894549052, 66.02586023012798, 68.39649383227031, 70.76853171984355, 73.15198198954265, 75.53454271952312, 77.9039511680603, 80.28548820813496, 82.6711134115855, 85.04514280954997, 87.42117420832317, 89.80116995175679, 92.16691470146179, 94.5435672601064, 96.91681257883708, 99.28936052322388, 101.66148082415263, 104.02480522791545, 106.4048433303833, 108.784481604894, 111.1600038210551, 113.54066459337871, 115.90998085339864, 118.29689685503642], "fwd_val": [2.8656769505253545, 2.467881026091399, 2.325635415536386, 2.363758087158203, 2.2485514040346497, 2.1770866535328053, 2.0948013729519315, 2.0471840611210577, 1.9285045199924042, 1.8235852983262804, 1.6858667444299769, 1.5517429775661895, 1.41173991450557, 1.2272015324345342, 1.1066400739881728, 0.9200364042211463, 0.8044379375599049, 0.6534637345208062, 0.4993527288790102, 0.4388189757311786, 0.41154977127357767, 0.39526150844715263, 0.34632662490562155, 0.34151424301995176, 0.3754350785855894, 0.2478144301308526, 0.3455201519860162, 0.3743223349253337, 0.3389430752506963, 0.21375907350469517, 0.2581091147881967, 0.28803763124677867, 0.3233241946608932, 0.34483621738575126, 0.43076730657506873, 0.25724939946775083, 0.9182678063710531, 0.7096168729994031, 0.3785487104345251, 0.45794788113346807, 0.27151678226612236, 0.33826247851053876, 0.3727979571731002, 0.4246763388315837, 0.503577400136877, 0.23448428401240595, 0.41097272766960985, 0.28865284831435595, 0.39972262912326384, 0.42053995309052644], "testAccuracy": [0.08020036667585373, 0.06473277509212494, 0.14932319521903992, 0.15833689272403717, 0.14484229683876038, 0.12012683600187302, 0.09950826317071915, 0.08436545729637146, 0.06743484735488892, 0.06294475495815277, 0.06657760590314865, 0.05356096103787422, 0.04922559857368469, 0.05002540349960327, 0.059109970927238464], "testStd": [0.0, 0.0, 0.0, 0.0, 0.0, 0.0, 0.0, 0.0, 0.0, 0.0, 0.0, 0.0, 0.0, 0.0, 0.0]}}, "spikeAndSlabVeryLarge": {"1e0": {"loss": [156.21993388826886, 114.73011997767857, 8.309808882455977, 3.463628617544023, 2.2289530436197915, 1.868715316530258, 1.7164599100748699, 1.698320055764819, 1.6578342498294891, 1.6771268087720115, 1.6612255156986298, 1.756434849330357, 1.6795771159822979, 1.6386978512718564, 1.6131743173750621, 1.6122002980065726, 1.5989588782900857, 1.7228546748085627, 1.6435270158071367, 1.5982418968563987, 1.5879141186910963, 1.5918329026963978, 1.6169710310678633, 1.634546128530351, 1.63228025890532, 1.6017299833751861, 1.590570601205977, 1.6064631749713232, 1.58032959226578, 1.5932428874666729, 1.5847668117947051, 1.5749727884928386, 1.583073994470021, 1.6124451652405754, 1.612181890578497, 1.6061088319808718, 1.5939598689003596, 1.5834798661489335, 1.5771261548239088, 1.6143764314197362, 1.576510535346137, 1.570402115110367, 1.5821442376999626, 1.5669077313135542, 1.5671714903816343, 1.5683591933477494, 1.5760671827528212, 1.5668135143461683, 1.564011467827691, 1.5669678582085504], "iden": [0.0, 0.0, 0.0, 0.0, 0.0, 0.0, 0.0, 0.0, 0.0, 0.0, 0.0, 0.0, 0.0, 0.0, 0.0, 0.0, 0.0, 0.0, 0.0, 0.0, 0.0, 0.0, 0.0, 0.0, 0.0, 0.0, 0.0, 0.0, 0.0, 0.0, 0.0, 0.0, 0.0, 0.0, 0.0, 0.0, 0.0, 0.0, 0.0, 0.0, 0.0, 0.0, 0.0, 0.0, 0.0, 0.0, 0.0, 0.0, 0.0, 0.0],