{"unit_circle_mae": {"gaussianElement": {"1e0": {"loss": [0.43704008019488794, 0.3889310947362927, 0.33231876207434613, 0.29875064932781714, 0.2834653025088103, 0.2775898325270501, 0.2726240227187889, 0.26590814452240435, 0.2631547969320546, 0.25821880672288977, 0.2556888746178668, 0.25219960834669036, 0.24873472296673316, 0.24532724463421365, 0.2421231684477433], "iden": [0.1648677224698274, 0.12417514427848485, 0.07765198272207509, 0.053140493406765694, 0.04422472352566927, 0.0444665525270545, 0.04471434717592985, 0.041737026062564575, 0.04297854416612266, 0.040412084779877594, 0.040501335392827575, 0.03984352125637773, 0.03935048372849174, 0.038799483706985695, 0.03832230446995168], "fwd": [0.12601846542911255, 0.11882312055947124, 0.10892473441967065, 0.10004199069479237, 0.09383620386538298, 0.08787477534750233, 0.08281031553296075, 0.0792159636815389, 0.07536211393881535, 0.07312816295070924, 0.07064231755076976, 0.06794077935426131, 0.0650957753692848, 0.06236440375231314, 0.05976078475731006], "bwd": [0.0, 0.0, 0.0, 0.0, 0.0, 0.0, 0.0, 0.0, 0.0, 0.0, 0.0, 0.0, 0.0, 0.0, 0.0], "cons": [0.0, 0.0, 0.0, 0.0, 0.0, 0.0, 0.0, 0.0, 0.0, 0.0, 0.0, 0.0, 0.0, 0.0, 0.0], "eigen": [0.14615388884060623, 0.14593282644299496, 0.14574204666027124, 0.14556817386461343, 0.14540437339008716, 0.1452485063801641, 0.14509936000989831, 0.14495515823364258, 0.14481414228245829, 0.1446785581284675, 0.1445452268572821, 0.14441531982974729, 0.14428845350293149, 0.1441633494003959, 0.14404008008431698], "fwd_val": [0.2740043378343769, 0.24328042946609799, 0.22188853282554477, 0.19918138840619257, 0.18778010910632562, 0.16949310957216748, 0.16141912983913045, 0.14885455019333785, 0.14452117097144032, 0.13581632165347826, 0.13000143275541418, 0.12188588170444264, 0.11446272158155253, 0.10805002614563586, 0.09893302356495577]}}}, "unit_circle_mse": {"gaussianElement": {"1e0": {"loss": [0.4127473278322082, 0.3606020056683084, 0.2997312960417375, 0.2659689101619997, 0.24970904640529465, 0.2426699624545332, 0.23944710303043973, 0.23507916409036386, 0.23104285502779312, 0.22773760643558227, 0.2247989350470944, 0.22187139676964804, 0.21935608076012655, 0.21529677294302677, 0.21313562946043152], "iden": [0.1643024596615114, 0.12278524689052417, 0.07507831808449565, 0.05268130095108695, 0.043356701083805245, 0.042488878187925926, 0.04337661508200825, 0.04244873057241025, 0.04103556491326595, 0.04035628878551981, 0.04000210243722666, 0.03960107461265896, 0.040079129778820534, 0.038664072320081184, 0.03964051906613336], "fwd": [0.1256540616353353, 0.11540775368179101, 0.10259200179058574, 0.09154926521190698, 0.08491804634315381, 0.07903605958689813, 0.0752025376195493, 0.07202879242275072, 0.06966448348501454, 0.067290427028269, 0.06494744445966637, 0.06265338780223459, 0.05988171826238217, 0.05745083007259646, 0.05452305510424185], "bwd": [0.0, 0.0, 0.0, 0.0, 0.0, 0.0, 0.0, 0.0, 0.0, 0.0, 0.0, 0.0, 0.0, 0.0, 0.0], "cons": [0.0, 0.0, 0.0, 0.0, 0.0, 0.0, 0.0, 0.0, 0.0, 0.0, 0.0, 0.0, 0.0, 0.0, 0.0], "eigen": [0.12279079962467802, 0.12240898090860118, 0.12206096234528914, 0.12173834399900574, 0.12143430848052537, 0.12114502727121546, 0.12086795378422392, 0.12060164714205092, 0.1203428005826646, 0.12009088889412257, 0.11984939160554305, 0.11961693003557732, 0.11939524222111357, 0.11918186795884284, 0.11897205269855], "fwd_val": [0.26702461055680815, 0.2289721030814975, 0.19720289753932577, 0.17735154955994847, 0.16146255941951973, 0.14844594749749876, 0.14091732455234904, 0.1342943930158428, 0.1271835074705236, 0.12055453132180606, 0.11494748498879227, 0.10669317666222067, 0.10116015929801792, 0.09271848435495415, 0.08717814613791074]}}}, "origin_mse": {"gaussianElement": {"1e0": {"loss": [0.31875078228936676, 0.27183650887530786, 0.214912594228551, 0.1817039199497389, 0.16688274991685068, 0.15818955241769986, 0.15154050398563992, 0.14830061318217846, 0.1435332367385643, 0.13968824303668478, 0.13665453592936197, 0.1346812179123146, 0.1318431107894234, 0.12973314437313355, 0.12802004468613776], "iden": [0.16469227403834247, 0.12449204057886981, 0.07745944244274196, 0.05342130902884663, 0.045630608779796654, 0.042962649594182556, 0.04199652913687885, 0.042754199193871543, 0.04106536550798278, 0.03950585057769996, 0.03933104915895324, 0.039615466110948204, 0.03953484175861746, 0.03937723152879355, 0.04049704299456832], "fwd": [0.12586168620897376, 0.11940415009208348, 0.10976951364157857, 0.10086219552634418, 0.09411223383917326, 0.08839316126229106, 0.08301775870115861, 0.07924529434978099, 0.07622565048328345, 0.07404621787693189, 0.07137006953142691, 0.06941281367039336, 0.06682608093040576, 0.06512495400249095, 0.062239558800407074], "bwd": [0.0, 0.0, 0.0, 0.0, 0.0, 0.0, 0.0, 0.0, 0.0, 0.0, 0.0, 0.0, 0.0, 0.0, 0.0], "cons": [0.0, 0.0, 0.0, 0.0, 0.0, 0.0, 0.0, 0.0, 0.0, 0.0, 0.0, 0.0, 0.0, 0.0, 0.0], "eigen": [0.028196822905886, 0.02794031993202541, 0.02768363900806593, 0.027420413666877193, 0.02713991161705791, 0.026833744152732514, 0.0265262170114379, 0.026301117910855057, 0.02624221470045007, 0.026136170262875763, 0.02595341896665269, 0.02565294158631477, 0.025482184645058453, 0.025230957114178203, 0.02528344202732694], "fwd_val": [0.2742690198561724, 0.24631525488460762, 0.22122638365801642, 0.20327449779884488, 0.18741106052024692, 0.17103930548125623, 0.1619236890007468, 0.15147568197811354, 0.1456106363558302, 0.13901499205944584, 0.13334141058080337, 0.12581200926911598, 0.1209325954025867, 0.11411179981979669, 0.10955523275861552]}}}, "none": {"gaussianElement": {"1e0": {"loss": [0.4646681495334792, 0.4144729393115942, 0.35923729772153107, 0.3238062927688377, 0.3085776273755059, 0.30046131299889606, 0.29361719324968866, 0.28735453149546747, 0.285238832667254, 0.27988717175912164, 0.27446385397427325, 0.27127819475920306, 0.26983442168304883, 0.26524372377257416, 0.26240075843921606], "iden": [0.1648698544156724, 0.12333703732145003, 0.08040281655131906, 0.05205846523893052, 0.04772778352101644, 0.04429672939189966, 0.042836026868958405, 0.041418167991914605, 0.04380329795505689, 0.04143191161363021, 0.04018011991528497, 0.039946833382482116, 0.04160040271454963, 0.04072460488996644, 0.04004390861677087], "fwd": [0.1258852447288624, 0.11722286196722502, 0.10492142387058424, 0.0978347771409629, 0.08693679692088695, 0.08225154012873552, 0.07686812463014021, 0.07202332261679828, 0.06752249123393626, 0.06454220716504083, 0.06037069403606913, 0.057418318762295494, 0.05432097635407379, 0.05060607454051142, 0.048443806344184326], "bwd": [0.0, 0.0, 0.0, 0.0, 0.0, 0.0, 0.0, 0.0, 0.0, 0.0, 0.0, 0.0, 0.0, 0.0, 0.0], "cons": [0.0, 0.0, 0.0, 0.0, 0.0, 0.0, 0.0, 0.0, 0.0, 0.0, 0.0, 0.0, 0.0, 0.0, 0.0], "eigen": [0.17391304347826086, 0.17391304347826086, 0.17391304347826086, 0.17391304347826086, 0.17391304347826086, 0.17391304347826086, 0.17391304347826086, 0.17391304347826086, 0.17391304347826086, 0.17391304347826086, 0.17391304347826086, 0.17391304347826086, 0.17391304347826086, 0.17391304347826086, 0.17391304347826086], "fwd_val": [0.27076297647812786, 0.2333232748742197, 0.21435625412884882, 0.18556894508062627, 0.1679835506514007, 0.1558969768823362, 0.14148489166708553, 0.12818115365271474, 0.12038987991856594, 0.11011993885040283, 0.1020731341605093, 0.09356223134433522, 0.08318782320209578, 0.0771338472179338, 0.07015043146470014]}}}}