{"none": {"gaussianElement": {"1e0": {"loss": [2.047595959617978, 2.1471301669166207, 1.997864695957729, 1.9953907194591705, 1.9787767319452196, 1.9611522311256047, 1.9441406794956753, 1.9202628181094217, 1.8952756064278737, 1.8713643936883837, 1.8414079212007066, 1.8394324166434153, 1.7777305966331844, 1.7492877415248322, 1.717131641932896, 1.740835189819336, 1.7538983299618678, 1.9298651559012279, 1.6837271735781711, 1.6805749984014604, 1.7206871214367094, 1.8011833372570218, 1.6155967167445593, 1.6018793015252974, 1.6212575276692711, 1.6096941630045574, 1.6699606395903088, 1.6721184321812221, 1.76569337390718, 1.6585832141694568, 1.6242078508649556, 1.6192178998674667, 1.6381710234142486, 1.6169265383765812, 1.6857882908412385, 1.6522976829892115, 1.6650946844191779, 1.6624228522891091, 1.6171684265136719, 1.6680197761172342, 1.654479998633975, 1.624139440627325, 1.6429661887032647, 1.6119290669759114, 1.6419710795084637, 1.5920730772472562, 1.6356966109502884, 1.5976104009719123, 1.6998947870163685, 1.629313732328869], "iden": [0.0, 0.0, 0.0, 0.0, 0.0, 0.0, 0.0, 0.0, 0.0, 0.0, 0.0, 0.0, 0.0, 0.0, 0.0, 0.0, 0.0, 0.0, 0.0, 0.0, 0.0, 0.0, 0.0, 0.0, 0.0, 0.0, 0.0, 0.0, 0.0, 0.0, 0.0, 0.0, 0.0, 0.0, 0.0, 0.0, 0.0, 0.0, 0.0, 0.0, 0.0, 0.0, 0.0, 0.0, 0.0, 0.0, 0.0, 0.0, 0.0, 0.0], "fwd": [0.8571198054722377, 0.9566539946056547, 0.8073885054815383, 0.80491452898298, 0.7883004960559663, 0.7706760315668015, 0.7536644844781785, 0.7297866140093123, 0.704799375079927, 0.6808881941295806, 0.6509317261832102, 0.648956217084612, 0.5872544288635254, 0.5588115283421108, 0.5266554559980119, 0.5503590175083705, 0.5634221531095958, 0.7393889427185059, 0.49325095131283714, 0.49009878748939145, 0.530210930960519, 0.6107071445101784, 0.4251205489748999, 0.411403090613229, 0.43078133265177404, 0.41921794073922297, 0.479484476361956, 0.48164222353980646, 0.575217190242949, 0.46810705094110405, 0.4337316422235398, 0.4287416821434385, 0.44769478752499536, 0.4264503637949626, 0.49531211625962024, 0.46182151067824584, 0.474618437176659, 0.47194667997814366, 0.4266922473907472, 0.47754359926496226, 0.4640038535708473, 0.43366319338480636, 0.4524899936857677, 0.42145285833449586, 0.45149488222031364, 0.4015968958536783, 0.445220406850179, 0.40713420141310924, 0.5094186305999756, 0.4388375100635347], "bwd": [0.0, 0.0, 0.0, 0.0, 0.0, 0.0, 0.0, 0.0, 0.0, 0.0, 0.0, 0.0, 0.0, 0.0, 0.0, 0.0, 0.0, 0.0, 0.0, 0.0, 0.0, 0.0, 0.0, 0.0, 0.0, 0.0, 0.0, 0.0, 0.0, 0.0, 0.0, 0.0, 0.0, 0.0, 0.0, 0.0, 0.0, 0.0, 0.0, 0.0, 0.0, 0.0, 0.0, 0.0, 0.0, 0.0, 0.0, 0.0, 0.0, 0.0], "cons": [0.0, 0.0, 0.0, 0.0, 0.0, 0.0, 0.0, 0.0, 0.0, 0.0, 0.0, 0.0, 0.0, 0.0, 0.0, 0.0, 0.0, 0.0, 0.0, 0.0, 0.0, 0.0, 0.0, 0.0, 0.0, 0.0, 0.0, 0.0, 0.0, 0.0, 0.0, 0.0, 0.0, 0.0, 0.0, 0.0, 0.0, 0.0, 0.0, 0.0, 0.0, 0.0, 0.0, 0.0, 0.0, 0.0, 0.0, 0.0, 0.0, 0.0], "eigen": [1.1904761904761902, 1.1904761904761902, 1.1904761904761902, 1.1904761904761902, 1.1904761904761902, 1.1904761904761902, 1.1904761904761902, 1.1904761904761902, 1.1904761904761902, 1.1904761904761902, 1.1904761904761902, 1.1904761904761902, 1.1904761904761902, 1.1904761904761902, 1.1904761904761902, 1.1904761904761902, 1.1904761904761902, 1.1904761904761902, 1.1904761904761902, 1.1904761904761902, 1.1904761904761902, 1.1904761904761902, 1.1904761904761902, 1.1904761904761902, 1.1904761904761902, 1.1904761904761902, 1.1904761904761902, 1.1904761904761902, 1.1904761904761902, 1.1904761904761902, 1.1904761904761902, 1.1904761904761902, 1.1904761904761902, 1.1904761904761902, 1.1904761904761902, 1.1904761904761902, 1.1904761904761902, 1.1904761904761902, 1.1904761904761902, 1.1904761904761902, 1.1904761904761902, 1.1904761904761902, 1.1904761904761902, 1.1904761904761902, 1.1904761904761902, 1.1904761904761902, 1.1904761904761902, 1.1904761904761902, 1.1904761904761902, 1.1904761904761902], "time": [2.008154559135437, 4.426417994499206, 6.790011548995972, 9.16308422088623, 11.524834251403808, 13.892361927032471, 16.26369535923004, 18.636313581466673, 21.00056400299072, 23.369302725791933, 25.734369778633116, 28.105926871299744, 30.47826693058014, 32.84281840324402, 35.202189040184024, 37.56679904460907, 39.93262825012207, 42.291824913024904, 44.665809988975525, 47.03810603618622, 49.40651268959046, 51.770404195785524, 54.125061774253844, 56.496304059028624, 58.86624019145965, 61.23710556030274, 63.60071461200714, 65.96314952373504, 68.3358208179474, 70.69817790985107, 73.07187871932983, 75.44162354469299, 77.80820333957672, 80.17554881572724, 82.54592034816741, 84.91347346305847, 87.28375792503357, 89.65601255893708, 92.0197868347168, 94.38285160064697, 96.74625086784363, 99.11556746959687, 101.48733828067779, 103.85774600505829, 106.23109631538391, 108.6055722475052, 110.96977496147156, 113.3383868932724, 115.70396738052368, 118.06844851970672], "fwd_val": [3.292719501919217, 2.4361150953504778, 2.4036071353488504, 2.3324096679687503, 2.280853356255425, 2.193319341871473, 2.0842713250054254, 1.9746494505140515, 1.8320597966512042, 1.699156231350369, 1.7091819869147404, 1.391897741953532, 1.2919340292612713, 1.1344175815582274, 0.9120662265353732, 1.2265048821767173, 1.7869994931750828, 0.9303122573428684, 1.0476164950264824, 0.7106072094705369, 1.5103943639331399, 0.5454663885964288, 0.4658959759606255, 0.5095324595769247, 0.43079721662733295, 0.6405258311165705, 0.8551633596420288, 1.2584097968207466, 0.8884578810797796, 0.5787071016099719, 0.49359382788340256, 0.5962901751200358, 0.5285212371084425, 0.8574189755651686, 0.6561526245541043, 0.6051326751708984, 0.8361539125442505, 0.548955045806037, 0.6107420338524713, 0.8102489047580296, 0.4897137204806009, 0.7078496509128147, 0.46110883024003774, 0.5767892267968919, 0.43672454092237684, 0.5750662273830838, 0.4231722328397963, 0.66437259250217, 0.6649570994906956, 0.3871986243459914], "testAccuracy": [0.07106101512908936, 0.06392880529165268, 0.06542157381772995, 0.06012389063835144, 0.06568257510662079, 0.0634843185544014, 0.06519161909818649, 0.06547614932060242, 0.06698942929506302, 0.06548503041267395, 0.06563346832990646, 0.06544250249862671, 0.06801420450210571, 0.06909501552581787, 0.07174428552389145], "testStd": [0.0, 0.0, 0.0, 0.0, 0.0, 0.0, 0.0, 0.0, 0.0, 0.0, 0.0, 0.0, 0.0, 0.0, 0.0]}}, "uniformEigen": {"1e0": {"loss": [1658035.0238204228, 738843.4790549141, 146877.52187816077, 8598.844888269334, 1747.1231803349087, 190.10076786222913, 287.51067159743536, 46.038596216837576, 17.472616994948616, 145.95346312749953, 4.594472049531483, 1594.176025881086, 36.27593045915876, 4.834026554652623, 3.1278151557559055, 2.135782223656064, 2.242205774216425, 2.0598820459275022, 1.9627730778285433, 2.021598870413644, 1.8606434595017205, 1.8840574173700244, 2.5317376999627976, 3.3399905068533764, 1.9640329815092539, 2.0582999093191967, 1.8311307089669362, 1.7724212101527619, 2.0311694735572448, 1.778892607915969, 2.463163121541341, 3.459652165004185, 2.986335409255255, 1.7582513355073472, 1.98451174781436, 2.2815332866850353, 1.8001118977864583, 1.8886759985060917, 2.210229201543899, 1.7493081774030412, 1.6829669589088077, 1.7258902050199965, 2.2049286251976374, 2.1869129544212704, 1.9920981270926341, 1.813187335786365, 1.9484165373302642, 2.509562138148717, 6.083922867547898, 6.188535672142391], "iden": [0.0, 0.0, 0.0, 0.0, 0.0, 0.0, 0.0, 0.0, 0.0, 0.0, 0.0, 0.0, 0.0, 0.0, 0.0, 0.0, 0.0, 0.0, 0.0, 0.0, 0.0, 0.0, 0.0, 0.0, 0.0, 0.0, 0.0, 0.0, 0.0, 0.0, 0.0, 0.0, 0.0, 0.0, 0.0, 0.0, 0.0, 0.0, 0.0, 0.0, 0.0, 0.0, 0.0, 0.0, 0.0, 0.0, 0.0, 0.0, 0.0, 0.0],