{"none": {"gaussianElement": {"1e0": {"loss": [3.236996096656436, 3.208290318080357, 3.178682091122582, 3.152992139543806, 3.141280546642485, 3.1297039213634674, 3.1170014154343377, 3.1044433957054496, 3.093405551002139, 3.083820869809105, 3.071930621919178, 3.0635486784435457, 3.0513880230131605, 3.040099825177874, 3.0329573858351937, 3.0189037504650296, 3.0087326776413685, 2.9972946348644434, 2.989110528855097, 2.9757499331519717, 2.9657790592738555, 2.9500248318626765, 2.939273434593564, 2.925612095424107, 2.9148038773309617, 2.8992688133603046, 2.88739128112793, 2.88823238554455, 2.8778105962844123, 2.870196097237723, 2.8434545607793895, 2.8354026976085844, 2.82438238234747, 2.8174711318243117, 2.812888481503441, 2.800770205543155, 2.8012377784365703, 2.799512518019904, 2.78721189953032, 2.7843169076102123, 2.778435570853097, 2.7730360121954054, 2.76809819539388, 2.765765653337751, 2.764961369832357, 2.7697175162179124, 2.7646702902657645, 2.7633004324776786, 2.7595962342761813, 2.756685474940709], "iden": [0.0, 0.0, 0.0, 0.0, 0.0, 0.0, 0.0, 0.0, 0.0, 0.0, 0.0, 0.0, 0.0, 0.0, 0.0, 0.0, 0.0, 0.0, 0.0, 0.0, 0.0, 0.0, 0.0, 0.0, 0.0, 0.0, 0.0, 0.0, 0.0, 0.0, 0.0, 0.0, 0.0, 0.0, 0.0, 0.0, 0.0, 0.0, 0.0, 0.0, 0.0, 0.0, 0.0, 0.0, 0.0, 0.0, 0.0, 0.0, 0.0, 0.0], "fwd": [0.8560436975388301, 0.8273378735496884, 0.7977296920049758, 0.772039658682687, 0.760328079405285, 0.7487515494936988, 0.7360490571884881, 0.7234910692487444, 0.712453251793271, 0.7028685070219495, 0.6909781864711216, 0.6825962884085519, 0.670435619354248, 0.6591474215189616, 0.6520049276806059, 0.6379513740539552, 0.6277802512759254, 0.6163422539120629, 0.6081581751505535, 0.5947975476582845, 0.58482666015625, 0.5690724645342146, 0.5583210536411831, 0.5446597144717262, 0.5338514691307432, 0.5183164006187803, 0.5064389001755487, 0.5072799909682499, 0.496858260745094, 0.4892437662397112, 0.46250215712047754, 0.4544502803257534, 0.4434299650646391, 0.43651880990891223, 0.4319361527760823, 0.419817776907058, 0.42028536569504504, 0.4185601370675223, 0.4062594958714076, 0.40336450849260597, 0.39748319671267557, 0.39208361988975887, 0.3871458530426025, 0.38481329963320776, 0.38400900704520086, 0.38876515343075707, 0.38371790477207735, 0.3823480401720319, 0.37864392825535365, 0.3757330849057152], "bwd": [0.0, 0.0, 0.0, 0.0, 0.0, 0.0, 0.0, 0.0, 0.0, 0.0, 0.0, 0.0, 0.0, 0.0, 0.0, 0.0, 0.0, 0.0, 0.0, 0.0, 0.0, 0.0, 0.0, 0.0, 0.0, 0.0, 0.0, 0.0, 0.0, 0.0, 0.0, 0.0, 0.0, 0.0, 0.0, 0.0, 0.0, 0.0, 0.0, 0.0, 0.0, 0.0, 0.0, 0.0, 0.0, 0.0, 0.0, 0.0, 0.0, 0.0], "cons": [0.0, 0.0, 0.0, 0.0, 0.0, 0.0, 0.0, 0.0, 0.0, 0.0, 0.0, 0.0, 0.0, 0.0, 0.0, 0.0, 0.0, 0.0, 0.0, 0.0, 0.0, 0.0, 0.0, 0.0, 0.0, 0.0, 0.0, 0.0, 0.0, 0.0, 0.0, 0.0, 0.0, 0.0, 0.0, 0.0, 0.0, 0.0, 0.0, 0.0, 0.0, 0.0, 0.0, 0.0, 0.0, 0.0, 0.0, 0.0, 0.0, 0.0], "eigen": [2.3809523809523805, 2.3809523809523805, 2.3809523809523805, 2.3809523809523805, 2.3809523809523805, 2.3809523809523805, 2.3809523809523805, 2.3809523809523805, 2.3809523809523805, 2.3809523809523805, 2.3809523809523805, 2.3809523809523805, 2.3809523809523805, 2.3809523809523805, 2.3809523809523805, 2.3809523809523805, 2.3809523809523805, 2.3809523809523805, 2.3809523809523805, 2.3809523809523805, 2.3809523809523805, 2.3809523809523805, 2.3809523809523805, 2.3809523809523805, 2.3809523809523805, 2.3809523809523805, 2.3809523809523805, 2.3809523809523805, 2.3809523809523805, 2.3809523809523805, 2.3809523809523805, 2.3809523809523805, 2.3809523809523805, 2.3809523809523805, 2.3809523809523805, 2.3809523809523805, 2.3809523809523805, 2.3809523809523805, 2.3809523809523805, 2.3809523809523805, 2.3809523809523805, 2.3809523809523805, 2.3809523809523805, 2.3809523809523805, 2.3809523809523805, 2.3809523809523805, 2.3809523809523805, 2.3809523809523805, 2.3809523809523805, 2.3809523809523805], "time": [1.8377073049545287, 4.224028611183167, 6.60309407711029, 8.995768165588379, 11.384126281738281, 13.768052339553833, 16.15910999774933, 18.555525946617127, 20.943266844749452, 23.332205390930177, 25.72934329509735, 28.12044668197632, 30.505011463165282, 32.887342715263365, 35.27465569972992, 37.66050043106079, 40.05136611461639, 42.43958351612091, 44.82979016304016, 47.213639807701114, 49.60652413368225, 51.989490675926206, 54.37552502155304, 56.75686848163605, 59.14053590297699, 61.518035244941714, 63.9059497833252, 66.29369733333587, 68.67797653675079, 71.05476250648499, 73.43817071914673, 75.82593486309051, 78.20198354721069, 80.58145577907563, 82.96849970817566, 85.35541269779205, 87.7511468887329, 90.12828061580657, 92.51721093654632, 94.910897731781, 97.29385812282563, 99.68155081272126, 102.06495592594146, 104.45086710453033, 106.84466063976288, 109.22825613021851, 111.61732420921325, 114.00380902290344, 116.39863457679749, 118.78670110702515], "fwd_val": [2.5103289710150825, 2.4247545878092445, 2.2742231369018553, 2.2153888066609704, 2.1606861538357203, 2.09949508243137, 2.047105937533909, 1.9891445371839733, 1.9407104386223686, 1.8861418830023873, 1.832527012295193, 1.7836152394612632, 1.7324874877929688, 1.6833318816290963, 1.6269172562493217, 1.5763133260938855, 1.5219619009229874, 1.4761099285549588, 1.4209627999199763, 1.3629432996114097, 1.305604796939426, 1.243898868560791, 1.1706338670518663, 1.1081095695495606, 1.0367093298170302, 0.9778492450714111, 0.9586471928490534, 0.91893822617001, 0.83587449921502, 0.7426924970414903, 0.7100459522671171, 0.649342648188273, 0.5975186665852864, 0.5556470288170708, 0.5171991427739462, 0.4913350025812785, 0.4806510130564371, 0.41920812129974366, 0.435859305328793, 0.3695590721236336, 0.3691735559039646, 0.3351412322786119, 0.31674142148759626, 0.3088535825411478, 0.32602898544735376, 0.2950623631477356, 0.30638488663567437, 0.28705263535181685, 0.26982315381368, 0.2615318112903171], "testAccuracy": [0.08581115305423737, 0.05616103112697601, 0.0531553290784359, 0.05360417440533638, 0.060514673590660095, 0.06389495730400085, 0.06461126357316971, 0.06069868803024292, 0.05966224893927574, 0.059296585619449615, 0.05955710634589195, 0.05892433226108551, 0.05907343700528145, 0.06207893416285515, 0.05948587879538536], "testStd": [0.0, 0.0, 0.0, 0.0, 0.0, 0.0, 0.0, 0.0, 0.0, 0.0, 0.0, 0.0, 0.0, 0.0, 0.0]}}, "uniformEigen": {"1e0": {"loss": [3.915701439267113, 4.4096378871372774, 4.078949337913876, 3.1064788818359377, 2.9431698390415737, 2.863258815947033, 2.828673335484096, 2.8048117683047336, 2.8083771478562127, 2.822120176042829, 2.843985857282367, 2.8910843622116813, 2.8261419205438525, 2.818703242710659, 2.7778358641124905, 2.7841195969354535, 2.786688395908901, 2.7686079842703686, 2.842546572004046, 2.781687872750419, 2.786942182268416, 2.7771889459519157, 2.773933864775158, 2.7670521145775204, 2.76648546854655, 2.78999882652646, 2.7880061558314733, 2.768822806222098, 2.791635458809989, 2.774541909354073, 2.775873111543201, 2.7780040740966796, 2.767656780424572, 2.770038604736328, 2.7778174082438154, 2.7770105997721353, 2.781625747680664, 2.771897415887742, 2.766418475196475, 2.7593507312593006, 2.7627069745744977, 2.7611405690511064, 2.7636282966250465, 2.779254659016927, 2.769875880650112, 2.762698109944661, 2.752924274262928, 2.7657146817161924, 2.7795332409086684, 2.754094423566546], "iden": [0.0, 0.0, 0.0, 0.0, 0.0, 0.0, 0.0, 0.0, 0.0, 0.0, 0.0, 0.0, 0.0, 0.0, 0.0, 0.0, 0.0, 0.0, 0.0, 0.0, 0.0, 0.0, 0.0, 0.0, 0.0, 0.0, 0.0, 0.0, 0.0, 0.0, 0.0, 0.0, 0.0, 0.0, 0.0, 0.0, 0.0, 0.0, 0.0, 0.0, 0.0, 0.0, 0.0, 0.0, 0.0, 0.0, 0.0, 0.0, 0.0, 0.0],