{"unit_circle_mse": {"gaussianElement": {"1e0": {"loss": [7.599619305323041, 7.413694835844493, 7.226162380642362, 7.083491734095982, 6.93915763733879, 6.804114932105655, 6.671212574792286, 6.541146414620536, 6.4149184454055055, 6.2870340498666915, 6.165272667294457, 6.0386643182663695, 5.914803156777033, 5.7951507568359375, 5.670394655257937, 5.549231877402654, 5.429367549835689, 5.310355534629216, 5.1930435422867065, 5.07321530296689, 4.962123810298859, 4.852683052184091, 4.748045300680494, 4.645246959867932, 4.55444820343502, 4.485338241334945, 4.38610597640749, 4.300934564499628, 4.213417416527157, 4.133194211929563, 4.0512621440584695, 3.9747894529312373, 3.8944398183671254, 3.8107539585658485, 3.7263924734933034, 3.648656693715898, 3.5706753200954857, 3.4946722605871776, 3.414905850849454, 3.338378058539496, 3.262822953481523, 3.1888052319723457, 3.11901849413675, 3.0432779826815164, 2.970591469416543, 2.9013048807779946, 2.8385811457558283, 2.766158452109685, 2.7070564996628534, 2.643657744876922], "iden": [0.0, 0.0, 0.0, 0.0, 0.0, 0.0, 0.0, 0.0, 0.0, 0.0, 0.0, 0.0, 0.0, 0.0, 0.0, 0.0, 0.0, 0.0, 0.0, 0.0, 0.0, 0.0, 0.0, 0.0, 0.0, 0.0, 0.0, 0.0, 0.0, 0.0, 0.0, 0.0, 0.0, 0.0, 0.0, 0.0, 0.0, 0.0, 0.0, 0.0, 0.0, 0.0, 0.0, 0.0, 0.0, 0.0, 0.0, 0.0, 0.0, 0.0], "fwd": [0.8636846996489025, 0.8470271882556734, 0.8013580564468626, 0.7887487260122148, 0.767597516377767, 0.7510176461840432, 0.7329958809746636, 0.7148970649355935, 0.6981768229651073, 0.6775874183291482, 0.6611340992034428, 0.6377673981681703, 0.6155453636532738, 0.5960912401714022, 0.5701570359487382, 0.5466732146247986, 0.5234721350291419, 0.4997910544985817, 0.475863532414512, 0.4473432207864428, 0.4267285210745675, 0.40697962140280103, 0.3906157660105872, 0.37514479198153056, 0.37124867666335337, 0.3882167831299797, 0.3728064128330775, 0.37035135238889666, 0.3650934431287977, 0.36709401721046087, 0.36715662668621735, 0.3723240806942894, 0.37255346207391654, 0.3687087921869187, 0.3636648919847277, 0.3647727663554843, 0.36493003179156586, 0.36643566404070177, 0.3632946014404297, 0.3627484336731926, 0.36265224880642366, 0.36328808466593426, 0.3671525016663566, 0.363657966492668, 0.36256017382182776, 0.3642075478084504, 0.3712175914219447, 0.36699764312259736, 0.3750311987740653, 0.37719320115588956], "bwd": [0.0, 0.0, 0.0, 0.0, 0.0, 0.0, 0.0, 0.0, 0.0, 0.0, 0.0, 0.0, 0.0, 0.0, 0.0, 0.0, 0.0, 0.0, 0.0, 0.0, 0.0, 0.0, 0.0, 0.0, 0.0, 0.0, 0.0, 0.0, 0.0, 0.0, 0.0, 0.0, 0.0, 0.0, 0.0, 0.0, 0.0, 0.0, 0.0, 0.0, 0.0, 0.0, 0.0, 0.0, 0.0, 0.0, 0.0, 0.0, 0.0, 0.0], "cons": [0.0, 0.0, 0.0, 0.0, 0.0, 0.0, 0.0, 0.0, 0.0, 0.0, 0.0, 0.0, 0.0, 0.0, 0.0, 0.0, 0.0, 0.0, 0.0, 0.0, 0.0, 0.0, 0.0, 0.0, 0.0, 0.0, 0.0, 0.0, 0.0, 0.0, 0.0, 0.0, 0.0, 0.0, 0.0, 0.0, 0.0, 0.0, 0.0, 0.0, 0.0, 0.0, 0.0, 0.0, 0.0, 0.0, 0.0, 0.0, 0.0, 0.0], "eigen": [6.73593502952939, 6.566667829241072, 6.4248042030939985, 6.29474361359127, 6.171559772794208, 6.053096710689484, 5.938216678679935, 5.826249622163318, 5.716741652715775, 5.6094466920882935, 5.504138764880952, 5.400897192576576, 5.29925779312376, 5.199059501526848, 5.100237528483073, 5.00255863250248, 4.905895293705048, 4.810564555819073, 4.717179797944568, 4.625872294108073, 4.535395183260478, 4.445703415643602, 4.357429504394531, 4.270102122473339, 4.183199322412885, 4.097121465773809, 4.013299608987475, 3.9305834089006697, 3.848324245876736, 3.7661002022879466, 3.6841056460425965, 3.602465432787698, 3.5218863108801464, 3.4420453026181175, 3.362727695041233, 3.283883836534288, 3.205745152064732, 3.1282367403545077, 3.0516112796843995, 2.975629655141679, 2.9001708257765997, 2.8255172002883184, 2.751865931919643, 2.6796199859134737, 2.608031378851997, 2.5370972648499506, 2.4673635089208212, 2.399160718160962, 2.3320253160264754, 2.266464596702939], "time": [2.4782252311706543, 5.014046986897786, 7.381587028503418, 9.739654858907064, 12.104521751403809, 14.482282320658365, 16.856714010238647, 19.22841779390971, 21.59979732831319, 23.965582450230915, 26.340285301208496, 28.716535329818726, 31.083922386169434, 33.45100768407186, 35.82844297091166, 38.20215423901876, 40.57486526171366, 42.93596235911051, 45.313390254974365, 47.7021541595459, 50.07567675908407, 52.46255302429199, 54.82997306187948, 57.21258576711019, 59.597814321517944, 61.97796638806661, 64.34593804677327, 66.715318997701, 69.0799077351888, 71.44933843612671, 73.83018565177917, 76.2063814798991, 78.57215078671773, 80.92751534779866, 83.29861505826314, 85.66680240631104, 88.04435420036316, 90.4114670753479, 92.77792294820149, 95.14899738629659, 97.51960881551106, 99.87282768885295, 102.2535773118337, 104.6313304901123, 106.995378891627, 109.35137852032979, 111.72099232673645, 114.09784015019734, 116.46985562642415, 118.83820605278015], "fwd_val": [2.522128917552807, 2.397907539650246, 2.34201501916956, 2.2499078114827475, 2.1723884299949363, 2.0917238306116173, 1.9994218614366321, 1.92083415278682, 1.8470520443386504, 1.7349936873824507, 1.6319813198513458, 1.531430173803259, 1.4241740262066875, 1.3091110653347438, 1.1852673777827512, 1.0593681335449219, 0.9341193128515174, 0.863828870985243, 0.6846448757030346, 0.5769133037990994, 0.45006561279296875, 0.35305940663373026, 0.28168178929222953, 0.24657602663393371, 0.23813893176891185, 0.24153077160870587, 0.2450436309531883, 0.21372162412714077, 0.2137623054009897, 0.2129458409768564, 0.2100512495747319, 0.23549900231537993, 0.21847958476455123, 0.2195610558545148, 0.20230744944678414, 0.20188915729522705, 0.21459287184256093, 0.1968127621544732, 0.197823339038425, 0.18944828157071714, 0.2098019387986925, 0.22517358815228497, 0.19621249922999628, 0.2029299117900707, 0.21055426862504747, 0.21204777117128726, 0.21925109845620616, 0.20184152656131318, 0.21258890628814697, 0.22176559766133627], "testAccuracy": [0.05995016545057297, 0.05883149057626724, 0.06620197743177414, 0.05489758402109146, 0.06006036698818207, 0.08481451123952866, 0.06748994439840317, 0.05039547383785248, 0.052390147000551224, 0.0578276664018631, 0.05596437677741051, 0.04976128041744232, 0.051840268075466156, 0.05235845223069191, 0.05283794179558754], "testStd": [0.0, 0.0, 0.0, 0.0, 0.0, 0.0, 0.0, 0.0, 0.0, 0.0, 0.0, 0.0, 0.0, 0.0, 0.0]}}}}