{"unit_circle_mse": {"gaussianElement": {"1e0": {"loss": [1.5285633026607452, 1.465533756074451, 1.4230020311143665, 1.3931196303594682, 1.364507281591022, 1.3361780075799852, 1.311040484716022, 1.2867328704349577, 1.2649532499767486, 1.2367591857910156, 1.2077508653913225, 1.1770888434516058, 1.1495259905618334, 1.121192629375155, 1.0893502613854789, 1.0603880201067242, 1.0309275369795543, 1.0040143633645677, 0.978203092302595, 0.9521154373411148, 0.9224942827981616, 0.898649942307245, 0.8803569854251921, 0.8600840492854043, 0.8504569038512214, 0.8418281191871281, 0.8333154708620102, 0.8246435135129898, 0.8211969042581225, 0.8180909837995256, 0.8138441963801308, 0.8075147356305804, 0.8023992871481275, 0.794392086210705, 0.7877119457910932, 0.7894901093982515, 0.780973161969866, 0.7800283583383711, 0.7672278237721276, 0.7762763159615654, 0.7660723792182074, 0.7573267316061353, 0.7595406486874535, 0.7474320729573568, 0.7435564010862321, 0.7357923568241181, 0.7343604224068777, 0.727638153802781, 0.723462876819429, 0.7173557735624767], "iden": [0.0, 0.0, 0.0, 0.0, 0.0, 0.0, 0.0, 0.0, 0.0, 0.0, 0.0, 0.0, 0.0, 0.0, 0.0, 0.0, 0.0, 0.0, 0.0, 0.0, 0.0, 0.0, 0.0, 0.0, 0.0, 0.0, 0.0, 0.0, 0.0, 0.0, 0.0, 0.0, 0.0, 0.0, 0.0, 0.0, 0.0, 0.0, 0.0, 0.0, 0.0, 0.0, 0.0, 0.0, 0.0, 0.0, 0.0, 0.0, 0.0, 0.0], "fwd": [0.8591646466936383, 0.811836454603407, 0.7828607407827226, 0.7655012342664932, 0.7486035785977802, 0.7314073017665318, 0.7168946795993381, 0.70260194748167, 0.6901944024222239, 0.6708137421380905, 0.6500586555117653, 0.6271455855596634, 0.6070121129353842, 0.5857315971737816, 0.5606830687749954, 0.5384227964613172, 0.5155136320326063, 0.4947780124724857, 0.4747029713221959, 0.45408209543379524, 0.4298039693681021, 0.4113639498513843, 0.39841270446777344, 0.3831288322569832, 0.378473751128666, 0.37474352215963697, 0.371081965310233, 0.36704509220426046, 0.36820030212402344, 0.3695128531683059, 0.36964584532238187, 0.3676929473876953, 0.36699065707978756, 0.36343995351640007, 0.3614711004590232, 0.368132992396279, 0.36430598819066606, 0.36800878766983275, 0.3597810911753821, 0.3735277009388757, 0.3678678860740056, 0.363655582306877, 0.3706031072707403, 0.36300581977480934, 0.36383513798789374, 0.36090652526371064, 0.36442867914835614, 0.362509878854903, 0.36318674541655044, 0.3619359485686771], "bwd": [0.0, 0.0, 0.0, 0.0, 0.0, 0.0, 0.0, 0.0, 0.0, 0.0, 0.0, 0.0, 0.0, 0.0, 0.0, 0.0, 0.0, 0.0, 0.0, 0.0, 0.0, 0.0, 0.0, 0.0, 0.0, 0.0, 0.0, 0.0, 0.0, 0.0, 0.0, 0.0, 0.0, 0.0, 0.0, 0.0, 0.0, 0.0, 0.0, 0.0, 0.0, 0.0, 0.0, 0.0, 0.0, 0.0, 0.0, 0.0, 0.0, 0.0], "cons": [0.0, 0.0, 0.0, 0.0, 0.0, 0.0, 0.0, 0.0, 0.0, 0.0, 0.0, 0.0, 0.0, 0.0, 0.0, 0.0, 0.0, 0.0, 0.0, 0.0, 0.0, 0.0, 0.0, 0.0, 0.0, 0.0, 0.0, 0.0, 0.0, 0.0, 0.0, 0.0, 0.0, 0.0, 0.0, 0.0, 0.0, 0.0, 0.0, 0.0, 0.0, 0.0, 0.0, 0.0, 0.0, 0.0, 0.0, 0.0, 0.0, 0.0], "eigen": [0.6693986559671069, 0.6536973317464193, 0.6401412600562687, 0.6276183204045371, 0.615903687855554, 0.6047707058134533, 0.5941457899789963, 0.5841309078156002, 0.5747588172791497, 0.5659454285152374, 0.5576922098795573, 0.5499432427542551, 0.542513892764137, 0.5354610019259983, 0.5286671926104833, 0.5219652236454071, 0.5154139049469478, 0.5092363508920821, 0.5035001361180865, 0.4980333873203822, 0.4926903134300595, 0.4872859773181733, 0.4819442658197312, 0.47695521702842103, 0.4719831224471804, 0.46708462730286615, 0.4622334979829334, 0.4575984288775732, 0.4529965869964115, 0.44857813820006354, 0.4441983661954365, 0.4398217579675099, 0.4354086224994962, 0.4309521478319925, 0.42624087560744517, 0.42135712457081625, 0.41666718134804376, 0.4120195630996946, 0.4074467401655893, 0.4027486225915333, 0.3982045158507332, 0.3936711871434772, 0.38893754141671316, 0.3844262456137037, 0.37972124039180694, 0.3748858542669387, 0.36993175839620923, 0.36512829008556547, 0.36027613140287856, 0.3554198249937996], "time": [1.839206616083781, 4.206695477167766, 6.601751645406087, 8.984304825464884, 11.36091168721517, 13.758057514826456, 16.149589776992798, 18.536596139272053, 20.91770013173421, 23.292944590250652, 25.688632249832153, 28.06291405359904, 30.459665218989056, 32.85233688354492, 35.2303938070933, 37.621026357014976, 39.998743613561, 42.38986746470133, 44.78050057093302, 47.164095083872475, 49.55873990058899, 51.95187218983968, 54.331501166025795, 56.72951078414917, 59.116414308547974, 61.492235819498696, 63.876059691111244, 66.27291520436604, 68.66153486569722, 71.03761156400044, 73.43363682428996, 75.80161897341411, 78.20024649302165, 80.5953237215678, 82.9957795937856, 85.37942838668823, 87.77231272061665, 90.15320531527202, 92.54223982493083, 94.93074186642964, 97.32554856936137, 99.71733689308167, 102.09969409306844, 104.49398835500081, 106.88883519172668, 109.27691419919331, 111.66629989941914, 114.05408986409505, 116.43223373095195, 118.83783912658691], "fwd_val": [2.4959660282841436, 2.3297403123643665, 2.2436046600341797, 2.161097208658854, 2.0829899399368847, 1.9966524618643302, 1.971292848940249, 1.9003738827175567, 1.7824344988222478, 1.694872502927427, 1.5728182616057218, 1.4740259029247145, 1.3706065637094003, 1.262418605663158, 1.1459061657940899, 1.0200440795333297, 0.9170640662864402, 0.8182748865198205, 0.7070939275953506, 0.5801232655843099, 0.48791853586832684, 0.39582704614709924, 0.33476020671703194, 0.27841156500357167, 0.24670868449740938, 0.23980094768382884, 0.21986480995460791, 0.21357923083835176, 0.2249120518013283, 0.21458131737179229, 0.22298903818483706, 0.22674903163203486, 0.1971320178773668, 0.19932529219874628, 0.2069593888741952, 0.20238523571579545, 0.21851035400673194, 0.19362948117432774, 0.2184688206072207, 0.22324691436908864, 0.20430440814406783, 0.2503263773741546, 0.21165615540963634, 0.207024026800085, 0.1888166489424529, 0.20354346875791196, 0.1873809231652154, 0.20994702533439355, 0.19354262175383394, 0.18868401756993047], "testAccuracy": [0.06478406488895416, 0.05892414227128029, 0.05943622812628746, 0.05781831592321396, 0.057843755930662155, 0.05686430633068085, 0.05312199518084526, 0.05129578709602356, 0.04971883445978165, 0.050952665507793427, 0.04854919761419296, 0.04815887287259102, 0.05504675209522247, 0.04917280748486519, 0.04866350442171097], "testStd": [0.0, 0.0, 0.0, 0.0, 0.0, 0.0, 0.0, 0.0, 0.0, 0.0, 0.0, 0.0, 0.0, 0.0, 0.0]}}}}