{"none": {"gaussianElement": {"1e0": {"loss": [0.5625797271728515, 0.5003160095214844, 0.5002921295166015, 0.5000459289550782, 0.5000359344482422, 0.5007717895507813, 0.5024767303466797, 0.5115718841552734, 0.5070551300048828, 0.5035445022583008, 0.5030800247192383, 0.5116864395141602, 0.5001335525512696, 0.5009188079833984, 0.5254671478271484, 0.5587466430664062, 0.5725014114379883, 0.5044636154174804, 0.500027084350586, 0.5000234603881836, 0.5320671844482422, 0.5000875091552734, 0.5702596282958985, 0.5161339950561523, 0.500338020324707, 0.5597275924682618, 0.5123452758789062, 0.5200666809082031, 0.5127407455444336, 0.5116402435302735, 0.5005205535888672, 0.5139015197753907, 0.5056573867797851, 0.5079533386230469, 0.511524772644043, 0.5000697708129883, 0.5021816635131836, 0.5049774932861328, 0.538524398803711, 0.5167854309082032, 0.5011389923095703, 0.519699592590332, 0.5544294738769531, 0.5392525100708008, 0.5004155731201172, 0.5200051498413086, 0.5008330535888672, 0.500031967163086, 0.5027996444702149, 0.5004436874389648, 0.5023395538330078, 0.5190682220458984, 0.5012220764160156, 0.5090400695800781, 0.5000247192382813, 0.500010871887207, 0.5379255676269531, 0.5011833953857422, 0.5002294540405273, 0.5000091552734375, 0.500866355895996, 0.5159452056884766, 0.5267036819458008, 0.5007550811767578, 0.526224365234375, 0.5018517684936523, 0.5000323486328125, 0.5000370025634766, 0.5000112915039062, 0.5034474182128906, 0.594653091430664, 0.5542781829833985, 0.5020193099975586, 0.5004790496826171, 0.504745979309082, 0.5052027893066406, 0.5000273132324219, 0.5051093673706055, 0.5002527236938477, 0.5125267028808593, 0.5018304061889648, 0.5055997467041016, 0.5000074005126953, 0.5220154190063476, 0.5107499694824219, 0.5001015090942382, 0.5003184509277344, 0.585773048400879, 0.5001444244384765, 0.5020108032226562, 0.5582125473022461, 0.5075738143920898, 0.5003873825073242, 0.5012649536132813, 0.5051631927490234, 0.5005186462402343, 0.5000069427490235, 0.5194565963745117, 0.5001784515380859, 0.509305191040039], "iden": [0.0, 0.0, 0.0, 0.0, 0.0, 0.0, 0.0, 0.0, 0.0, 0.0, 0.0, 0.0, 0.0, 0.0, 0.0, 0.0, 0.0, 0.0, 0.0, 0.0, 0.0, 0.0, 0.0, 0.0, 0.0, 0.0, 0.0, 0.0, 0.0, 0.0, 0.0, 0.0, 0.0, 0.0, 0.0, 0.0, 0.0, 0.0, 0.0, 0.0, 0.0, 0.0, 0.0, 0.0, 0.0, 0.0, 0.0, 0.0, 0.0, 0.0, 0.0, 0.0, 0.0, 0.0, 0.0, 0.0, 0.0, 0.0, 0.0, 0.0, 0.0, 0.0, 0.0, 0.0, 0.0, 0.0, 0.0, 0.0, 0.0, 0.0, 0.0, 0.0, 0.0, 0.0, 0.0, 0.0, 0.0, 0.0, 0.0, 0.0, 0.0, 0.0, 0.0, 0.0, 0.0, 0.0, 0.0, 0.0, 0.0, 0.0, 0.0, 0.0, 0.0, 0.0, 0.0, 0.0, 0.0, 0.0, 0.0, 0.0], "fwd": [0.06257975101470947, 0.0003160412237048149, 0.0002921484038233757, 4.589870572090149e-05, 3.5943954717367884e-05, 0.0007718258351087571, 0.0024767240881919863, 0.011571906805038452, 0.007055115699768066, 0.003544459342956543, 0.003080047070980072, 0.011686437129974366, 0.00013353357091546057, 0.0009187987446784973, 0.025467123985290527, 0.05874660491943359, 0.07250144481658935, 0.004463623464107514, 2.710091881453991e-05, 2.3442499805241824e-05, 0.03206717014312744, 8.750740438699722e-05, 0.07025965213775635, 0.016133995056152345, 0.00033804647624492647, 0.059727597236633304, 0.01234524965286255, 0.020066678524017334, 0.01274075984954834, 0.011640201807022094, 0.000520552396774292, 0.01390150785446167, 0.005657356977462768, 0.007953312397003174, 0.011524790525436401, 6.979305762797595e-05, 0.002181635946035385, 0.00497748851776123, 0.03852442264556885, 0.016785411834716796, 0.001138969659805298, 0.019699552059173585, 0.054429450035095216, 0.039252490997314454, 0.0004155796393752098, 0.02000514030456543, 0.0008330602198839187, 3.194411285221577e-05, 0.0027996334433555603, 0.000443681962788105, 0.0023395779728889467, 0.01906824588775635, 0.0012220592051744462, 0.009040073752403259, 2.4752747267484666e-05, 1.0871922131627799e-05, 0.03792560338973999, 0.0011834166944026947, 0.00022945193573832513, 9.16039280127734e-06, 0.0008663447201251984, 0.01594521403312683, 0.02670368432998657, 0.00075507253408432, 0.026224348545074463, 0.0018517766892910004, 3.234253264963627e-05, 3.697374602779746e-05, 1.1270056711509824e-05, 0.003447431921958923, 0.09465311050415039, 0.054278202056884765, 0.0020192769169807435, 0.00047906093299388886, 0.0047459876537323, 0.005202781558036804, 2.7304347604513168e-05, 0.005109364986419678, 0.00025274476036429405, 0.012526692152023315, 0.0018304170668125154, 0.005599753260612488, 7.394482381641865e-06, 0.022015399932861328, 0.010749982595443726, 0.000101521797478199, 0.0003184621036052704, 0.0857730484008789, 0.000144425705075264, 0.0020108035206794737, 0.05821253299713135, 0.007573791742324829, 0.0003874121978878975, 0.0012649127840995789, 0.005163162350654602, 0.0005186435580253601, 6.955620483495295e-06, 0.019456589221954347, 0.00017844881862401962, 0.009305210709571838], "bwd": [0.0, 0.0, 0.0, 0.0, 0.0, 0.0, 0.0, 0.0, 0.0, 0.0, 0.0, 0.0, 0.0, 0.0, 0.0, 0.0, 0.0, 0.0, 0.0, 0.0, 0.0, 0.0, 0.0, 0.0, 0.0, 0.0, 0.0, 0.0, 0.0, 0.0, 0.0, 0.0, 0.0, 0.0, 0.0, 0.0, 0.0, 0.0, 0.0, 0.0, 0.0, 0.0, 0.0, 0.0, 0.0, 0.0, 0.0, 0.0, 0.0, 0.0, 0.0, 0.0, 0.0, 0.0, 0.0, 0.0, 0.0, 0.0, 0.0, 0.0, 0.0, 0.0, 0.0, 0.0, 0.0, 0.0, 0.0, 0.0, 0.0, 0.0, 0.0, 0.0, 0.0, 0.0, 0.0, 0.0, 0.0, 0.0, 0.0, 0.0, 0.0, 0.0, 0.0, 0.0, 0.0, 0.0, 0.0, 0.0, 0.0, 0.0, 0.0, 0.0, 0.0, 0.0, 0.0, 0.0, 0.0, 0.0, 0.0, 0.0], "cons": [0.0, 0.0, 0.0, 0.0, 0.0, 0.0, 0.0, 0.0, 0.0, 0.0, 0.0, 0.0, 0.0, 0.0, 0.0, 0.0, 0.0, 0.0, 0.0, 0.0, 0.0, 0.0, 0.0, 0.0, 0.0, 0.0, 0.0, 0.0, 0.0, 0.0, 0.0, 0.0, 0.0, 0.0, 0.0, 0.0, 0.0, 0.0, 0.0, 0.0, 0.0, 0.0, 0.0, 0.0, 0.0, 0.0, 0.0, 0.0, 0.0, 0.0, 0.0, 0.0, 0.0, 0.0, 0.0, 0.0, 0.0, 0.0, 0.0, 0.0, 0.0, 0.0, 0.0, 0.0, 0.0, 0.0, 0.0, 0.0, 0.0, 0.0, 0.0, 0.0, 0.0, 0.0, 0.0, 0.0, 0.0, 0.0, 0.0, 0.0, 0.0, 0.0, 0.0, 0.0, 0.0, 0.0, 0.0, 0.0, 0.0, 0.0, 0.0, 0.0, 0.0, 0.0, 0.0, 0.0, 0.0, 0.0, 0.0, 0.0], "eigen": [0.5, 0.5, 0.5, 0.5, 0.5, 0.5, 0.5, 0.5, 0.5, 0.5, 0.5, 0.5, 0.5, 0.5, 0.5, 0.5, 0.5, 0.5, 0.5, 0.5, 0.5, 0.5, 0.5, 0.5, 0.5, 0.5, 0.5, 0.5, 0.5, 0.5, 0.5, 0.5, 0.5, 0.5, 0.5, 0.5, 0.5, 0.5, 0.5, 0.5, 0.5, 0.5, 0.5, 0.5, 0.5, 0.5, 0.5, 0.5, 0.5, 0.5, 0.5, 0.5, 0.5, 0.5, 0.5, 0.5, 0.5, 0.5, 0.5, 0.5, 0.5, 0.5, 0.5, 0.5, 0.5, 0.5, 0.5, 0.5, 0.5, 0.5, 0.5, 0.5, 0.5, 0.5, 0.5, 0.5, 0.5, 0.5, 0.5, 0.5, 0.5, 0.5, 0.5, 0.5, 0.5, 0.5, 0.5, 0.5, 0.5, 0.5, 0.5, 0.5, 0.5, 0.5, 0.5, 0.5, 0.5, 0.5, 0.5, 0.5],