{"none": {"xavierElement": {"1e0": {"loss": [0.2747537412599886, 0.24875811572488585, 0.22877569329248715, 0.21755609381688784, 0.17329059757598458, 0.14980325219838042, 0.13020252245201913, 0.10267070613495291, 0.0948378471479024, 0.08935533636781179, 0.08655741094998573, 0.09005590987532106, 0.08888019579186288, 0.08451542963176013, 0.08990440891213614, 0.08529022774195562, 0.08619660677975172, 0.08304353478836686, 0.08084946027085117, 0.08189504963077911], "iden": [0.0, 0.0, 0.0, 0.0, 0.0, 0.0, 0.0, 0.0, 0.0, 0.0, 0.0, 0.0, 0.0, 0.0, 0.0, 0.0, 0.0, 0.0, 0.0, 0.0], "fwd": [0.20900031660245433, 0.1830046910673516, 0.1630222825699201, 0.15180268309432077, 0.10753718685341752, 0.08404984147581336, 0.06444910476196847, 0.03691726754245148, 0.02908443642533533, 0.023601908226535746, 0.020803989776193278, 0.024302476508432327, 0.02312676765058683, 0.018761999748613194, 0.024150979028989192, 0.019536804826292272, 0.020443190831571954, 0.01729011013083262, 0.015096033871446026, 0.01614162845698666], "bwd": [0.0, 0.0, 0.0, 0.0, 0.0, 0.0, 0.0, 0.0, 0.0, 0.0, 0.0, 0.0, 0.0, 0.0, 0.0, 0.0, 0.0, 0.0, 0.0, 0.0], "cons": [0.0, 0.0, 0.0, 0.0, 0.0, 0.0, 0.0, 0.0, 0.0, 0.0, 0.0, 0.0, 0.0, 0.0, 0.0, 0.0, 0.0, 0.0, 0.0, 0.0], "eigen": [0.06575342465753424, 0.06575342465753424, 0.06575342465753424, 0.06575342465753424, 0.06575342465753424, 0.06575342465753424, 0.06575342465753424, 0.06575342465753424, 0.06575342465753424, 0.06575342465753424, 0.06575342465753424, 0.06575342465753424, 0.06575342465753424, 0.06575342465753424, 0.06575342465753424, 0.06575342465753424, 0.06575342465753424, 0.06575342465753424, 0.06575342465753424, 0.06575342465753424], "fwd_val": [0.17169912272221416, 0.14505779781587266, 0.15133572718947405, 0.11602001403264953, 0.08868744028747177, 0.06870794387447278, 0.048043362448372894, 0.027298280582335837, 0.026317770690349757, 0.020380906844676597, 0.029427568645676937, 0.046054931030565224, 0.03192369555889504, 0.02546923978317187, 0.027011878440537505, 0.031427265845251164, 0.023987306536875676, 0.023079094247541565, 0.025117627088574394, 0.02303894644006247], "testAccuracy": [0.13051719715197882, 0.09437839376429717, 0.07475308080514272, 0.09065769426524639, 0.09785576506207387, 0.10446317711224158, 0.11124433701237042, 0.11311736578742664, 0.11570723789433639, 0.1180838793516159, 0.11680137117703755, 0.11257306238015492, 0.10377060621976852, 0.09639407508075237, 0.09036574078102906, 0.08647491286198299, 0.08940921351313591, 0.09020061232149601, 0.09039084737499554, 0.09028557563821475, 0.08930174758036931, 0.09021646901965141, 0.0853395089507103, 0.08371865749359131, 0.08193962275981903, 0.07936481696863969, 0.07805787834028403, 0.0751658429702123, 0.07195485321183999], "testStd": [0.04584536491654806, 0.05021937189295511, 0.0332101942671493, 0.05642085565979532, 0.055644136641713984, 0.05367471989433226, 0.04238520353774568, 0.0281920914064148, 0.03457552781972471, 0.023570380468766906, 0.03158837884135676, 0.024310207700852206, 0.027563703136933855, 0.024869534335005813, 0.021079485693820073, 0.019046734295484494, 0.01993735919114532, 0.017941233578117513, 0.017266977682050523, 0.017425505441295758, 0.015165358979321778, 0.01703338901325316, 0.015570854752579034, 0.015841415633953082, 0.015332282425781756, 0.016542490607907703, 0.019542399748354786, 0.01502545003827523, 0.014936873440744866]}}}}