{"unit_circle_mse": {"gaussianElement": {"1e0": {"loss": [0.19219508340913954, 0.185106680534746, 0.14815080755921803, 0.1228424755079017, 0.06773466206032391, 0.0352765470879263, 0.02326975818094053, 0.024834843814100848, 0.02096931562031785, 0.02462290097589362, 0.02260323023687215, 0.021581511824098353, 0.02326733837388966, 0.023083961173279644, 0.022163963492058184, 0.02320448087230665, 0.022059672804183614, 0.022515970169137055, 0.023043443165957654, 0.022156522916332227], "iden": [0.0, 0.0, 0.0, 0.0, 0.0, 0.0, 0.0, 0.0, 0.0, 0.0, 0.0, 0.0, 0.0, 0.0, 0.0, 0.0, 0.0, 0.0, 0.0, 0.0], "fwd": [0.19174245059218037, 0.18466054141249283, 0.14770835841627428, 0.12240236883294091, 0.06729632651969178, 0.034839679596086616, 0.02283458343923908, 0.024401981928577163, 0.020538858910129496, 0.02419494768255922, 0.022177519776505422, 0.021158450052618436, 0.022846763645677264, 0.02266570348173516, 0.021747673069505386, 0.02278995322310217, 0.021646931269397474, 0.02210517082040168, 0.02263422648111979, 0.02174852937323862], "bwd": [0.0, 0.0, 0.0, 0.0, 0.0, 0.0, 0.0, 0.0, 0.0, 0.0, 0.0, 0.0, 0.0, 0.0, 0.0, 0.0, 0.0, 0.0, 0.0, 0.0], "cons": [0.0, 0.0, 0.0, 0.0, 0.0, 0.0, 0.0, 0.0, 0.0, 0.0, 0.0, 0.0, 0.0, 0.0, 0.0, 0.0, 0.0, 0.0, 0.0, 0.0], "eigen": [0.0004526321474275632, 0.00044614000951862773, 0.0004424461708765596, 0.00044010274486454656, 0.0004383314091320996, 0.0004368675299431091, 0.00043517621684836474, 0.0004328620161640045, 0.0004304571674294668, 0.00042795445276721974, 0.0004257111135683103, 0.0004230637038679428, 0.00042057439072491374, 0.000418256564771748, 0.0004162920718868029, 0.0004145274260272718, 0.00041274191037704957, 0.00041080007270046567, 0.0004092147306764507, 0.00040799353765026073], "time": [1.8513067245483399, 4.705403423309326, 7.51171236038208, 10.346858739852905, 13.133014488220216, 15.924021100997924, 18.748281526565552, 21.56793327331543, 24.40615859031677, 27.240311098098754, 30.076987409591673, 32.96213164329529, 35.81481637954712, 38.67644581794739, 41.56105380058288, 44.39081826210022, 47.22940702438355, 50.08436598777771, 52.93335061073303, 55.80204496383667], "fwd_val": [0.15464120321995586, 0.15924668803499134, 0.12112895595854607, 0.08610451047739161, 0.05079698641327076, 0.028090634778885838, 0.03463871135899794, 0.03071180661711332, 0.03216761231614387, 0.031828049957848215, 0.03463212327488763, 0.027423113296573286, 0.032239200973856276, 0.03238623837150046, 0.02932089547028288, 0.030424279147300164, 0.02957483969640809, 0.027308270387987388, 0.029267036626880294, 0.03409803202090824], "testAccuracy": [0.04512027961512407, 0.03180919742832581, 0.06637573894113302, 0.10684785433113575, 0.12846729469796023, 0.16072220355272293, 0.17288785427808762, 0.1870084578792254, 0.19379855195681253, 0.19462528079748154, 0.1844764327009519, 0.16427824646234512, 0.15097679694493613, 0.14198842893044153, 0.13491041834155718, 0.1348631332317988, 0.1349913887679577, 0.13231741512815157, 0.13019529854257902, 0.1258127416173617, 0.12207044288516045, 0.11633359889189403, 0.11378518740336101, 0.11162945255637169, 0.10425487036506335, 0.09975127503275871, 0.09521040817101796, 0.09057725841800372, 0.08806644131739934], "testStd": [0.02683813289304174, 0.014118449135685236, 0.03566121602591369, 0.0442132864155473, 0.04327789833984741, 0.036294925807461215, 0.028032998853259578, 0.04086751780539831, 0.026632716222686554, 0.03300185002197796, 0.02991725148232599, 0.025817692024683443, 0.017246741169162985, 0.008901330514602429, 0.008393360467531127, 0.011090744935329805, 0.012236994518394008, 0.011480530632754239, 0.012715957418111943, 0.01108620127903067, 0.01138771352897589, 0.013587859073154658, 0.01416630039084157, 0.014760331675552954, 0.012395806414590038, 0.013255619248777224, 0.008485751090896424, 0.008159930824679024, 0.00854752010276888]}}}}