{"unit_circle_mse": {"gaussianElement": {"1e0": {"loss": [0.19138173839272973, 0.17709365449902492, 0.1471579030587067, 0.13727658996117534, 0.08068329275470891, 0.040308641407587754, 0.027907490839152577, 0.026145613393101338, 0.028783126436230617, 0.02550537422911762, 0.023950930382018763, 0.027472957338190874, 0.027853676318396536, 0.026715232465909497, 0.024641585096013784, 0.024950087850678093, 0.02730510543289068, 0.026626398792005568, 0.02546763020926233, 0.024805834231674217], "iden": [0.0, 0.0, 0.0, 0.0, 0.0, 0.0, 0.0, 0.0, 0.0, 0.0, 0.0, 0.0, 0.0, 0.0, 0.0, 0.0, 0.0, 0.0, 0.0, 0.0], "fwd": [0.18687558341062593, 0.1726769805861753, 0.14280418268258896, 0.13296740341767146, 0.07640778702688, 0.03607338683245933, 0.023722683748335235, 0.022011655578148784, 0.024706340307877304, 0.021479738139670735, 0.019992542702313428, 0.023575760421869055, 0.024007789112480082, 0.02291232302127182, 0.020869997973855775, 0.021213461819304724, 0.02361524805449278, 0.022970964846908592, 0.02184414507954451, 0.02121601830515869], "bwd": [0.0, 0.0, 0.0, 0.0, 0.0, 0.0, 0.0, 0.0, 0.0, 0.0, 0.0, 0.0, 0.0, 0.0, 0.0, 0.0, 0.0, 0.0, 0.0, 0.0], "cons": [0.0, 0.0, 0.0, 0.0, 0.0, 0.0, 0.0, 0.0, 0.0, 0.0, 0.0, 0.0, 0.0, 0.0, 0.0, 0.0, 0.0, 0.0, 0.0, 0.0], "eigen": [0.004506150046802909, 0.004416663171312399, 0.004353715150505078, 0.004309184511321139, 0.004275499050657136, 0.004235254865440241, 0.004184805639258258, 0.004133957524640738, 0.004076785547729678, 0.004025637541005963, 0.003958387244237613, 0.0038971977872572713, 0.0038458901090346153, 0.0038029106058849412, 0.0037715866866902853, 0.0037366239991906574, 0.0036898566526183617, 0.0036554327112717534, 0.0036234862183871334, 0.00358981592651553], "time": [1.7897357940673828, 4.571548382441203, 7.415228207906087, 10.272331476211548, 13.120379765828451, 15.91776959101359, 18.739884614944458, 21.56124758720398, 24.397780021031696, 27.192290544509888, 29.95258402824402, 32.75157952308655, 35.561365922292076, 38.33786225318909, 41.147137800852455, 43.989231189092, 46.848899602890015, 49.62421147028605, 52.448628743489586, 55.260199785232544], "fwd_val": [0.1772770723602942, 0.14221063974526899, 0.13133071909268185, 0.08489091066474626, 0.04800141491975698, 0.033440954283367734, 0.02913542476573172, 0.03164308926493522, 0.03078486963554665, 0.038372616725011466, 0.03200559704392045, 0.03604119795340079, 0.028758687105667702, 0.03554719308980101, 0.03256501801315969, 0.02800181099342135, 0.027108820164261232, 0.0329134060020928, 0.026536741606407246, 0.0290614663194855], "testAccuracy": [0.03268001414835453, 0.030941626677910488, 0.0445893636594216, 0.05874215345829725, 0.08719317490855853, 0.1227659856279691, 0.1376201423505942, 0.16105836381514868, 0.1676119677722454, 0.1776910275220871, 0.1672393133242925, 0.1571702832976977, 0.14456651359796524, 0.13315048441290855, 0.12308818226059277, 0.11884611969192822, 0.11661456028620402, 0.11629531532526016, 0.11479994282126427, 0.11013241857290268, 0.1061307725807031, 0.10291552046934764, 0.10065246745944023, 0.09570636351903279, 0.09141202146808307, 0.09065350393454234, 0.08570722738901775, 0.08260516077280045, 0.07828485034406185], "testStd": [0.010301053202570692, 0.014945534298041376, 0.027409553659164438, 0.03269372867627084, 0.044312142124582954, 0.05372694106625964, 0.059479029232732746, 0.04287584927670511, 0.03588910221743235, 0.01889947852706836, 0.034263668887831215, 0.034347421912485895, 0.03501000644418796, 0.03228825724028766, 0.02573835517302068, 0.02249743833155529, 0.02141004829844931, 0.01796429533816616, 0.01811782988379595, 0.02057253212326145, 0.017993811570726454, 0.0171769175059561, 0.01656445237178203, 0.01577226377028142, 0.01151491701655034, 0.009739685045640717, 0.015117284226799067, 0.012608971962237744, 0.012379108625810554]}}}}