{"none": {"gaussianElement": {"1e0": {"loss": [0.24117821541006706, 0.21699757197131847, 0.15957106498822773, 0.11888225398651539, 0.09061055640651754, 0.08640986891097674, 0.08944368824022546, 0.08755736189890126, 0.0897595827982306, 0.08752702686884631, 0.09016792750249715, 0.08971756190469819, 0.0902280318029395, 0.09043401709430293, 0.0874682394228025, 0.08910475221398759, 0.0896601498399151, 0.08889136745505138, 0.08557106749652184, 0.08829363679232663], "iden": [0.0, 0.0, 0.0, 0.0, 0.0, 0.0, 0.0, 0.0, 0.0, 0.0, 0.0, 0.0, 0.0, 0.0, 0.0, 0.0, 0.0, 0.0, 0.0, 0.0], "fwd": [0.17542478796553937, 0.15124415567476454, 0.09381764729817708, 0.053128823754994295, 0.024857134884350922, 0.020656447040435934, 0.023690261840820313, 0.02180393619624447, 0.024006160579315608, 0.02177359872757028, 0.02441450354171126, 0.023964138640660673, 0.024474606448656892, 0.02468059592051049, 0.021714818249010063, 0.023351327904827517, 0.023906727969374285, 0.023137941055646226, 0.019817646671103563, 0.022540208999424764], "bwd": [0.0, 0.0, 0.0, 0.0, 0.0, 0.0, 0.0, 0.0, 0.0, 0.0, 0.0, 0.0, 0.0, 0.0, 0.0, 0.0, 0.0, 0.0, 0.0, 0.0], "cons": [0.0, 0.0, 0.0, 0.0, 0.0, 0.0, 0.0, 0.0, 0.0, 0.0, 0.0, 0.0, 0.0, 0.0, 0.0, 0.0, 0.0, 0.0, 0.0, 0.0], "eigen": [0.06575342465753424, 0.06575342465753424, 0.06575342465753424, 0.06575342465753424, 0.06575342465753424, 0.06575342465753424, 0.06575342465753424, 0.06575342465753424, 0.06575342465753424, 0.06575342465753424, 0.06575342465753424, 0.06575342465753424, 0.06575342465753424, 0.06575342465753424, 0.06575342465753424, 0.06575342465753424, 0.06575342465753424, 0.06575342465753424, 0.06575342465753424, 0.06575342465753424], "time": [1.5374794960021974, 3.9396109580993652, 6.363386011123657, 8.754135179519654, 11.177053022384644, 13.59622507095337, 16.019304275512695, 18.450996303558348, 20.876365661621094, 23.2769983291626, 25.700192737579346, 28.129294681549073, 30.53919553756714, 32.95552659034729, 35.38014283180237, 37.76201181411743, 40.169029521942136, 42.57826743125916, 44.98265519142151, 47.398488426208495], "fwd_val": [0.1500833270246472, 0.12719511845645504, 0.06240591168787553, 0.02965432290293744, 0.03585703645543392, 0.03509199652886813, 0.030725832300293653, 0.032910628614410305, 0.03268858247141139, 0.0318448544220456, 0.033641257714150226, 0.032196715565311354, 0.03093000882681633, 0.029710029255172864, 0.03397518724635028, 0.03155718036895789, 0.03277791354583273, 0.02770625397970903, 0.02769292400079073, 0.027676532545911327], "testAccuracy": [0.04148431991537412, 0.03777875658124685, 0.03351146696756283, 0.029071916515628498, 0.06312671427925427, 0.09782589723666509, 0.10897855336467425, 0.13592010363936424, 0.14390651136636734, 0.1628333404660225, 0.1540183424949646, 0.14629404991865158, 0.12980163718263307, 0.11598274732629459, 0.10703734681010246, 0.10415637865662575, 0.10300899172822635, 0.10436873510479927, 0.10309228176871936, 0.09746750816702843, 0.09272411093115807, 0.08840171496073405, 0.08624634643395741, 0.08107896707952023, 0.07982696779072285, 0.07920912901560466, 0.07375049280623595, 0.07109309732913971, 0.06654093538721402], "testStd": [0.01056582540763746, 0.01604419873104911, 0.02151896550688435, 0.014088957633622043, 0.03576812042984275, 0.038012586256705866, 0.039731629061036514, 0.023637414683285205, 0.01992880350772114, 0.021867304883119866, 0.030187489087485767, 0.03591570731536006, 0.03148305836830936, 0.03018188034601178, 0.023084362334875763, 0.018786011673889956, 0.01871255331609504, 0.01929399709693415, 0.019188816346499594, 0.019269094402237057, 0.017908999725690208, 0.014893804884375706, 0.01441420376625142, 0.01552969533952497, 0.014276219144558304, 0.013249064225530495, 0.0147847033301819, 0.015021616191756213, 0.012393901885828142]}}, "spikeAndSlab": {"1e-1": {"loss": [0.1918073429473459, 0.11017183068680439, 0.09321570548837044, 0.09169629658738228, 0.08668170110275757, 0.08617338833743579, 0.08722043808192423, 0.08496157293450343, 0.08364047812544592, 0.08454404229987157, 0.08685143736399473, 0.08262663540774828, 0.08150412502898471, 0.08082460168289811, 0.08066822208770333, 0.08126382627443637, 0.07949050972995148, 0.07983686612621291, 0.07991270579159533, 0.08081430792264199], "iden": [0.0, 0.0, 0.0, 0.0, 0.0, 0.0, 0.0, 0.0, 0.0, 0.0, 0.0, 0.0, 0.0, 0.0, 0.0, 0.0, 0.0, 0.0, 0.0, 0.0], "fwd": [0.12605391550281822, 0.044418404635773394, 0.027462278740591112, 0.025942870884725487, 0.020928275400100775, 0.02041997029901095, 0.02146701203089326, 0.0192081461867241, 0.01788705416466003, 0.018790621126079123, 0.021098008351783232, 0.016873212492084937, 0.015750703855192283, 0.015071180683292756, 0.01491479359805312, 0.015510401094340842, 0.013737089427094482, 0.014083442513801192, 0.014159278521254728, 0.015060882394172284], "bwd": [0.0, 0.0, 0.0, 0.0, 0.0, 0.0, 0.0, 0.0, 0.0, 0.0, 0.0, 0.0, 0.0, 0.0, 0.0, 0.0, 0.0, 0.0, 0.0, 0.0], "cons": [0.0, 0.0, 0.0, 0.0, 0.0, 0.0, 0.0, 0.0, 0.0, 0.0, 0.0, 0.0, 0.0, 0.0, 0.0, 0.0, 0.0, 0.0, 0.0, 0.0], "eigen": [0.06575342465753424, 0.06575342465753424, 0.06575342465753424, 0.06575342465753424, 0.06575342465753424, 0.06575342465753424, 0.06575342465753424, 0.06575342465753424, 0.06575342465753424, 0.06575342465753424, 0.06575342465753424, 0.06575342465753424, 0.06575342465753424, 0.06575342465753424, 0.06575342465753424, 0.06575342465753424, 0.06575342465753424, 0.06575342465753424, 0.06575342465753424, 0.06575342465753424], "time": [1.5343398094177245, 3.9375893115997314, 6.3651018142700195, 8.76192626953125, 11.171685314178466, 13.560975790023804, 15.95871376991272, 18.379875278472902, 20.77734246253967, 23.164961194992067, 25.581869077682494, 27.959218740463257, 30.35962119102478, 32.76278595924377, 35.14558305740356, 37.53011531829834, 39.93215374946594, 42.339356136322024, 44.74784340858459, 47.1540271282196], "fwd_val": [0.06751863363284419, 0.031061137039304354, 0.023576770749261032, 0.025068817488045313, 0.021881033170626358, 0.02085970995314839, 0.021079790880138744, 0.019985198881027202, 0.01865874416106373, 0.030221717695491136, 0.021739391764196987, 0.019537208851984733, 0.019753229320529194, 0.016874215873063283, 0.01887159539497609, 0.018090223407015903, 0.0193754343043011, 0.01832359905164215, 0.018288662259417457, 0.017729522894929954], "testAccuracy": [0.023440939839929342, 0.04034084640443325, 0.04692060345162948, 0.04218421302114924, 0.054039170344670616, 0.057581821301331125, 0.06528298432628314, 0.05618290541072687, 0.061933660258849464, 0.061220912262797356, 0.07073527574539185, 0.06384294511129458, 0.06771454960107803, 0.04722165440519651, 0.04621241055428982, 0.03769645529488722, 0.04634503306200107, 0.04256270732730627, 0.04883679344008366, 0.04232276603579521, 0.04337239917367697, 0.03750172505776087, 0.04207731410861015, 0.03582118016978105, 0.03770694384972254, 0.03508400001252691, 0.03713121792922417, 0.031197336968034506, 0.030248478055000305], "testStd": [0.011674963029230944, 0.027402555301001826, 0.0306915095235934, 0.0307602177380516, 0.030507584933829178, 0.02371058680249155, 0.019417223240220445, 0.016108465539049627, 0.02509755814366434, 0.02627867138032553, 0.03263817909088171, 0.028987780193524767, 0.02608303768965284, 0.016245895741745342, 0.010944083233296811, 0.007299574054893447, 0.010666107384103554, 0.01131315879531094, 0.013956706460992318, 0.012724482146740681, 0.016604571566347308, 0.014601903640515553, 0.016216384925475107, 0.01582942252177351, 0.01622916139475891, 0.0159116600582249, 0.016475387034477384, 0.01423564829802954, 0.013385928887836969]}}}}