{
    "unit_circle_mae": {
        "gaussianElement": {
            "1e0": {
                "loss": [
                    0.03589245057360041,
                    0.028858886207801204,
                    0.0236316071253389,
                    0.018403205116771307,
                    0.013701217395892787,
                    0.01145107350574418,
                    0.010519766263221495,
                    0.009643321276799729,
                    0.008342924364807035,
                    0.007755111740785828,
                    0.007428625185195714,
                    0.007413194676693898,
                    0.006716501041452997,
                    0.006622112976724517,
                    0.0065605940158327235
                ],
                "iden": [
                    0.016815346379621208,
                    0.011211554064235367,
                    0.006338086991912517,
                    0.002906374953108836,
                    0.0013869321872473125,
                    0.0009032234572203011,
                    0.0010679263139605705,
                    0.0010818869011587203,
                    0.0009648448074607908,
                    0.0009620086606053277,
                    0.0009980807021328303,
                    0.0010931458828837542,
                    0.0008032420273059398,
                    0.0007965986224251431,
                    0.0007965333748444393
                ],
                "fwd": [
                    0.013573254624458209,
                    0.012202578447362241,
                    0.01189454106253939,
                    0.01013528106782353,
                    0.006987213326371425,
                    0.005255174273951051,
                    0.004190560780703749,
                    0.0033285167845053935,
                    0.0021722498912608063,
                    0.0016166253358443213,
                    0.0012845705996183865,
                    0.001203639975421505,
                    0.0008259042212952218,
                    0.0007678066033025129,
                    0.0007354988173625603
                ],
                "bwd": [
                    0.0,
                    0.0,
                    0.0,
                    0.0,
                    0.0,
                    0.0,
                    0.0,
                    0.0,
                    0.0,
                    0.0,
                    0.0,
                    0.0,
                    0.0,
                    0.0,
                    0.0
                ],
                "cons": [
                    0.0,
                    0.0,
                    0.0,
                    0.0,
                    0.0,
                    0.0,
                    0.0,
                    0.0,
                    0.0,
                    0.0,
                    0.0,
                    0.0,
                    0.0,
                    0.0,
                    0.0
                ],
                "eigen": [
                    0.005503850004988718,
                    0.005444752970424054,
                    0.005398978199951544,
                    0.005361550329664164,
                    0.005327071591962236,
                    0.0052926754479720355,
                    0.005261279095979223,
                    0.005232916647622211,
                    0.005205829539074019,
                    0.005176477272579478,
                    0.005145973919733474,
                    0.005116409144989432,
                    0.005087354883574278,
                    0.005057707660274418,
                    0.005028561515169419
                ],
                "fwd_val": [
                    0.014310779074987798,
                    0.013413964094363165,
                    0.011036196312658645,
                    0.009513919832113924,
                    0.0072428704275921095,
                    0.005818033815869962,
                    0.004413836114248536,
                    0.0027078729116878264,
                    0.0021270551147380312,
                    0.0015559256060815793,
                    0.001314790581487483,
                    0.0012280247211696254,
                    0.001079434834388687,
                    0.0010327837378450511,
                    0.0010319041684109936
                ]
            }
        }
    },
    "unit_circle_mse": {
        "gaussianElement": {
            "1e0": {
                "loss": [
                    0.03437073822253734,
                    0.027981046563414134,
                    0.022096777325170045,
                    0.016574234287488405,
                    0.013240509091265487,
                    0.01101170573241816,
                    0.009697203149897143,
                    0.008004107540600922,
                    0.006634951145863061,
                    0.00635526938706954,
                    0.006505701567302918,
                    0.006095253931332941,
                    0.00582561246154878,
                    0.005069356857369479,
                    0.005593159499959495
                ],
                "iden": [
                    0.01648481766745743,
                    0.011290367625801169,
                    0.006332918280335866,
                    0.002770080813171294,
                    0.0015246520485144952,
                    0.0010629306645153864,
                    0.0010709446859142008,
                    0.0009345488461185264,
                    0.0007363748877015833,
                    0.0009180172393311103,
                    0.0011546580940258195,
                    0.0010442141528543272,
                    0.0010096444386869805,
                    0.0006958213208110003,
                    0.0009971006094411448
                ],
                "fwd": [
                    0.013377549622882628,
                    0.01227209012802333,
                    0.011416655298055944,
                    0.009519332874129717,
                    0.00749185596971207,
                    0.005787757107111962,
                    0.004529052600831565,
                    0.0030321487008708793,
                    0.001919154453132432,
                    0.001517067579736811,
                    0.0014887437428513619,
                    0.0012430253457079558,
                    0.0010608399113926532,
                    0.0006707955894586339,
                    0.0009467910776762476
                ],
                "bwd": [
                    0.0,
                    0.0,
                    0.0,
                    0.0,
                    0.0,
                    0.0,
                    0.0,
                    0.0,
                    0.0,
                    0.0,
                    0.0,
                    0.0,
                    0.0,
                    0.0,
                    0.0
                ],
                "cons": [
                    0.0,
                    0.0,
                    0.0,
                    0.0,
                    0.0,
                    0.0,
                    0.0,
                    0.0,
                    0.0,
                    0.0,
                    0.0,
                    0.0,
                    0.0,
                    0.0,
                    0.0
                ],
                "eigen": [
                    0.0045083706418854634,
                    0.0044185899708369,
                    0.0043472022952191535,
                    0.004284819656673995,
                    0.0042240019439743716,
                    0.004161018214813651,
                    0.004097205064793882,
                    0.004037410846402474,
                    0.003979421786884558,
                    0.003920184531712641,
                    0.0038623001296044846,
                    0.0038080137069911174,
                    0.003755128256625055,
                    0.003702740110400242,
                    0.003649268012431477
                ],