{"unit_circle_mse": {"gaussianElement": {"1e0": {"loss": [0.19432028295786957, 0.1690604431988442, 0.1612599133356521, 0.1334655719913848, 0.07607238908880923, 0.033661122430949444, 0.029904512379267445, 0.026554031720444495, 0.02472839425143586, 0.026397312112050514, 0.02717645270639359, 0.026565870171812566, 0.0278515318430722, 0.025132955960487126, 0.02511070774026113, 0.024877102647197846, 0.025451136201484016, 0.02424019591449058, 0.02625032154936769, 0.02614816325984589], "iden": [0.0, 0.0, 0.0, 0.0, 0.0, 0.0, 0.0, 0.0, 0.0, 0.0, 0.0, 0.0, 0.0, 0.0, 0.0, 0.0, 0.0, 0.0, 0.0, 0.0], "fwd": [0.1897947435074201, 0.1646251911877497, 0.15688543171643124, 0.12913246747021262, 0.07177137540355664, 0.029403337800883816, 0.025698857416301013, 0.022402135073866476, 0.02063603649400685, 0.022363455088715574, 0.023193732483746253, 0.02262673434601527, 0.02396205536306721, 0.02128818808080943, 0.021303602941504355, 0.021106759336985408, 0.02171324917170555, 0.02053498464087918, 0.02257919694735035, 0.022513039993913207], "bwd": [0.0, 0.0, 0.0, 0.0, 0.0, 0.0, 0.0, 0.0, 0.0, 0.0, 0.0, 0.0, 0.0, 0.0, 0.0, 0.0, 0.0, 0.0, 0.0, 0.0], "cons": [0.0, 0.0, 0.0, 0.0, 0.0, 0.0, 0.0, 0.0, 0.0, 0.0, 0.0, 0.0, 0.0, 0.0, 0.0, 0.0, 0.0, 0.0, 0.0, 0.0], "eigen": [0.004525543108378371, 0.004435248527352668, 0.004374484144933692, 0.004333107133978578, 0.004301018039929812, 0.004257783846223736, 0.004205655224247066, 0.0041518970820457425, 0.004092356973587106, 0.00403385650077367, 0.0039827202226473315, 0.003939134606487675, 0.00388947604453727, 0.00384476787967769, 0.003807104972943868, 0.0037703447908026986, 0.003737887682980054, 0.0037052113607049532, 0.0036711237310818887, 0.0036351243981487674], "time": [1.8120762348175048, 4.65473198890686, 7.486839628219604, 10.27408471107483, 13.079093503952027, 15.927503681182861, 18.75306119918823, 21.56380429267883, 24.377087688446046, 27.21744270324707, 29.99966049194336, 32.85250701904297, 35.60115733146667, 38.38571019172669, 41.1870135307312, 44.011934185028075, 46.86066150665283, 49.69868383407593, 52.49800696372986, 55.33202152252197], "fwd_val": [0.1686155169866319, 0.1413956946796841, 0.13598249006578506, 0.07979524460007795, 0.04143104243201718, 0.031222652141214762, 0.02953127866877834, 0.03151590170011812, 0.03409189497887032, 0.033901433034795495, 0.031238827661231712, 0.03168447569564537, 0.031059163612060115, 0.030934750515481703, 0.03034874195541929, 0.02935652244782102, 0.032733853605250426, 0.030031325170191397, 0.028848650432439244, 0.03261381214463577], "testAccuracy": [0.0536790049324433, 0.04753803679098686, 0.05233991239219904, 0.05225077271461487, 0.08487868184844653, 0.11466766086717446, 0.14200503875811896, 0.14640267317493758, 0.1597054104010264, 0.1724825327595075, 0.17375736807783446, 0.1638295017182827, 0.1519839974741141, 0.13953112438321114, 0.12774823357661566, 0.12308843433856964, 0.1202614704767863, 0.12084600577751796, 0.12059604873259862, 0.11877009148399036, 0.11544191464781761, 0.10996788615981738, 0.10708640019098918, 0.10091804713010788, 0.09822426115473111, 0.09724188720186551, 0.09495853384335835, 0.08898641044894855, 0.08482128381729126], "testStd": [0.04444560120099142, 0.029317770430289884, 0.04567271470722355, 0.04556229321049973, 0.061696092335852146, 0.05427463986133735, 0.05007277041452979, 0.03759274488148133, 0.021436356306109842, 0.01783751786839534, 0.0296967904038942, 0.029720885472165063, 0.024926462012379823, 0.02426081158711218, 0.01884231861558785, 0.01614534893178749, 0.01453547177913662, 0.014120069424254405, 0.013685879595988201, 0.017276920084079106, 0.019443262147678074, 0.013611442668822337, 0.010733689294697785, 0.011163055159410377, 0.009704180454334485, 0.00891599735010239, 0.010865922864653424, 0.012565485136094137, 0.010756068657315387]}}}}