{"unit_circle_mse": {"gaussianElement": {"1e0": {"loss": [0.23396663299978596, 0.22358438291506136, 0.1915003751293165, 0.162043980986016, 0.11695543820455194, 0.07593914990011416, 0.06432137267230308, 0.06381078153984732, 0.06558548043307648, 0.061397145589192716, 0.06175401800843679, 0.06006894952086008, 0.059250964857127573, 0.05900354881809183, 0.05896385715432364, 0.05759359211682184, 0.05727954185172303, 0.05750928765562572, 0.056743919337721174, 0.0561465753703357], "iden": [0.0, 0.0, 0.0, 0.0, 0.0, 0.0, 0.0, 0.0, 0.0, 0.0, 0.0, 0.0, 0.0, 0.0, 0.0, 0.0, 0.0, 0.0, 0.0, 0.0], "fwd": [0.1884140112193208, 0.1789472076555365, 0.14756471120059217, 0.11865099902566709, 0.07401245395886843, 0.03351499618460599, 0.022611384631291916, 0.02289130537477258, 0.025423325839107985, 0.021907084913558614, 0.02290752114770619, 0.02187119784420484, 0.021650351607091896, 0.021983583006140305, 0.022493563438659388, 0.02166141004867205, 0.02191560335899597, 0.022691459133200448, 0.02243414055811216, 0.022332690513297303], "bwd": [0.0, 0.0, 0.0, 0.0, 0.0, 0.0, 0.0, 0.0, 0.0, 0.0, 0.0, 0.0, 0.0, 0.0, 0.0, 0.0, 0.0, 0.0, 0.0, 0.0], "cons": [0.0, 0.0, 0.0, 0.0, 0.0, 0.0, 0.0, 0.0, 0.0, 0.0, 0.0, 0.0, 0.0, 0.0, 0.0, 0.0, 0.0, 0.0, 0.0, 0.0], "eigen": [0.045552617599975025, 0.04463718362050513, 0.04393567089620791, 0.04339297290262022, 0.042942983548935144, 0.04242415336713399, 0.0417099890861337, 0.04091947651344892, 0.0401621528520976, 0.03949006520449843, 0.03884649268024044, 0.038197749586410173, 0.03760061185653896, 0.037019965463577345, 0.03647029510916096, 0.03593217893278218, 0.03536394162809468, 0.03481782817405108, 0.034309778082860655, 0.03381388555378675], "time": [1.781984281539917, 4.548675298690796, 7.3096832752227785, 10.090154790878296, 12.85226755142212, 15.613911962509155, 18.356780672073363, 21.109769344329834, 23.873703479766846, 26.62532172203064, 29.400937175750734, 32.14707736968994, 34.91200942993164, 37.669829320907596, 40.42198119163513, 43.21597862243652, 45.99788084030151, 48.752267026901244, 51.51818585395813, 54.29753174781799], "fwd_val": [0.174239190419515, 0.14495916165015546, 0.11666716352561053, 0.09179964347737998, 0.04349429806073507, 0.028603390252724552, 0.0342701513554163, 0.035331869883621754, 0.03383943512915798, 0.03188817625844344, 0.026537534081033654, 0.03038537597310716, 0.0303002057875988, 0.035816526077027865, 0.03146920970576589, 0.030719673182461375, 0.031949587067928095, 0.030680210857191713, 0.029841347257104283, 0.030900589701826058], "testAccuracy": [0.08522881505390008, 0.0711381696164608, 0.0778910294175148, 0.10766445472836494, 0.14179348262647787, 0.1414822849134604, 0.16266732042034468, 0.159104373306036, 0.1482121410469214, 0.142325342943271, 0.1335600366195043, 0.12995113184054694, 0.12106518571575482, 0.11739928151170413, 0.11313392966985703, 0.10767829045653343, 0.1041128436724345, 0.10343176871538162, 0.09969478100538254, 0.09520529707272847, 0.09212603171666463, 0.08949139962593715, 0.0866193746527036, 0.08025018995006879, 0.07851313861707847, 0.07396726310253143, 0.07193017937242985, 0.07009248621761799, 0.0661499835550785], "testStd": [0.041330273656122296, 0.031263008347085806, 0.035845619364198215, 0.041964926766556776, 0.0472973024174582, 0.059400100656614746, 0.04482166936486999, 0.031854662762323065, 0.03564000482491692, 0.026735410741096623, 0.029058342160425715, 0.035230300475300916, 0.03078143174526858, 0.02927331485775321, 0.022475885166154792, 0.01766361084827834, 0.016821882527454347, 0.016652717555850276, 0.015955033104951298, 0.01748581573679581, 0.016460584297349617, 0.015338046520983107, 0.01544764820428567, 0.015016255901093845, 0.013837121610908647, 0.01383808343995009, 0.014316996905682127, 0.01575765887443749, 0.012935546943550112]}}, "spikeAndSlab": {"1e-1": {"loss": [0.1564570011504709, 0.08213349364119578, 0.042255152175415596, 0.03268788829786048, 0.03383723986203267, 0.024203778271261415, 0.023915268362384952, 0.024012348401492044, 0.021029038799407818, 0.019778545153195454, 0.022163592125182825, 0.023488936402481984, 0.019652403043285353, 0.01968814449223209, 0.01973328298629691, 0.018572033050397764, 0.020509507340383308, 0.02110566474531339, 0.01990231588006564, 0.01903741113671429], "iden": [0.0, 0.0, 0.0, 0.0, 0.0, 0.0, 0.0, 0.0, 0.0, 0.0, 0.0, 0.0, 0.0, 0.0, 0.0, 0.0, 0.0, 0.0, 0.0, 0.0], "fwd": [0.15633847310662816, 0.08202124748055793, 0.04214603929214826, 0.0325769739717109, 0.03372025407068262, 0.024083733754615262, 0.02379103046574005, 0.0238841498388003, 0.02089763589101295, 0.019644339922900617, 0.022029399436358447, 0.02335330144455444, 0.019514355245790524, 0.01954917036779395, 0.01959323586938588, 0.018430810519005063, 0.020370160107198915, 0.020965870199682508, 0.01976188659667969, 0.018896538024623648], "bwd": [0.0, 0.0, 0.0, 0.0, 0.0, 0.0, 0.0, 0.0, 0.0, 0.0, 0.0, 0.0, 0.0, 0.0, 0.0, 0.0, 0.0, 0.0, 0.0, 0.0], "cons": [0.0, 0.0, 0.0, 0.0, 0.0, 0.0, 0.0, 0.0, 0.0, 0.0, 0.0, 0.0, 0.0, 0.0, 0.0, 0.0, 0.0, 0.0, 0.0, 0.0], "eigen": [0.0001185240518284715, 0.00011224306745616269, 0.00010911511844151642, 0.00011091362667954676, 0.0001169859308358197, 0.00012004542976753896, 0.00012423908329445478, 0.0001281985926301512, 0.00013140271515606745, 0.00013420504930356867, 0.00013419312837461357, 0.00013563574993447083, 0.00013804840306713158, 0.00013897278945739956, 0.00014004665558740972, 0.00014122252731018416, 0.00013934832593621727, 0.00013979402170878022, 0.00014042829814022535, 0.00014087295831610621], "time": [1.8103388786315917, 4.561821460723877, 7.300361776351929, 10.058704090118407, 12.831940650939941, 15.558955717086793, 18.33853135108948, 21.079703187942506, 23.852656507492064, 26.610278511047362, 29.359931802749635, 32.1148820400238, 34.88830466270447, 37.6308358669281, 40.41738767623902, 43.167809915542605, 45.939159870147705, 48.689206171035764, 51.437885475158694, 54.194475412368774], "fwd_val": [0.1121053392568456, 0.04909015575276865, 0.03541734290583698, 0.029627254312549044, 0.025068968903999206, 0.023355872547568903, 0.024170679242714592, 0.02312090858553151, 0.021662765280636036, 0.020973609529447632, 0.02861595913983773, 0.027449158683491216, 0.02436377359569169, 0.023234198068459062, 0.019888909463433253, 0.021005398699722812, 0.026496674146821154, 0.02312465013033334, 0.021968953608986642, 0.017335454642100803], "testAccuracy": [0.03663753826792041, 0.0421415309732159, 0.04111607403804859, 0.04706191426763932, 0.052389662712812424, 0.06010198903580507, 0.05463983863592148, 0.04478695926566919, 0.059187711837391056, 0.05642574466764927, 0.05296525886903206, 0.046521928161382675, 0.04640710105498632, 0.04276853706687689, 0.0357574246202906, 0.03402913920581341, 0.04029816792656978, 0.037890345168610416, 0.037898060555259384, 0.03372652983913819, 0.038620142887036, 0.03447960844884316, 0.03087552326420943, 0.029297719864795606, 0.030519237276166677, 0.03000223683193326, 0.028659952338784933, 0.024686784638712805, 0.023052137345075607], "testStd": [0.024485741377018082, 0.027554762419187886, 0.02936638201118444, 0.027731364274000157, 0.030152084322167764, 0.024965117461536707, 0.013288656251914537, 0.015001420232532271, 0.024757608692167872, 0.024620022219229157, 0.024706874634656338, 0.018894229370004664, 0.017279993322185938, 0.014018700583812056, 0.007055006124220904, 0.006712801202330086, 0.010055057563074832, 0.009721569974350478, 0.010650275575382203, 0.009068540092927563, 0.012507656652833349, 0.010484703154991214, 0.01065300152422978, 0.010442977971488208, 0.011678383887567312, 0.011066464296315245, 0.010816279010526574, 0.007736549540189263, 0.007285891264634362]}}}}