{"unit_circle_mse": {"gaussianElement": {"1e0": {"loss": [0.6382306493471748, 0.6192754708904109, 0.5915163919805936, 0.531288583137129, 0.4670594766695205, 0.43600991166345604, 0.42260309088720033, 0.41513810109874427, 0.407184490047089, 0.39868972847995143, 0.3924002256349886, 0.3849193109660388, 0.3771939435288242, 0.37358271907998, 0.36472774418521686, 0.3601717847014127, 0.3533431658461758, 0.34611698795126994, 0.34110353234696056, 0.3357067034995719], "iden": [0.0, 0.0, 0.0, 0.0, 0.0, 0.0, 0.0, 0.0, 0.0, 0.0, 0.0, 0.0, 0.0, 0.0, 0.0, 0.0, 0.0, 0.0, 0.0, 0.0], "fwd": [0.18696318604630424, 0.17931621673444637, 0.16081872391374144, 0.10857427727686216, 0.051590566417397975, 0.02786226873528468, 0.022143482225670662, 0.022557241013060968, 0.02233756914530715, 0.021070755562281503, 0.0217402279649151, 0.02107617800638556, 0.0202363488881011, 0.023210110947421696, 0.02069401362170912, 0.02251748803543718, 0.021935937611479737, 0.020828469333039026, 0.021797799236698237, 0.02228208149949165], "bwd": [0.0, 0.0, 0.0, 0.0, 0.0, 0.0, 0.0, 0.0, 0.0, 0.0, 0.0, 0.0, 0.0, 0.0, 0.0, 0.0, 0.0, 0.0, 0.0, 0.0], "cons": [0.0, 0.0, 0.0, 0.0, 0.0, 0.0, 0.0, 0.0, 0.0, 0.0, 0.0, 0.0, 0.0, 0.0, 0.0, 0.0, 0.0, 0.0, 0.0, 0.0], "eigen": [0.4512674577268836, 0.43995924858197777, 0.4306976680668521, 0.4227142696293522, 0.4154689004976455, 0.40814762481271405, 0.4004596030875428, 0.3925808674015411, 0.38484693274650406, 0.3776189488798516, 0.37065997119363586, 0.3638431301726598, 0.3569576064854452, 0.3503726154484161, 0.34403371593179227, 0.3376543102525685, 0.3314072421696632, 0.3252885151344892, 0.3193057320651399, 0.31342462966431217], "time": [1.8384636878967284, 4.5975871086120605, 7.404233598709107, 10.184541416168212, 12.98484754562378, 15.769005393981933, 18.55048985481262, 21.352773427963257, 24.16715302467346, 26.976574659347534, 29.77355613708496, 32.55572714805603, 35.397866296768186, 38.169373989105225, 40.94681558609009, 43.71136684417725, 46.49835295677185, 49.28381299972534, 52.0629584312439, 54.87839932441712], "fwd_val": [0.1611335120147361, 0.14861318368266746, 0.11012804130041273, 0.07235263073501955, 0.03271773237249126, 0.02986299772289448, 0.029973664596652832, 0.027972460277798483, 0.031236755511994906, 0.03378485692200069, 0.02388287182303443, 0.025352861541480837, 0.029457785205948567, 0.028060053300934328, 0.02924944273227655, 0.02835110812275498, 0.026172411072273378, 0.028616342773951964, 0.029257601197215093, 0.025440330138720945], "testAccuracy": [0.05431820824742317, 0.04912906729926666, 0.05526896224667629, 0.091559037566185, 0.12378461410601933, 0.1451091654598713, 0.14948666468262672, 0.16061058640480042, 0.1566599297026793, 0.14830195158720016, 0.13274106631676355, 0.12300307924548785, 0.11380475014448166, 0.10788003851970036, 0.10556656991442044, 0.1040117194255193, 0.10214231784145038, 0.09882689639925957, 0.09614437570174535, 0.09287161752581596, 0.08947896088163058, 0.0876678532610337, 0.08328218509753545, 0.07928956237932046, 0.07585623301565647, 0.07135853357613087, 0.0671484178553025, 0.06428720367451508, 0.06169944008191427], "testStd": [0.019189202750912075, 0.029391554803287034, 0.02784932080596741, 0.0413914370679053, 0.026713943599089882, 0.034802640744569756, 0.025208527213432943, 0.0321123352791041, 0.03859743271803915, 0.047021130906881495, 0.04058912023183473, 0.036528313836336354, 0.029615190390273178, 0.024200845417364922, 0.02154474149318173, 0.0225983898200853, 0.02295643197335057, 0.021851429846081405, 0.02171763314759174, 0.020028148547575852, 0.02228387543987529, 0.0204371825596847, 0.01967900026140089, 0.01906508092287845, 0.016392207323015297, 0.017776040405190794, 0.01453429484573912, 0.014371108263291205, 0.01427803825729186]}}}}