{"unit_circle_mae": {"gaussianElement": {"1e0": {"loss": [0.03563258201564284, 0.029729759355658265, 0.022659306286676836, 0.01703921418211776, 0.014485670290036834], "iden": [0.01670021475177922, 0.01164939584253041, 0.006118967282717632, 0.0026174299031087797, 0.0015553266925898862], "fwd": [0.013481030573039293, 0.012685544262193654, 0.01118899253949727, 0.009107842205866285, 0.0076514320286441605], "bwd": [0.0, 0.0, 0.0, 0.0, 0.0], "cons": [0.0, 0.0, 0.0, 0.0, 0.0], "eigen": [0.0054513362553566015, 0.005394819773495469, 0.005351346464461932, 0.005313941354620947, 0.005278911590576172], "fwd_val": [0.014182695045755297, 0.013486876320723751, 0.011220433684170918, 0.00957404005786647, 0.007318690756332856]}}}, "unit_circle_mse": {"gaussianElement": {"1e0": {"loss": [0.033914371298872724, 0.02822857373381314, 0.020894480840256226, 0.016630703738835306, 0.013123789051352027], "iden": [0.016136387515830124, 0.011320265765603818, 0.005876717284389826, 0.002809630333016452, 0.0014752571441267177], "fwd": [0.013197395289869612, 0.012421898950724843, 0.010606959878581845, 0.009477306261454542, 0.0073665670281675855], "bwd": [0.0, 0.0, 0.0, 0.0, 0.0], "cons": [0.0, 0.0, 0.0, 0.0, 0.0], "eigen": [0.004580587448050443, 0.004486410149700565, 0.004410803938565189, 0.0043437681241666895, 0.00428196458511701], "fwd_val": [0.014367083725242032, 0.013866013156523069, 0.01114680342340239, 0.00876487899997576, 0.007005930124465586]}}}, "none": {"gaussianElement": {"1e0": {"loss": [0.035368491046504885, 0.03036127900424069, 0.023895660121691285, 0.01801485767103221, 0.014563913737257867], "iden": [0.01586181779974672, 0.011409527417187277, 0.006167080805181913, 0.002600995939071864, 0.0013316823576138988], "fwd": [0.012931328952040303, 0.012376408598738717, 0.011153236197554355, 0.00883851917911338, 0.006656889022757474], "bwd": [0.0, 0.0, 0.0, 0.0, 0.0], "cons": [0.0, 0.0, 0.0, 0.0, 0.0], "eigen": [0.006575343597969506, 0.006575343597969506, 0.006575343597969506, 0.006575343597969506, 0.006575343597969506], "fwd_val": [0.014292277810846165, 0.013526135015986776, 0.01123830321666315, 0.009035807731598854, 0.006658723822010504]}}}}