{"unit_circle_mse": {"gaussianElement": {"1e0": {"loss": [0.22811533377776586, 0.21123611241170803, 0.18452473586734208, 0.16618748495023541, 0.11203652995906464, 0.07207331316293285, 0.06479552340108329, 0.0653384668823428, 0.06273343624771095, 0.06092166290979951, 0.0622086384162148, 0.05833432039350861, 0.0577962483445259, 0.06141523015734993, 0.056954145504096505, 0.05596937995341633, 0.055436331460102135, 0.05793647359676738, 0.05530646337221747, 0.053525305157201296], "iden": [0.0, 0.0, 0.0, 0.0, 0.0, 0.0, 0.0, 0.0, 0.0, 0.0, 0.0, 0.0, 0.0, 0.0, 0.0, 0.0, 0.0, 0.0, 0.0, 0.0], "fwd": [0.18287902088832997, 0.16694093933569967, 0.14094795679937214, 0.12315617623757373, 0.06945585718256515, 0.030036211521839624, 0.023456927086120325, 0.024710141650799388, 0.022824596596635095, 0.02174305618262908, 0.023722981027635082, 0.020444728903574485, 0.02058092288593542, 0.024859248122123825, 0.020992122284353595, 0.020563760812605535, 0.020562230869333856, 0.023542959250997374, 0.021375808251321404, 0.020050557454427083], "bwd": [0.0, 0.0, 0.0, 0.0, 0.0, 0.0, 0.0, 0.0, 0.0, 0.0, 0.0, 0.0, 0.0, 0.0, 0.0, 0.0, 0.0, 0.0, 0.0, 0.0], "cons": [0.0, 0.0, 0.0, 0.0, 0.0, 0.0, 0.0, 0.0, 0.0, 0.0, 0.0, 0.0, 0.0, 0.0, 0.0, 0.0, 0.0, 0.0, 0.0, 0.0], "eigen": [0.04523630359945777, 0.04429517423725563, 0.0435768069379043, 0.04303130406767266, 0.04258066116402683, 0.04203709757672779, 0.04133859921808112, 0.040628324650919784, 0.03990884255419402, 0.03917861079153587, 0.03848565854982698, 0.037889594973675916, 0.03721532720046138, 0.036555983777097005, 0.03596202321974291, 0.03540561159270358, 0.03487409710702649, 0.03439351260389911, 0.033930654540272435, 0.03347474421903241], "time": [1.8669927914937336, 4.802274624506633, 7.816553910573323, 10.68126114209493, 13.529293219248453, 16.408783594767254, 19.25856868426005, 22.108911752700806, 24.96167453130086, 27.849969307581585, 30.789700587590534, 33.705444733301796, 36.537560860315956, 39.38255055745443, 42.31402095158895, 45.21693253517151, 48.07325847943624, 50.93745183944702, 53.87118260065714, 56.73966272672018], "fwd_val": [0.16980734821039056, 0.15337477706800656, 0.12882827992600518, 0.07741611674467978, 0.04255953971026601, 0.0330786097412844, 0.03321628841225076, 0.02910805233242815, 0.036050131323512875, 0.0320896057754963, 0.033856837421863614, 0.03047650632554974, 0.024444986064780863, 0.03991436884727007, 0.029181207491707814, 0.02905986975964461, 0.029795614433621314, 0.02980462636476681, 0.029754790035038947, 0.027569926519324814], "testAccuracy": [0.16325675199429193, 0.05604640177140633, 0.07367592304944992, 0.09357772736499707, 0.11764862698813279, 0.1260693371295929, 0.11585474262634914, 0.1208508921166261, 0.128392793238163, 0.13343007365862528, 0.12934818242986998, 0.12427652378877004, 0.11611404394110043, 0.1052033727367719, 0.09807267785072327, 0.09698081761598587, 0.09618140012025833, 0.09539802372455597, 0.09306615901490052, 0.08893723972141743, 0.08513099948565166, 0.0799891296774149, 0.07789869916935761, 0.07516533446808656, 0.07335922804971536, 0.07165952275196712, 0.06579297905166943, 0.06176283458868662, 0.059967988481124244], "testStd": [0.07502406110138751, 0.037843569146870704, 0.04420295103251092, 0.05647911973906958, 0.04847863791930052, 0.025003889305980614, 0.021136481825889522, 0.027496248576451977, 0.03939753399428044, 0.04856508256555452, 0.04675292116989858, 0.042469855841663094, 0.03468225999122667, 0.025802924561199484, 0.02151605621928194, 0.020941129673056294, 0.021797430805492485, 0.02346618033064621, 0.025091896347092836, 0.022750265767174423, 0.021468739666489243, 0.022882037106392077, 0.022466450966902543, 0.022432384167938187, 0.022608637139512288, 0.022571698442235437, 0.01975380419491925, 0.015962290403088122, 0.014419116680278574]}}}}