{"unit_circle_mae": {"gaussianElement": {"1e0": {"loss": [0.35891516837899545, 0.3528335455164336, 0.3469033790251617, 0.341532679170234, 0.33771157181970607, 0.3355180314759323, 0.3338755763502426, 0.3326519524561216, 0.3320539268365915, 0.3314662595426655, 0.3312524544122193, 0.3310162158426085, 0.33094617126557746, 0.33085963326139173, 0.3308977667635798, 0.3308461739410911, 0.3308260332685265, 0.3307693941299229, 0.33072065890470415, 0.33072143554687494, 0.33050223665513223, 0.3305875948320967, 0.33056134692791567, 0.33057620903491247, 0.33078597302487633, 0.3304952134316733, 0.33048893526445966, 0.33054557997705003, 0.3304865347341134, 0.33030245195966507, 0.3304901169496765, 0.33047951894263694, 0.3304967797219844, 0.33038992825164093, 0.3303724203588756, 0.33054460638734307, 0.330355635226408, 0.3303296474416143, 0.3303383335711568, 0.33023007745612154, 0.3301089398574249, 0.33049228151457855, 0.3301511107841039, 0.3302987248204433, 0.3303239545430222, 0.3301252512010083, 0.3302047752717133, 0.33018524773770447, 0.33016451064854446, 0.33024539105605494], "iden": [0.016826202125491255, 0.011904422463891713, 0.0069759448441922035, 0.00333030313117319, 0.0016906145537099154, 0.0013296146879094558, 0.0012202269628167695, 0.0012095069413497206, 0.0012678075743955382, 0.0011489513874779734, 0.0011507155144051331, 0.0010898419275675733, 0.001097807256417006, 0.0010798178960199224, 0.0011040709261843423, 0.0010960179993732516, 0.0010811706402167518, 0.001054866684081892, 0.0010181692673553978, 0.0010076182037365127, 0.0008986652024441841, 0.0009409339097718308, 0.0009242729327812951, 0.0009218851616393485, 0.0009982278466769002, 0.0008520399526192535, 0.0008526970008373988, 0.000873103029288839, 0.000831851708834574, 0.0007371772623860491, 0.0008155788605978864, 0.000805360120543969, 0.0008009904523236928, 0.0007241361181122708, 0.0007203302880581836, 0.000789970520605961, 0.0006993835266322306, 0.000681388042470273, 0.0006762340660327464, 0.0006291634125615183, 0.0005836552190998373, 0.0006956339100180152, 0.0005865618790665717, 0.0006118503952316679, 0.0006380063758048837, 0.0005476161188912355, 0.0005728485359267376, 0.0005741901466654135, 0.0005295953032088606, 0.000566450745729188], "fwd": [0.013321834430665551, 0.012162001506741552, 0.011160306364433948, 0.009435248237040854, 0.007253820834457422, 0.0054212794311151846, 0.0038882261795903273, 0.002675321301731708, 0.002019004095997803, 0.0015501807269440394, 0.0013346212458211356, 0.0011592462218878296, 0.0010812368567131427, 0.0010126925930040614, 0.0010265795462389153, 0.0009830256212429004, 0.0009777426356775757, 0.0009474081136683168, 0.0009353750172996811, 0.0009467026051502431, 0.000836452283815706, 0.0008795457071365286, 0.0008699647948440714, 0.0008871873691564645, 0.0010206241295580814, 0.0008760506486239498, 0.0008691219252901352, 0.0009053480389274236, 0.0008875577526005436, 0.0007981524765037874, 0.0009074175121940254, 0.0009070212946271969, 0.0009286669255028758, 0.00089867437266868, 0.0008849672113560833, 0.0009875096432876006, 0.0008891335288502128, 0.0008811295232090595, 0.0008949594483165075, 0.00083378219894804, 0.0007581561595156131, 0.0010295340314484805, 0.0007974274554027633, 0.0009197478098412081, 0.0009188209857389081, 0.0008105155140660487, 0.0008648016245942138, 0.0008439270836759012, 0.00086779331689193, 0.0009118200400830041], "bwd": [0.0, 0.0, 0.0, 0.0, 0.0, 0.0, 0.0, 0.0, 0.0, 0.0, 0.0, 0.0, 0.0, 0.0, 0.0, 0.0, 0.0, 0.0, 0.0, 0.0, 0.0, 0.0, 0.0, 0.0, 0.0, 0.0, 0.0, 0.0, 0.0, 0.0, 0.0, 0.0, 0.0, 0.0, 0.0, 0.0, 0.0, 0.0, 0.0, 0.0, 0.0, 0.0, 0.0, 0.0, 0.0, 0.0, 0.0, 0.0, 0.0, 0.0], "cons": [0.0, 0.0, 0.0, 0.0, 0.0, 0.0, 0.0, 0.0, 0.0, 0.0, 0.0, 0.0, 0.0, 0.0, 0.0, 0.0, 0.0, 0.0, 0.0, 0.0, 0.0, 0.0, 0.0, 0.0, 0.0, 0.0, 0.0, 0.0, 0.0, 0.0, 0.0, 0.0, 0.0, 0.0, 0.0, 0.0, 0.0, 0.0, 0.0, 0.0, 0.0, 0.0, 0.0, 0.0, 0.0, 0.0, 0.0, 0.0, 0.0, 0.0], "eigen": [0.3287671232876711, 0.3287671232876711, 0.3287671232876711, 0.3287671232876711, 0.3287671232876711, 0.3287671232876711, 0.3287671232876711, 0.3287671232876711, 0.3287671232876711, 0.3287671232876711, 0.3287671232876711, 0.3287671232876711, 0.3287671232876711, 0.3287671232876711, 0.3287671232876711, 0.3287671232876711, 0.3287671232876711, 0.3287671232876711, 0.3287671232876711, 0.3287671232876711, 0.3287671232876711, 0.3287671232876711, 0.3287671232876711, 0.3287671232876711, 0.3287671232876711, 0.3287671232876711, 0.3287671232876711, 0.3287671232876711, 0.3287671232876711, 0.3287671232876711, 0.3287671232876711, 0.3287671232876711, 0.3287671232876711, 0.3287671232876711, 0.3287671232876711, 0.3287671232876711, 0.3287671232876711, 0.3287671232876711, 0.3287671232876711, 0.3287671232876711, 0.3287671232876711, 0.3287671232876711, 0.3287671232876711, 0.3287671232876711, 0.3287671232876711, 0.3287671232876711, 0.3287671232876711, 0.3287671232876711, 0.3287671232876711, 0.3287671232876711], "fwd_val": [0.014488339347347928, 0.013622881736860309, 0.01108145592549253, 0.009233726262726326, 0.0066839337684874, 0.005093340483712561, 0.003396903518317402, 0.0025658198024915615, 0.001808807884817378, 0.0015967880060243403, 0.0013729845347123894, 0.0011590337113817726, 0.0011635744013392155, 0.0011191664579545883, 0.0011653631592646312, 0.0009215211042843387, 0.001050185480405503, 0.0010592501407556167, 0.0010053375296962563, 0.0010769891816076898, 0.0008439748864910866, 0.0010603849600122714, 0.0010549667792747691, 0.0010048929265471824, 0.0009833568531142022, 0.000986275483738637, 0.0010042479180771373, 0.0010543442382244768, 0.0009287685286343674, 0.0009684659854093515, 0.0010431180744603383, 0.000983228727473297, 0.0009671611383445342, 0.001072977641342439, 0.0010835376867581552, 0.0009666461358071812, 0.0010335699686609605, 0.0008943403572128046, 0.0009200849939763578, 0.0009321617906372264, 0.0009010378559286468, 0.001005329405893914, 0.0010295045206156297, 0.0009548342390804762, 0.0009593103971818218, 0.0010263177216296962, 0.000900938775204422, 0.0008804536284603904, 0.000928370944177807, 0.0009050931611562763]}}}, "unit_circle_mse": {"gaussianElement": {"1e0": {"loss": [0.3581288126070205, 0.3537594794936739, 0.34734563772355403, 0.3413788352745672, 0.3380128755380756, 0.33529236861741335, 0.3340154295388604, 0.3325287023164003, 0.33160761584974313, 0.3315256745267313, 0.33107864077958526, 0.33093206722079527, 0.33093398095628807, 0.33087951567256474, 0.33076926035423804, 0.3306422700693255, 0.33074711490439496, 0.331068144962305, 0.33063743370671617, 0.3305993262164668, 0.3305405410929177, 0.3305323919241105, 0.3307774745528919, 0.3304159364743864, 0.33041491457679323, 0.33024487267527586, 0.3304929726889508, 0.33065917225551755, 0.3304682000332953, 0.3303745570538432, 0.33045183109184734, 0.3304418685193113, 0.3303732230129853, 0.3304895223910769, 0.33033584943100736, 0.33033875905215465, 0.3304246783437976, 0.3303201753799229, 0.33032255547231737, 0.33022622583119293, 0.33021540672267413, 0.33037521292629857, 0.330407280072774, 0.3301251378632753, 0.33007785001664763, 0.33031152641029304, 0.33029253955301086, 0.33009943620980786, 0.33022555881076393, 0.33013837794009226],