{"none": {"gaussianElement": {"1e0": {"loss": [0.24785127822666952, 0.23629695247841753, 0.2218638380912885, 0.17639340196025968, 0.12785062885719892, 0.09843149263564856, 0.0920909487928974, 0.08603727715200485, 0.08734245404805221, 0.0886287100456621, 0.08889667389055365, 0.0870976320031571, 0.08921446360409532, 0.08708931422124715, 0.08763577535272189, 0.09019709756929581, 0.08696924775702769, 0.08773502158247717, 0.08820144722995149, 0.08723084889590468], "iden": [0.0, 0.0, 0.0, 0.0, 0.0, 0.0, 0.0, 0.0, 0.0, 0.0, 0.0, 0.0, 0.0, 0.0, 0.0, 0.0, 0.0, 0.0, 0.0, 0.0], "fwd": [0.1820978563561287, 0.17054352224689642, 0.15611041900774117, 0.1106399884506992, 0.062097205593161384, 0.0326780679781143, 0.026337520999995544, 0.020283853539593142, 0.021589025906776183, 0.02287528678162457, 0.023143250974890305, 0.02134420699724868, 0.023461038598186896, 0.021335888518590362, 0.021882352088684363, 0.024443676047129177, 0.021215824144615973, 0.021981592396078588, 0.022448022572417237, 0.021477424238370436], "bwd": [0.0, 0.0, 0.0, 0.0, 0.0, 0.0, 0.0, 0.0, 0.0, 0.0, 0.0, 0.0, 0.0, 0.0, 0.0, 0.0, 0.0, 0.0, 0.0, 0.0], "cons": [0.0, 0.0, 0.0, 0.0, 0.0, 0.0, 0.0, 0.0, 0.0, 0.0, 0.0, 0.0, 0.0, 0.0, 0.0, 0.0, 0.0, 0.0, 0.0, 0.0], "eigen": [0.06575342465753424, 0.06575342465753424, 0.06575342465753424, 0.06575342465753424, 0.06575342465753424, 0.06575342465753424, 0.06575342465753424, 0.06575342465753424, 0.06575342465753424, 0.06575342465753424, 0.06575342465753424, 0.06575342465753424, 0.06575342465753424, 0.06575342465753424, 0.06575342465753424, 0.06575342465753424, 0.06575342465753424, 0.06575342465753424, 0.06575342465753424, 0.06575342465753424], "time": [1.6372084140777587, 4.182903051376343, 6.709726428985595, 9.255035495758056, 11.80203037261963, 14.336762142181396, 16.867309284210204, 19.39868755340576, 21.938722991943358, 24.48011484146118, 27.013899946212767, 29.55966725349426, 32.09333429336548, 34.630621671676636, 37.14190545082092, 39.68076405525208, 42.215142822265626, 44.726307010650636, 47.282023191452026, 49.82138156890869], "fwd_val": [0.1801241974899734, 0.15035128996568026, 0.11348470067440408, 0.07326735654506898, 0.04018157582352127, 0.03356439639692721, 0.03154167514204403, 0.029887387900344804, 0.03227626860813626, 0.03335973599298757, 0.031899974613949875, 0.02966287446098819, 0.03240529577129321, 0.03545806818730206, 0.0361981466676494, 0.03038141578675852, 0.031433178875565335, 0.029731860569709744, 0.029299662390576853, 0.029584237688405502], "testAccuracy": [0.08832649886608124, 0.07536324144651492, 0.08905834114799897, 0.12270038326581319, 0.1388227523614963, 0.13358685250083605, 0.14018436645468077, 0.12539337202906609, 0.13241615643103918, 0.12911189223329225, 0.13143427049120268, 0.12372604633371036, 0.1201436681052049, 0.1119345339636008, 0.10503389686346054, 0.10262399166822433, 0.10082486520210902, 0.09731985380252202, 0.09455926964680354, 0.09428558871150017, 0.0891635852555434, 0.08386408848067124, 0.08045578747987747, 0.07736439568301041, 0.07472752407193184, 0.07184137962758541, 0.0716861958305041, 0.06857671154042085, 0.06644890333215396], "testStd": [0.03548957620305057, 0.02786139089581883, 0.04408407649030376, 0.045897461358506225, 0.054256446219050826, 0.03999953322496009, 0.03450188328813591, 0.034017044036648805, 0.043289127011476754, 0.04325278012596127, 0.04801989112302656, 0.03788516677795992, 0.036420202239734766, 0.030844977596300015, 0.02328263454950093, 0.021598744412630745, 0.02230479909533217, 0.02256838108059788, 0.020973985178149447, 0.019303146795514047, 0.021196393772095222, 0.01979413577662096, 0.01986900600794363, 0.019314067219381174, 0.018899536069175764, 0.018889021850716385, 0.020007169916049467, 0.01605633971427405, 0.014305639440767655]}}, "spikeAndSlab": {"1e-1": {"loss": [0.23015973931578193, 0.14389753228453195, 0.10815724690755209, 0.092994167380137, 0.08978359832066925, 0.08816601896939212, 0.08713633219401043, 0.08587782907703696, 0.08333995104924727, 0.08434966204917595, 0.08472846601651682, 0.08565710337739012, 0.08266661204159531, 0.08351270841136915, 0.0823387292313249, 0.07989587095774472, 0.08035778864333619, 0.07988779146377355, 0.08100459686697345, 0.08032162322301298], "iden": [0.0, 0.0, 0.0, 0.0, 0.0, 0.0, 0.0, 0.0, 0.0, 0.0, 0.0, 0.0, 0.0, 0.0, 0.0, 0.0, 0.0, 0.0, 0.0, 0.0], "fwd": [0.16440631465824773, 0.07814410902049443, 0.042403822946766194, 0.027240737496990047, 0.024030172618012453, 0.022412592569986976, 0.02138290579460527, 0.020124397103644942, 0.017586525346590505, 0.01859624052700931, 0.018975038571989154, 0.019903675584488262, 0.016913191912925406, 0.017759281315215647, 0.01658530422541649, 0.014142447519520101, 0.014604363289053582, 0.014134368025548927, 0.015251174648058469, 0.014568195255924033], "bwd": [0.0, 0.0, 0.0, 0.0, 0.0, 0.0, 0.0, 0.0, 0.0, 0.0, 0.0, 0.0, 0.0, 0.0, 0.0, 0.0, 0.0, 0.0, 0.0, 0.0], "cons": [0.0, 0.0, 0.0, 0.0, 0.0, 0.0, 0.0, 0.0, 0.0, 0.0, 0.0, 0.0, 0.0, 0.0, 0.0, 0.0, 0.0, 0.0, 0.0, 0.0], "eigen": [0.06575342465753424, 0.06575342465753424, 0.06575342465753424, 0.06575342465753424, 0.06575342465753424, 0.06575342465753424, 0.06575342465753424, 0.06575342465753424, 0.06575342465753424, 0.06575342465753424, 0.06575342465753424, 0.06575342465753424, 0.06575342465753424, 0.06575342465753424, 0.06575342465753424, 0.06575342465753424, 0.06575342465753424, 0.06575342465753424, 0.06575342465753424, 0.06575342465753424], "time": [1.6746249198913574, 4.182142114639282, 6.667022848129273, 9.14932165145874, 11.632766771316529, 14.1262638092041, 16.617991971969605, 19.135203313827514, 21.63619394302368, 24.13714771270752, 26.630578756332397, 29.146923208236693, 31.64234676361084, 34.13962349891663, 36.626541185379025, 39.127568101882936, 41.61497054100037, 44.12003502845764, 46.60508480072021, 49.110140562057495], "fwd_val": [0.10637028923741092, 0.04868734397366043, 0.02852627199245152, 0.023437638266458987, 0.023279876255950682, 0.023690523449541482, 0.024462982993003056, 0.019450914010333553, 0.017809667559445574, 0.020928013214358575, 0.019864912275914793, 0.02147845421436328, 0.017528979952976514, 0.02011488905467465, 0.02105816818665767, 0.019389173638033597, 0.017752764778340688, 0.018199910964942785, 0.02089249157195314, 0.019167849435898415], "testAccuracy": [0.030391269053022068, 0.04160332943623265, 0.04272144194692373, 0.06521511326233546, 0.05729395647843679, 0.051562437787652016, 0.05283105497558912, 0.051644631971915565, 0.04732313115770618, 0.0521678503913184, 0.04851013422012329, 0.05358246030906836, 0.04232358653098345, 0.03730729160209497, 0.033099506981670856, 0.032915040074537195, 0.028918698740502197, 0.027784034454574186, 0.02537964501728614, 0.02709654423718651, 0.023715685587376356, 0.025145396279791992, 0.023494950340439875, 0.02960351233681043, 0.023517380313326914, 0.01909007520104448, 0.01716409871975581, 0.019560679327696562, 0.015201550287504991], "testStd": [0.015131417382302493, 0.025491830764237236, 0.025999222698884487, 0.02499633279686822, 0.024527109522084124, 0.02339369798233566, 0.022340898764072317, 0.02299584469027037, 0.029596155892517125, 0.03165098038563743, 0.031042640444229545, 0.033180481237834285, 0.02593275470227878, 0.024573156734402687, 0.0178311671910756, 0.014928010520414208, 0.012757306124081338, 0.012997515609331262, 0.010508263481434155, 0.012950632255386115, 0.011274249365722775, 0.011571637955301351, 0.012216784552780337, 0.015498016814856679, 0.013754150879835555, 0.010369255796747587, 0.009297597180686798, 0.011613683517345345, 0.007126206011074262]}}}}