{"none": {"gaussianElement": {"1e0": {"loss": [0.2550689084127069, 0.18527651991474028, 0.1100103146627069, 0.09089094466814712, 0.08954363121833975, 0.087978733010488, 0.08942271750811573, 0.08814579933201341, 0.08736675523731806, 0.0872880839866046, 0.08792762512485731, 0.08929428309610446, 0.08861788257616296, 0.08937555182470035, 0.09074368829596532, 0.09093441201127284, 0.08714503876150473, 0.08913666468232734, 0.088771384600635, 0.08807475190184433], "iden": [0.0, 0.0, 0.0, 0.0, 0.0, 0.0, 0.0, 0.0, 0.0, 0.0, 0.0, 0.0, 0.0, 0.0, 0.0, 0.0, 0.0, 0.0, 0.0, 0.0], "fwd": [0.18931548375517265, 0.1195230827157356, 0.044256893488914456, 0.025137517223619437, 0.023790203425437896, 0.022225305565960328, 0.023669296334323277, 0.022392375022853347, 0.021613329883035458, 0.021534659329070345, 0.022174200815697237, 0.023540859135318563, 0.022864461402370504, 0.02362212438017266, 0.024990266773798696, 0.02518098491511933, 0.02139161410397046, 0.023383238631296377, 0.02301796203334582, 0.022321326547561714], "bwd": [0.0, 0.0, 0.0, 0.0, 0.0, 0.0, 0.0, 0.0, 0.0, 0.0, 0.0, 0.0, 0.0, 0.0, 0.0, 0.0, 0.0, 0.0, 0.0, 0.0], "cons": [0.0, 0.0, 0.0, 0.0, 0.0, 0.0, 0.0, 0.0, 0.0, 0.0, 0.0, 0.0, 0.0, 0.0, 0.0, 0.0, 0.0, 0.0, 0.0, 0.0], "eigen": [0.06575342465753424, 0.06575342465753424, 0.06575342465753424, 0.06575342465753424, 0.06575342465753424, 0.06575342465753424, 0.06575342465753424, 0.06575342465753424, 0.06575342465753424, 0.06575342465753424, 0.06575342465753424, 0.06575342465753424, 0.06575342465753424, 0.06575342465753424, 0.06575342465753424, 0.06575342465753424, 0.06575342465753424, 0.06575342465753424, 0.06575342465753424, 0.06575342465753424], "time": [1.9924434185028077, 4.7017186164855955, 7.390243625640869, 10.070223760604858, 12.757442569732666, 15.449237728118897, 18.132269430160523, 20.834940433502197, 23.498176908493043, 26.170540857315064, 28.867091178894043, 31.54716577529907, 34.23364119529724, 36.91224026679993, 39.590497732162476, 42.24862604141235, 44.96234030723572, 47.65079164505005, 50.335108518600464, 53.03747735023499], "fwd_val": [0.1559285294798453, 0.0744647295674648, 0.029497615885043495, 0.03143486548545088, 0.030323919106796743, 0.03496583920937997, 0.033718087813320564, 0.029541753887554294, 0.03289319121799224, 0.034430513380998194, 0.03940432308280717, 0.03683266049421928, 0.03474420293709698, 0.03488631627601894, 0.03727119015034846, 0.033704810475573645, 0.028657343105417517, 0.032269008508051075, 0.03159298713944385, 0.028573782739623927], "testAccuracy": [0.05036255810409784, 0.056204681284725666, 0.0719594353189071, 0.08552955370396376, 0.13216879963874817, 0.1337477850417296, 0.1471931872268518, 0.13704599936803183, 0.12462651232878368, 0.12250909581780434, 0.11601804072658221, 0.11613624915480614, 0.11290707811713219, 0.1124550277988116, 0.1078204686443011, 0.1036653680106004, 0.0979019155104955, 0.09677961468696594, 0.09427335734168689, 0.09030191910763581, 0.08815526651839416, 0.08396894298493862, 0.08252427292366822, 0.0755700059235096, 0.07319870715339978, 0.07034899046023686, 0.06826805882155895, 0.06589080207049847, 0.06243427159885565], "testStd": [0.04283668689909234, 0.030650054900195494, 0.035734862163955015, 0.04480312784118448, 0.04839650114094992, 0.046275099993906124, 0.036841979890754606, 0.026917757699331357, 0.029025803683010762, 0.03096181568784719, 0.03496071555277196, 0.04219055705872419, 0.037854499715280515, 0.036948097595428865, 0.02977975124295285, 0.024663323695020202, 0.02230685886466638, 0.021826620105254713, 0.021358100645588032, 0.023598146656197527, 0.025278564597045215, 0.023675903406724305, 0.023265360584910938, 0.022821263117598238, 0.021901654680030327, 0.021487891860784408, 0.021760061740149963, 0.021253479707026242, 0.017172527102269814]}}, "spikeAndSlab": {"1e-1": {"loss": [0.17660841292986587, 0.09595829654501999, 0.08874482037269905, 0.08403767067547803, 0.08602113488602312, 0.08250188958154966, 0.0803843835281999, 0.08102890502372288, 0.08041546965298588, 0.08042578849618294, 0.08133487370460546, 0.0827888286712507, 0.08245387386513628, 0.07891986028244506, 0.08197409991259988, 0.08171446778458547, 0.07771438110908961, 0.07839180724261559, 0.07794971065434148, 0.07800613194295805], "iden": [0.0, 0.0, 0.0, 0.0, 0.0, 0.0, 0.0, 0.0, 0.0, 0.0, 0.0, 0.0, 0.0, 0.0, 0.0, 0.0, 0.0, 0.0, 0.0, 0.0], "fwd": [0.11085498130484803, 0.030204876416350068, 0.022991396411913168, 0.01828424636631796, 0.020267706396372896, 0.016748462137021976, 0.014630957651356039, 0.015275484546678797, 0.01466204168589692, 0.014672364012835776, 0.01558145131150337, 0.017035407323271173, 0.01670044676898277, 0.013166433883039919, 0.016220677693684897, 0.015961046262418843, 0.01196095261943939, 0.01263838049483626, 0.012196281119568707, 0.01225271390453321], "bwd": [0.0, 0.0, 0.0, 0.0, 0.0, 0.0, 0.0, 0.0, 0.0, 0.0, 0.0, 0.0, 0.0, 0.0, 0.0, 0.0, 0.0, 0.0, 0.0, 0.0], "cons": [0.0, 0.0, 0.0, 0.0, 0.0, 0.0, 0.0, 0.0, 0.0, 0.0, 0.0, 0.0, 0.0, 0.0, 0.0, 0.0, 0.0, 0.0, 0.0, 0.0], "eigen": [0.06575342465753424, 0.06575342465753424, 0.06575342465753424, 0.06575342465753424, 0.06575342465753424, 0.06575342465753424, 0.06575342465753424, 0.06575342465753424, 0.06575342465753424, 0.06575342465753424, 0.06575342465753424, 0.06575342465753424, 0.06575342465753424, 0.06575342465753424, 0.06575342465753424, 0.06575342465753424, 0.06575342465753424, 0.06575342465753424, 0.06575342465753424, 0.06575342465753424], "time": [1.7263432502746583, 4.423705005645752, 7.112387704849243, 9.806003952026368, 12.469853067398072, 15.147337102890015, 17.831097745895384, 20.532738494873048, 23.202935934066772, 25.867055320739745, 28.54940104484558, 31.240099334716795, 33.93819394111633, 36.625197076797484, 39.321080493927, 41.999467420578, 44.6857647895813, 47.36072568893432, 50.044468307495116, 52.71536750793457], "fwd_val": [0.04662331571133624, 0.024334624534451826, 0.021180315750040677, 0.025041960858876382, 0.01622022833801122, 0.019339798925963388, 0.01840904808562735, 0.01759586644249454, 0.020108169852343545, 0.02055015024787562, 0.017620230138589797, 0.019033490613270882, 0.018010591164879176, 0.01608052856248358, 0.01753541087662732, 0.016108853519922677, 0.015924074413215868, 0.01703291101540152, 0.015159672940218891, 0.014982490625454417], "testAccuracy": [0.01611347123980522, 0.028400322422385216, 0.0356412793820103, 0.03873741813004017, 0.0547007618782421, 0.06569480709731579, 0.07077452354133129, 0.05745871985952059, 0.07573420740664005, 0.06615776599695285, 0.06368519521007936, 0.044740285724401474, 0.04009857960045338, 0.03782892506569624, 0.029183024850984413, 0.030537796517213184, 0.04056219135721525, 0.034930143505334854, 0.03020980798949798, 0.038637095130980015, 0.03565434832125902, 0.030193903483450413, 0.03604901457826296, 0.029094032011926174, 0.023969863541424274, 0.026592743583023548, 0.021315066919972498, 0.018093914724886417, 0.028450386598706245], "testStd": [0.005984204523548757, 0.01547518952492712, 0.021147643880731367, 0.019805955482921835, 0.02915556158341836, 0.02024270219803918, 0.01287814825236746, 0.01931535150708299, 0.022047719838415858, 0.026361001038428748, 0.03300051366209361, 0.021388429825379796, 0.015467618293981541, 0.009637108744626307, 0.005885809210252115, 0.007452112788689846, 0.007225213661899828, 0.00625901286322869, 0.005013618531617774, 0.006904099498293167, 0.006258122849106346, 0.004341218842925603, 0.0072765041215700375, 0.006990501910154354, 0.005648049317969852, 0.006749153178989276, 0.007045458991071509, 0.003934619745607087, 0.006711503947770109]}}}}