{"unit_circle_mse": {"gaussianElement": {"1e0": {"loss": [0.22451108888948346, 0.22001988519816637, 0.18961868634506993, 0.14595717338666525, 0.10071195976919237, 0.05813405563842215, 0.05330836465913956, 0.04954927209305436, 0.047725643349564785, 0.04980805418807078, 0.04928565665467145, 0.04741861839816995, 0.04549513864734946, 0.049226598173515976, 0.047641296386718754, 0.04735958290971033, 0.04687398832138271, 0.04697564948095034, 0.04684243119470605, 0.04521327815643729], "iden": [0.0, 0.0, 0.0, 0.0, 0.0, 0.0, 0.0, 0.0, 0.0, 0.0, 0.0, 0.0, 0.0, 0.0, 0.0, 0.0, 0.0, 0.0, 0.0, 0.0], "fwd": [0.19522980990475172, 0.19105984622485014, 0.16093237193207763, 0.11749771187838898, 0.07245688172780215, 0.030136594728792092, 0.025622011297913992, 0.022181793282565462, 0.020688743765495683, 0.023087949360886668, 0.02285218504465878, 0.021268810463822594, 0.019642703609379458, 0.02367785762978471, 0.022377728675598424, 0.022367921245696882, 0.022142592826390375, 0.022510207015085437, 0.02262760458471568, 0.021249045803122327], "bwd": [0.0, 0.0, 0.0, 0.0, 0.0, 0.0, 0.0, 0.0, 0.0, 0.0, 0.0, 0.0, 0.0, 0.0, 0.0, 0.0, 0.0, 0.0, 0.0, 0.0], "cons": [0.0, 0.0, 0.0, 0.0, 0.0, 0.0, 0.0, 0.0, 0.0, 0.0, 0.0, 0.0, 0.0, 0.0, 0.0, 0.0, 0.0, 0.0, 0.0, 0.0], "eigen": [0.0292812761977383, 0.028960050121289955, 0.028686316154863188, 0.02845946255339879, 0.02825508222188035, 0.027997460909630068, 0.027686350574232126, 0.027367477416992185, 0.027036899932443275, 0.026720105523932468, 0.026433472306761026, 0.02614980967621825, 0.025852432250976564, 0.025548739498608735, 0.025263569104617044, 0.02499166027051673, 0.02473139619174069, 0.024465444207735797, 0.02421482451974529, 0.023964231656566602], "time": [1.772947072982788, 4.5688926696777346, 7.308171987533569, 10.063318014144897, 12.806029081344604, 15.582175588607788, 18.336352157592774, 21.08264813423157, 23.846672153472902, 26.61092576980591, 29.356068229675294, 32.11029872894287, 34.84456133842468, 37.58888554573059, 40.337196588516235, 43.094110822677614, 45.84725656509399, 48.60176396369934, 51.33716521263123, 54.08910756111145], "fwd_val": [0.17376260964766793, 0.15411421820737314, 0.11790926882610228, 0.08094697300458684, 0.04936390947220598, 0.030375324062487163, 0.03351334299346291, 0.031237114781150876, 0.0281099583407723, 0.029717616393754254, 0.03129664182471, 0.02823267895818332, 0.03398903759973253, 0.03318704233269377, 0.03288693913707027, 0.034859501950790725, 0.02955789022303626, 0.03143649493342628, 0.03516537570147123, 0.034890924866840645], "testAccuracy": [0.05412071384489536, 0.05689561584343513, 0.0574249147127072, 0.06869252491742373, 0.07735096601148446, 0.09812100852529208, 0.09959055421253045, 0.1307136428852876, 0.13302258029580116, 0.15291902919610342, 0.14620492607355118, 0.1460066412885984, 0.1351490169763565, 0.1266958937048912, 0.1205968235929807, 0.11717907587687175, 0.11571843425432841, 0.11461975673834483, 0.11362300689021747, 0.10915488873918851, 0.10596758499741554, 0.10330293451746304, 0.09929150839646657, 0.096758883446455, 0.09349505106608073, 0.09201201796531677, 0.08566554635763168, 0.08313355843226115, 0.07928373354176681], "testStd": [0.020815643355985843, 0.03540752044250906, 0.03538758979637438, 0.044908999849179884, 0.0347353803159977, 0.037291065447229335, 0.03134401385603423, 0.032132675414169136, 0.039441722251071454, 0.040617593179804096, 0.03367734376849244, 0.03278721594307967, 0.025443333636124586, 0.02025549111554137, 0.020074069752209957, 0.023778254382512822, 0.024643111155283642, 0.023604143435385583, 0.023749838392844638, 0.02169834559152071, 0.01959980000999266, 0.018355958801611096, 0.01977940873840477, 0.01907688478550611, 0.0170751351708897, 0.018379502827217682, 0.015712759767339116, 0.014166310669170871, 0.014399051630570044]}}, "spikeAndSlab": {"1e-1": {"loss": [0.1771969702036958, 0.0799387321297981, 0.03892867763292844, 0.024759309324499677, 0.020220349455532964, 0.019771404179263877, 0.02051137741297892, 0.018195996915913067, 0.018073286291671126, 0.019238171512133456, 0.020183478229122073, 0.017655992028920073, 0.017242605479340575, 0.01842222013429964, 0.0172730342220498, 0.018628445629659852, 0.017833746296085726, 0.019009844113702646, 0.018518147925808005, 0.015795511742160744], "iden": [0.0, 0.0, 0.0, 0.0, 0.0, 0.0, 0.0, 0.0, 0.0, 0.0, 0.0, 0.0, 0.0, 0.0, 0.0, 0.0, 0.0, 0.0, 0.0, 0.0], "fwd": [0.17706996133882708, 0.07980709685582549, 0.038804333133784605, 0.02463961701414901, 0.02010186495846265, 0.019651021913850687, 0.02039072602851206, 0.018076936556324023, 0.017955621519045197, 0.019120853023441957, 0.020065140745955515, 0.017539690096084387, 0.01712601021544574, 0.018305761258896082, 0.017159135374304364, 0.018513164433170127, 0.017718940978725208, 0.018896547604913584, 0.018405974575373678, 0.015683964768501178], "bwd": [0.0, 0.0, 0.0, 0.0, 0.0, 0.0, 0.0, 0.0, 0.0, 0.0, 0.0, 0.0, 0.0, 0.0, 0.0, 0.0, 0.0, 0.0, 0.0, 0.0], "cons": [0.0, 0.0, 0.0, 0.0, 0.0, 0.0, 0.0, 0.0, 0.0, 0.0, 0.0, 0.0, 0.0, 0.0, 0.0, 0.0, 0.0, 0.0, 0.0, 0.0], "eigen": [0.00012699116718823506, 0.00013163652117938212, 0.00012434432121444513, 0.0001196940025510309, 0.00011848447308556675, 0.00012038366486356685, 0.00012065207611208092, 0.00011906083809322416, 0.00011766365002075286, 0.0001173182172896383, 0.00011833812241957067, 0.00011630142677456278, 0.00011659567099762017, 0.00011645942526661098, 0.00011389927020015781, 0.00011528175570853223, 0.00011480516141714298, 0.00011329813175685872, 0.00011217409379133893, 0.00011154603336397645], "time": [1.7572296619415284, 4.506778335571289, 7.283335447311401, 10.024871301651, 12.784519815444947, 15.518188190460204, 18.278964614868165, 21.04978084564209, 23.792916297912598, 26.56067090034485, 29.312927865982054, 32.03554177284241, 34.79397611618042, 37.55257606506348, 40.28531498908997, 43.03275256156921, 45.780113220214844, 48.51503267288208, 51.26135721206665, 54.01625108718872], "fwd_val": [0.10195292528124825, 0.04795236700782837, 0.02503429691572696, 0.02387291399369109, 0.018891875980940803, 0.018076239139945417, 0.021541771095923944, 0.02096220410388449, 0.01809862094560875, 0.02077588602156647, 0.022027206046569752, 0.020135170878803482, 0.021607090141654205, 0.01804208845715976, 0.02258723482801527, 0.020471722773019816, 0.020247124214679148, 0.025065973189909867, 0.020073397627967185, 0.01892747728816937], "testAccuracy": [0.04362816332528988, 0.0477396414304773, 0.05040128777424494, 0.05303215142339468, 0.05550922670712074, 0.0546111228565375, 0.06165530222157637, 0.06856138507525127, 0.06520774277547996, 0.0749088457475106, 0.06774616831292708, 0.061425864386061825, 0.056386682825783886, 0.0489961343506972, 0.042427277813355126, 0.04197436384856701, 0.04465660918504, 0.03985651240994533, 0.0359816150739789, 0.03823373311509689, 0.03617448794345061, 0.03183128188053767, 0.02962416068961223, 0.029433987258623045, 0.02737029253815611, 0.02445519606893261, 0.02645877267544468, 0.022897840632746618, 0.019644698904206354], "testStd": [0.025140407458922723, 0.027276266574022327, 0.034526943048784904, 0.02508859164318341, 0.01906677312886201, 0.02221224830014851, 0.01735836022306557, 0.027944096635693274, 0.03406489701939869, 0.038606783436247044, 0.03382575805823993, 0.03317970974173093, 0.028096849818540253, 0.02181104419383144, 0.015131236876338851, 0.01339386165217795, 0.014039487558482621, 0.013215541475779951, 0.012127085523267914, 0.01572575826718553, 0.015230998225764592, 0.013064591477111188, 0.013109758966053884, 0.012302786398737635, 0.012069574730491832, 0.011450952621764283, 0.011457573367099938, 0.010604513759570722, 0.006732765641656157]}}}}