{"unit_circle_mse": {"gaussianElement": {"1e0": {"loss": [0.24322183408693637, 0.2226839945196561, 0.206135733269121, 0.16817711399026114, 0.12661854643799944, 0.08826940806489013, 0.07418128584073559, 0.07018067660397045, 0.07013724270476598, 0.06665814822122931, 0.06537289275426297, 0.0629307465575057, 0.06029427724341824, 0.062224362168682226, 0.06100095566004924, 0.059752540762565996, 0.058164585758017626, 0.05720081764813427, 0.05504308552502497, 0.052250934757598455], "iden": [0.0, 0.0, 0.0, 0.0, 0.0, 0.0, 0.0, 0.0, 0.0, 0.0, 0.0, 0.0, 0.0, 0.0, 0.0, 0.0, 0.0, 0.0, 0.0, 0.0], "fwd": [0.18610489518675083, 0.167471291180615, 0.15237953220872574, 0.11550280287929866, 0.07488350855161066, 0.03761365707606486, 0.02491529595361997, 0.022581158642355166, 0.024345210175535998, 0.022139210113107342, 0.022098623127697812, 0.02099933572011451, 0.019751688987697098, 0.02288803518634953, 0.022653365113419487, 0.022355249831665598, 0.02190874735514323, 0.022045108324860875, 0.02080396782861997, 0.01894335986272385], "bwd": [0.0, 0.0, 0.0, 0.0, 0.0, 0.0, 0.0, 0.0, 0.0, 0.0, 0.0, 0.0, 0.0, 0.0, 0.0, 0.0, 0.0, 0.0, 0.0, 0.0], "cons": [0.0, 0.0, 0.0, 0.0, 0.0, 0.0, 0.0, 0.0, 0.0, 0.0, 0.0, 0.0, 0.0, 0.0, 0.0, 0.0, 0.0, 0.0, 0.0, 0.0], "eigen": [0.05711694099043059, 0.05521271239676977, 0.053756196183156746, 0.052674315291452625, 0.051735039279885486, 0.050655750292076904, 0.04926599093223816, 0.047599516568118574, 0.045792031484107446, 0.04451893915324451, 0.04327426927819099, 0.04193141014064283, 0.040542591391088754, 0.03933632767908105, 0.038347589501507205, 0.03739729302114548, 0.03625584084149365, 0.0351557093232734, 0.03423911804477918, 0.03330757454650043], "time": [2.4076602935791014, 5.435657787322998, 8.532043695449829, 11.563785314559937, 14.594835948944091, 17.61531467437744, 20.674849796295167, 23.74902563095093, 26.810398197174074, 29.824695539474487, 32.82218203544617, 35.86692476272583, 38.86187553405762, 41.886988162994385, 44.8836109161377, 47.86916918754578, 50.87608532905578, 53.88629240989685, 56.89744906425476, 59.89804720878601], "fwd_val": [0.1711909085656134, 0.16355394913954432, 0.14486194470846325, 0.09502002102549334, 0.04492880904540155, 0.028341007059898927, 0.0334676143195894, 0.033229516573766195, 0.028738568216898207, 0.027369608352149744, 0.02633486188072321, 0.029490651864552457, 0.02761471202887967, 0.030121797184053438, 0.030266726420121494, 0.03336267667596083, 0.03595627924958289, 0.027819603911920444, 0.028504309672472368, 0.02947799465506549], "testAccuracy": [0.04145118656257788, 0.050718335434794426, 0.05779365232835213, 0.09426403790712357, 0.12082268421848615, 0.15794599490861097, 0.167258491118749, 0.16675259172916412, 0.15896894534428915, 0.1623512531320254, 0.16320102661848068, 0.1591204268236955, 0.1508837267756462, 0.14241108546654382, 0.1306085263689359, 0.12315867965420087, 0.12165500223636627, 0.11799430598815282, 0.11555644497275352, 0.11277978743116061, 0.10996381814281146, 0.10662068302432696, 0.10079635431369145, 0.09692859649658203, 0.09137014547983806, 0.0892217569053173, 0.08883357668916385, 0.0857141874730587, 0.0802059310177962], "testStd": [0.01965959063469403, 0.02621740812802846, 0.02581248513593712, 0.04604496564648706, 0.06205413902624069, 0.06204441245296659, 0.03620929350392365, 0.03619609181229142, 0.036663560176676845, 0.027563929703451874, 0.038459854757913, 0.03623307069202478, 0.03100536981483523, 0.020888989098395032, 0.016036802628421765, 0.01342086483735042, 0.014817859093657682, 0.013622628444428924, 0.014252250552074616, 0.013818406625170275, 0.011526491882588141, 0.015249993061244785, 0.012836880528333025, 0.012439804283766624, 0.01298518406737676, 0.01356479081339145, 0.016170418927368542, 0.012551890631678018, 0.011727471050000953]}}, "spikeAndSlab": {"1e-1": {"loss": [0.2041506832593108, 0.07957699431676299, 0.0527846091631885, 0.05204180399576823, 0.03439299840361017, 0.03739571941497664, 0.028233285146216824, 0.03713625380982003, 0.03736818670682167, 0.025002160268287138, 0.031027167333315498, 0.02070949920236248, 0.019699123330312235, 0.031182004327643405, 0.0250825249658872, 0.01970224807251534, 0.02268963330412564, 0.017661238369876393, 0.018550943522692813, 0.024359163780734962], "iden": [0.0, 0.0, 0.0, 0.0, 0.0, 0.0, 0.0, 0.0, 0.0, 0.0, 0.0, 0.0, 0.0, 0.0, 0.0, 0.0, 0.0, 0.0, 0.0, 0.0], "fwd": [0.2040199231012771, 0.07944089149231234, 0.052649007300808, 0.05190701140660673, 0.034257663395851165, 0.03726042551537083, 0.028098102377974277, 0.03700037917045698, 0.03723061583357859, 0.024865349199129565, 0.030890421410129498, 0.02057280030969071, 0.019561564475978344, 0.031033584037327876, 0.024914930509105666, 0.019544986393898043, 0.02254501760822453, 0.017513969804598316, 0.01839675485271297, 0.02420867345104479], "bwd": [0.0, 0.0, 0.0, 0.0, 0.0, 0.0, 0.0, 0.0, 0.0, 0.0, 0.0, 0.0, 0.0, 0.0, 0.0, 0.0, 0.0, 0.0, 0.0, 0.0], "cons": [0.0, 0.0, 0.0, 0.0, 0.0, 0.0, 0.0, 0.0, 0.0, 0.0, 0.0, 0.0, 0.0, 0.0, 0.0, 0.0, 0.0, 0.0, 0.0, 0.0], "eigen": [0.0001307570076968572, 0.00013610095193941299, 0.0001356024094368225, 0.0001347909330233047, 0.0001353346553023003, 0.00013529488757320736, 0.00013518059226475893, 0.00013587496052049611, 0.000137566817949896, 0.00013681096029063885, 0.00013674530128365782, 0.0001366996248018796, 0.00013755892373655483, 0.00014842067815397427, 0.00016759339805063047, 0.00015726070561909784, 0.00014461690296321155, 0.0001472684087818616, 0.0001541875704238404, 0.00015049193411657255], "time": [2.0332807064056397, 5.039240407943725, 8.028072023391724, 11.024357748031616, 14.014141845703126, 17.02524366378784, 20.028195238113405, 23.03225564956665, 26.033501529693602, 29.028605127334593, 32.05514826774597, 35.07418155670166, 38.1094877243042, 41.106939268112185, 44.112928771972655, 47.126053762435916, 50.13968305587768, 53.150258684158324, 56.1474808216095, 59.12538404464722], "fwd_val": [0.10769339402516684, 0.057951301576242745, 0.0606443474834092, 0.02923019815854212, 0.03256687144726371, 0.04822005360790689, 0.0761940926745318, 0.06475104404052483, 0.02463790929355867, 0.022873575267968356, 0.033962857785624204, 0.02027842784465415, 0.031202085832082904, 0.03126690540336756, 0.022399500943420397, 0.035446841172550037, 0.024661881211491214, 0.02282631982255865, 0.023495051987025277, 0.020939503266999497], "testAccuracy": [0.03454878864188989, 0.05074179110427698, 0.05911084202428659, 0.07050233831008275, 0.0899111380179723, 0.08013053766141336, 0.0961398184299469, 0.08420195057988167, 0.0807233601808548, 0.08022559806704521, 0.07376725288728873, 0.07386961144705613, 0.06513742357492447, 0.05156243840853373, 0.048293247198065124, 0.044351219199597836, 0.042618030682206154, 0.04491066622237364, 0.04581216722726822, 0.04443189005057017, 0.04235095313439766, 0.03908361649761597, 0.03492308376977841, 0.03228483131776253, 0.03185788728296757, 0.027286897723873455, 0.027062682434916496, 0.024865695275366306, 0.023990800604224205], "testStd": [0.019436538258729524, 0.03488301063844051, 0.043561238377294836, 0.03230482784857554, 0.03791150784433231, 0.03738998730913864, 0.0195525834750292, 0.019632962895299998, 0.022897614140329953, 0.02028772616703412, 0.023870331590224097, 0.029353725937852185, 0.027241295031698035, 0.018882364941809112, 0.014012845097908386, 0.01027976289060793, 0.01024186512323835, 0.012665353720206352, 0.01128703796707619, 0.011234144615312589, 0.010748450628075779, 0.012879577999529088, 0.01204197569628107, 0.013498714253009553, 0.012427803592056962, 0.010249598421919007, 0.011464159552226644, 0.00988052919588839, 0.009850738259918806]}}}}