{"unit_circle_mse": {"gaussianElement": {"1e0": {"loss": [0.6375295421304223, 0.6338740880957477, 0.5832173163705765, 0.538605823255565, 0.4747832443725028, 0.4443243714772403, 0.43274070147509996, 0.4240902974725314, 0.41588485369399264, 0.40881252898473175, 0.4027141247056935, 0.3928252421339897, 0.38843333623180654, 0.38085418004423516, 0.3725362141927083, 0.36742907101705197, 0.3608583326644549, 0.35446185386344176, 0.34875152169841606, 0.34212328209724596], "iden": [0.0, 0.0, 0.0, 0.0, 0.0, 0.0, 0.0, 0.0, 0.0, 0.0, 0.0, 0.0, 0.0, 0.0, 0.0, 0.0, 0.0, 0.0, 0.0, 0.0], "fwd": [0.17813460119238728, 0.1845704239797374, 0.14278527107412958, 0.10607691098565926, 0.049386698404947915, 0.02634475359633633, 0.02270867752702269, 0.02188368636179188, 0.021157704880248464, 0.021463158664093714, 0.02260263556214772, 0.019786777235057257, 0.022543637698099493, 0.021789959075788384, 0.02004713014924907, 0.021309513457833905, 0.021024159470649614, 0.020981946622944316, 0.021695823495246503, 0.0212378048134721], "bwd": [0.0, 0.0, 0.0, 0.0, 0.0, 0.0, 0.0, 0.0, 0.0, 0.0, 0.0, 0.0, 0.0, 0.0, 0.0, 0.0, 0.0, 0.0, 0.0, 0.0], "cons": [0.0, 0.0, 0.0, 0.0, 0.0, 0.0, 0.0, 0.0, 0.0, 0.0, 0.0, 0.0, 0.0, 0.0, 0.0, 0.0, 0.0, 0.0, 0.0, 0.0], "eigen": [0.4593949270030679, 0.4493036641160103, 0.440432084314355, 0.4325289401398401, 0.4253965612960188, 0.4179796025524401, 0.4100320225545805, 0.40220659090503713, 0.39472714776862156, 0.38734936300478023, 0.38011147973744286, 0.3730384694277967, 0.36588968634061075, 0.35906421121396975, 0.35248908613370433, 0.3461195073933362, 0.33983416274257994, 0.3334799013181364, 0.32705569193243433, 0.3208854947024829], "time": [2.1604910850524903, 4.9842743396759035, 7.824521255493164, 10.64359769821167, 13.467558002471923, 16.24088625907898, 19.041567659378053, 21.843101692199706, 24.637664604187012, 27.418476152420045, 30.218879461288452, 33.02206645011902, 35.852095985412596, 38.650928783416745, 41.436468076705935, 44.20624175071716, 47.069323778152466, 49.8615553855896, 52.654771947860716, 55.46418232917786], "fwd_val": [0.16758660026218578, 0.15423957942572578, 0.12586085955685847, 0.07023535711561808, 0.03418494810420726, 0.029996451946656295, 0.030005927616655347, 0.028669223798837833, 0.03061659264103802, 0.030657298572589427, 0.028364436335609734, 0.032106142871429766, 0.030060882556841566, 0.028989977921072795, 0.03216161544580198, 0.028904461529519827, 0.03323847676916783, 0.028372760652152045, 0.026982780048044795, 0.029584266612495202], "testAccuracy": [0.05320777495702108, 0.052652149150768913, 0.05895866019030412, 0.09007160489757855, 0.13665331279238066, 0.14246359715859094, 0.17326399932305017, 0.1630174219608307, 0.15577018385132155, 0.13472855339447656, 0.12552101040879884, 0.11579854662219684, 0.10904647161563237, 0.10708527142802875, 0.10736608877778053, 0.1055521493156751, 0.1032695472240448, 0.10200023899475734, 0.09761735796928406, 0.09589807813366254, 0.09294378012418747, 0.08928152670462926, 0.08502430717150371, 0.07870072623093922, 0.0781083299467961, 0.07226358726620674, 0.06987823670109113, 0.06690219851831596, 0.06405209687848885], "testStd": [0.03086856872358439, 0.020564681830257274, 0.034723694617034194, 0.03631927507166228, 0.03045421533506005, 0.03756939639739091, 0.01819948224068656, 0.023938621312401865, 0.038786583571949924, 0.036844032355657134, 0.03661817894399729, 0.02753780380237861, 0.019806502616449003, 0.017389188994474298, 0.015190668581182506, 0.016267580863262392, 0.01888660976139096, 0.01866371569308532, 0.016538784674237705, 0.017848311050859312, 0.017896269746829705, 0.012636254739423015, 0.012082987287103383, 0.013942292125370103, 0.015190314039772508, 0.012426612037417569, 0.013037246417704332, 0.013003512165926817, 0.012700789572399661]}}}}