{"unit_circle_mse": {"gaussianElement": {"1e0": {"loss": [0.23853790422552795, 0.2227910373635488, 0.20060961300923946, 0.16141872179562644, 0.12680836019995007, 0.08408858068457478, 0.07161406773954768, 0.06877609043905179, 0.06934544114761701, 0.06691315533363656, 0.06585416192877783, 0.06375340152548872, 0.06441571658060431, 0.06225954796081264, 0.06296044615305721, 0.0610333405237764, 0.05915462476477775, 0.05736061549077839, 0.05900159095520298, 0.05664580323380423], "iden": [0.0, 0.0, 0.0, 0.0, 0.0, 0.0, 0.0, 0.0, 0.0, 0.0, 0.0, 0.0, 0.0, 0.0, 0.0, 0.0, 0.0, 0.0, 0.0, 0.0], "fwd": [0.1841956792683362, 0.17001407989083905, 0.14897793704516266, 0.11065531970159104, 0.07678685715209403, 0.03500597322368187, 0.023709609846001893, 0.022178406737166454, 0.02405043893753121, 0.02283358534721479, 0.022966332283194203, 0.02189929004129209, 0.023493428339152578, 0.022168767920367795, 0.02377071223846854, 0.022670991105031752, 0.021712266408145157, 0.020859582979385165, 0.023337320127443634, 0.02180517327295591], "bwd": [0.0, 0.0, 0.0, 0.0, 0.0, 0.0, 0.0, 0.0, 0.0, 0.0, 0.0, 0.0, 0.0, 0.0, 0.0, 0.0, 0.0, 0.0, 0.0, 0.0], "cons": [0.0, 0.0, 0.0, 0.0, 0.0, 0.0, 0.0, 0.0, 0.0, 0.0, 0.0, 0.0, 0.0, 0.0, 0.0, 0.0, 0.0, 0.0, 0.0, 0.0], "eigen": [0.05434221311246967, 0.05277695816945812, 0.05163167457058006, 0.050763401397287036, 0.050021505138101094, 0.04908260397715111, 0.04790446102891338, 0.04659768579213042, 0.045295002558459974, 0.0440795745152861, 0.04288783034233197, 0.041854112877693354, 0.040922290680070986, 0.040090777950199774, 0.039189732521091966, 0.038362349418744654, 0.03744236079525186, 0.036501032859767406, 0.03566426804076591, 0.0348406320510934], "time": [1.8099499225616456, 4.63447904586792, 7.451256608963012, 10.25360984802246, 13.012151718139648, 15.792155027389526, 18.562198877334595, 21.330790519714355, 24.128777503967285, 26.926433038711547, 29.720771741867065, 32.49541640281677, 35.23975396156311, 38.01384301185608, 40.765376329422, 43.51563625335693, 46.27270584106445, 49.030307102203366, 51.79808111190796, 54.60315890312195], "fwd_val": [0.16686717304438592, 0.1409305010632808, 0.12902345384760563, 0.09253067206261431, 0.04435056771441166, 0.029728628745401543, 0.03147634758273569, 0.031088911791162598, 0.032896608507767586, 0.031310182853021486, 0.0326590918208474, 0.030638556813464262, 0.030746453890094054, 0.030457562860851318, 0.030341508811798652, 0.02859684599386513, 0.03067875386436204, 0.029420890967435116, 0.0307254767936209, 0.031784699024593584], "testAccuracy": [0.038502162322402, 0.05301210843026638, 0.04338203091174364, 0.07937274811168511, 0.09440411813557148, 0.12990687415003777, 0.15005176390210787, 0.14085753013690314, 0.16494101658463478, 0.17255784571170807, 0.1832563914358616, 0.17746292551358542, 0.1683384416004022, 0.15339659402767816, 0.13655949756503105, 0.12605236594875655, 0.12540844703714052, 0.12303539862235387, 0.12191974744200706, 0.12000720823804538, 0.11607851336399715, 0.11467589189608891, 0.1076447864373525, 0.10490694021185239, 0.1015442709128062, 0.09976732979218166, 0.09849235663811366, 0.08933178087075551, 0.08431970203916232], "testStd": [0.016206054699189065, 0.030494383677489974, 0.019371087591251206, 0.055335932540628956, 0.06615198322664045, 0.06188468621668735, 0.03358723575202103, 0.03348048991553347, 0.027163715112757524, 0.027056003636193437, 0.04001475184654325, 0.03483125962217406, 0.028980815790684383, 0.022859301504900537, 0.01672288653390471, 0.01200917509196013, 0.01062516646090123, 0.012545355671544469, 0.014309800018837995, 0.017309099739053403, 0.016436614684351557, 0.013822034025906836, 0.01650704024888871, 0.0154847733212554, 0.01610993148656232, 0.016422575049516913, 0.017122474237152352, 0.01523869085886371, 0.011299413734883032]}}, "spikeAndSlab": {"1e-1": {"loss": [0.18698171955265414, 0.07620332622092607, 0.05241672324263341, 0.03949441221751035, 0.03538070748385773, 0.030466659754922947, 0.019919578169034495, 0.03263558723066495, 0.026228893750334437, 0.025776423624117077, 0.028163676153034924, 0.023074620564778645, 0.02110680671587382, 0.0179102565817637, 0.02205997205760381, 0.01769813555016365, 0.022114205382185982, 0.02125593420577376, 0.022331230825485156, 0.020741567742334655], "iden": [0.0, 0.0, 0.0, 0.0, 0.0, 0.0, 0.0, 0.0, 0.0, 0.0, 0.0, 0.0, 0.0, 0.0, 0.0, 0.0, 0.0, 0.0, 0.0, 0.0], "fwd": [0.18684597903735017, 0.07604402306961686, 0.05226083346153504, 0.0393426478834457, 0.03522366806796697, 0.03031530998613192, 0.019762718514220356, 0.03247208338349922, 0.026060026682675153, 0.025603686816071808, 0.027995280087266337, 0.02290224084026737, 0.020934879181047555, 0.01773939925241688, 0.021897246652542186, 0.017528703245398115, 0.021939011665239726, 0.02108314740603373, 0.02214541535399276, 0.020569436060239192], "bwd": [0.0, 0.0, 0.0, 0.0, 0.0, 0.0, 0.0, 0.0, 0.0, 0.0, 0.0, 0.0, 0.0, 0.0, 0.0, 0.0, 0.0, 0.0, 0.0, 0.0], "cons": [0.0, 0.0, 0.0, 0.0, 0.0, 0.0, 0.0, 0.0, 0.0, 0.0, 0.0, 0.0, 0.0, 0.0, 0.0, 0.0, 0.0, 0.0, 0.0, 0.0], "eigen": [0.00013573715811995065, 0.00015929872450763232, 0.00015589135014303202, 0.00015176567040621963, 0.00015703926483790078, 0.00015134911422860133, 0.0001568590410768169, 0.00016350401863115564, 0.00016886718741290646, 0.00017273754289705458, 0.00016839610931535835, 0.00017237964830442106, 0.0001719288575594828, 0.00017085708711789624, 0.0001627260664282324, 0.00016943201082482185, 0.00017519454705660747, 0.00017278639148903763, 0.00018581341118573054, 0.00017213096629539038], "time": [1.7889546871185302, 4.527295875549316, 7.266358661651611, 10.032367134094239, 12.795702123641968, 15.594573402404786, 18.350049352645875, 21.09673156738281, 23.8626690864563, 26.6119797706604, 29.361797332763672, 32.103470706939696, 34.857655715942386, 37.64565315246582, 40.396286201477054, 43.15541825294495, 45.9153636932373, 48.66577200889587, 51.405332231521605, 54.16154847145081], "fwd_val": [0.09997022560829125, 0.060946280791179766, 0.039768339777530304, 0.03766769084377565, 0.03572175011350721, 0.02299813277863458, 0.026944261674143842, 0.02825553506468805, 0.028819732284008404, 0.02854720801834899, 0.02567502770830852, 0.028354247007968923, 0.018186136821041938, 0.020756949371569782, 0.01997446164416806, 0.018847025803705727, 0.024496517607555293, 0.020092281272061974, 0.026551016757261736, 0.028625191452998466], "testAccuracy": [0.029618056646237772, 0.04180185589939356, 0.059910028241574764, 0.06552746597056587, 0.08172812188665073, 0.09320511668920517, 0.09268595899144809, 0.08759210010369618, 0.08621460944414139, 0.06578167496869962, 0.058783192187547684, 0.04823810514062643, 0.046165832628806434, 0.04914884610722462, 0.04108159181972345, 0.0373634813974301, 0.03638186895598968, 0.03786381551374992, 0.0427018819997708, 0.04224732983857393, 0.03752905844400326, 0.0339720972503225, 0.03367487868915001, 0.028402140364050865, 0.028135180783768494, 0.025513476071258385, 0.020925023437788088, 0.019176777607450884, 0.018667492549866438], "testStd": [0.01812914436156495, 0.021431031739006734, 0.036094090649465484, 0.04068433775778457, 0.030567414401260096, 0.038708626984568534, 0.028103387219494215, 0.024482813768853643, 0.02702921864865641, 0.026158380410974773, 0.02348380745986057, 0.01776671767800158, 0.013631864428399634, 0.016340944637707355, 0.009707173996432346, 0.008831458932772413, 0.009268425349957242, 0.008926892983854249, 0.010080549107531159, 0.009816918140129407, 0.011462303983966641, 0.00844115962640206, 0.006574986735352337, 0.00862123998661353, 0.009524894970476743, 0.007453186062177536, 0.006571272270709519, 0.004984568228410707, 0.004130782527846283]}}}}