{"unit_circle_mse": {"gaussianElement": {"1e0": {"loss": [0.22736877998804936, 0.2396044866135131, 0.206659306217002, 0.15541463494845179, 0.11134552001953127, 0.07486812504459191, 0.06460033817378354, 0.06405928102258134, 0.06239216704346817, 0.062061908321293525, 0.05890594482421875, 0.05942295718955123, 0.05847631097384239, 0.058709694500927515, 0.057148888992936644, 0.05926270018973852, 0.0566058384446793, 0.056182859237879926, 0.05622127794239619, 0.0547322444828678], "iden": [0.0, 0.0, 0.0, 0.0, 0.0, 0.0, 0.0, 0.0, 0.0, 0.0, 0.0, 0.0, 0.0, 0.0, 0.0, 0.0, 0.0, 0.0, 0.0, 0.0], "fwd": [0.1826102088684361, 0.19578998165043524, 0.16351934284924372, 0.11278275999304366, 0.06914113780679224, 0.03317702132272938, 0.02351757101816674, 0.023742772280897724, 0.022923713231195596, 0.02335084854195651, 0.020839969164704625, 0.02191483589067851, 0.02151234317587935, 0.02231759615684753, 0.021282693871624393, 0.023906699751065748, 0.021729491072702625, 0.02177669194191014, 0.02224773807612728, 0.02118189702839612], "bwd": [0.0, 0.0, 0.0, 0.0, 0.0, 0.0, 0.0, 0.0, 0.0, 0.0, 0.0, 0.0, 0.0, 0.0, 0.0, 0.0, 0.0, 0.0, 0.0, 0.0], "cons": [0.0, 0.0, 0.0, 0.0, 0.0, 0.0, 0.0, 0.0, 0.0, 0.0, 0.0, 0.0, 0.0, 0.0, 0.0, 0.0, 0.0, 0.0, 0.0, 0.0], "eigen": [0.04475856624237479, 0.04381450984031643, 0.04313997172873858, 0.04263187634890482, 0.0422043891802226, 0.04169110093486908, 0.041082765065371715, 0.040316508393309435, 0.0394684534638984, 0.03871105943096283, 0.03806597356926905, 0.037508120602124356, 0.036963969191459764, 0.03639209695058326, 0.03586619337944135, 0.03535599869680187, 0.034876346675228306, 0.03440616416060217, 0.03397354125976563, 0.033550344667478235], "time": [1.8419580936431885, 4.620092582702637, 7.375109148025513, 10.17108416557312, 12.94510612487793, 15.75117211341858, 18.522270011901856, 21.323899269104004, 24.1001615524292, 26.909074592590333, 29.74544734954834, 32.532333850860596, 35.34719896316528, 38.14758563041687, 40.99919757843018, 43.788258123397824, 46.55957732200623, 49.359430932998656, 52.18773727416992, 54.987769746780394], "fwd_val": [0.1678818919232502, 0.13798387714822127, 0.1334292619700593, 0.0923890368566037, 0.04582114311328065, 0.029834762513157635, 0.02940644826290112, 0.030883370985347484, 0.032852930915144525, 0.03207316860772561, 0.03020405873008396, 0.028860322322438497, 0.03181234441229687, 0.03323993099772412, 0.03176874988704871, 0.03282497598161252, 0.03208430387355663, 0.028958627336843002, 0.02980440416869718, 0.02795798241996151], "testAccuracy": [0.07503042618433635, 0.04915918502956629, 0.05924668504546086, 0.08310756894449393, 0.11548049561679363, 0.1159265066186587, 0.1254722165564696, 0.14622579514980316, 0.1449147363503774, 0.15142456938823065, 0.14363505939642587, 0.1381106103459994, 0.12197432667016983, 0.11173028498888016, 0.10419742142160733, 0.10170939192175865, 0.09960408012072246, 0.09992903222640355, 0.09825508917371432, 0.09437637527783711, 0.09355298802256584, 0.08763290072480838, 0.08406117558479309, 0.08117186650633812, 0.08066114659110706, 0.0778920700152715, 0.07288681529462337, 0.07070577641328175, 0.06671455067892869], "testStd": [0.06116742561470496, 0.04019283703604679, 0.05418501520272469, 0.05740889071132542, 0.05864756246200847, 0.04795994566177127, 0.04560498053257029, 0.03042618581676828, 0.03842933729266271, 0.024057664546098652, 0.01880880200213892, 0.02222918061175348, 0.019352159727977384, 0.016641507769766327, 0.014755484298293705, 0.017718942722542458, 0.0176082031865985, 0.01741373257162207, 0.017245064556160726, 0.016852931716350248, 0.017982215542729146, 0.015357141082163081, 0.014826341991920915, 0.014135443498669315, 0.014203712494242059, 0.015020026506198403, 0.011499899013357691, 0.010071296530617979, 0.010509037419494936]}}}}