{"none": {"spikeAndSlabVerySmall": {"1e0": {"loss": [0.23285699435020693, 0.1568628236256778, 0.1055248716868222, 0.09026983949147402, 0.08786293203972245, 0.08673901840976385, 0.08425436220212615, 0.0843000117611123, 0.08306565236827554, 0.08313738400533319, 0.08495401042781464, 0.08628134810216896, 0.08675494607725101, 0.08631865618980095, 0.08646598502381206, 0.0824015856877854, 0.0864743850220284, 0.09183022555695278, 0.08421393686233589, 0.08381697005877212], "iden": [0.0, 0.0, 0.0, 0.0, 0.0, 0.0, 0.0, 0.0, 0.0, 0.0, 0.0, 0.0, 0.0, 0.0, 0.0, 0.0, 0.0, 0.0, 0.0, 0.0], "fwd": [0.16710356690567923, 0.09110940593562714, 0.0397714463325396, 0.024516412046946347, 0.02210951016918165, 0.02098559096523616, 0.018500936151095177, 0.018546585710081335, 0.01731223049773473, 0.017383960392921484, 0.019200587163777115, 0.02052792065764127, 0.021001523509961827, 0.02056523501600849, 0.020712560714652006, 0.01664816259793495, 0.020720965241732663, 0.026076808563650473, 0.01846051568854345, 0.01806354714310877], "bwd": [0.0, 0.0, 0.0, 0.0, 0.0, 0.0, 0.0, 0.0, 0.0, 0.0, 0.0, 0.0, 0.0, 0.0, 0.0, 0.0, 0.0, 0.0, 0.0, 0.0], "cons": [0.0, 0.0, 0.0, 0.0, 0.0, 0.0, 0.0, 0.0, 0.0, 0.0, 0.0, 0.0, 0.0, 0.0, 0.0, 0.0, 0.0, 0.0, 0.0, 0.0], "eigen": [0.06575342465753424, 0.06575342465753424, 0.06575342465753424, 0.06575342465753424, 0.06575342465753424, 0.06575342465753424, 0.06575342465753424, 0.06575342465753424, 0.06575342465753424, 0.06575342465753424, 0.06575342465753424, 0.06575342465753424, 0.06575342465753424, 0.06575342465753424, 0.06575342465753424, 0.06575342465753424, 0.06575342465753424, 0.06575342465753424, 0.06575342465753424, 0.06575342465753424], "time": [1.9774703979492188, 4.641227293014526, 7.317366600036621, 9.985628938674926, 12.680070781707764, 15.329850196838379, 17.99779267311096, 20.69613175392151, 23.352746725082397, 26.020751857757567, 28.673491191864013, 31.35627145767212, 34.0537682056427, 36.71657404899597, 39.40190281867981, 42.05188331604004, 44.7392972946167, 47.41258091926575, 50.064500999450686, 52.76242542266846], "fwd_val": [0.1135828800631414, 0.04916821686541977, 0.029060670171958812, 0.022106978609174155, 0.026243166630298808, 0.021416793934005085, 0.019116530179881436, 0.022941075454971448, 0.021256950617604402, 0.02217812197891795, 0.02099900195276104, 0.019800377285614876, 0.024346906704987115, 0.023585354451588, 0.019644620088371485, 0.022055666251842913, 0.04073806313404906, 0.023605336049712607, 0.018254772102199314, 0.018928424906039583], "testAccuracy": [0.04354250462104877, 0.08978124087055524, 0.1074655254681905, 0.08992527207980554, 0.10495820144812266, 0.09150957688689232, 0.08338281512260437, 0.08086075199147065, 0.08026719093322754, 0.0760365625222524, 0.06619920457402866, 0.06598980973164241, 0.054473997404177986, 0.05027717382957538, 0.04803024853269259, 0.04561584691206614, 0.04209088999778032, 0.04189866315573454, 0.04347690691550573, 0.039176519960165024, 0.03581460999945799, 0.03425636732329925, 0.03256067416320244, 0.027725079252074163, 0.027235835945854586, 0.027078491790841024, 0.023922016533712547, 0.024224608205258846, 0.022916181323428948], "testStd": [0.02987523859715715, 0.05058524864271032, 0.061155035945641964, 0.05732571435816669, 0.02875748109900841, 0.028329860518656377, 0.03877185143626556, 0.03370897238211407, 0.030966981455268265, 0.03238911960261571, 0.02628159163704593, 0.024433449079511328, 0.018696622167741577, 0.014310737939978302, 0.013818931626567468, 0.014070558131502526, 0.013424081500694083, 0.013918459088418914, 0.013294365292058529, 0.012873533614115681, 0.013245667625443254, 0.012829273036539633, 0.013074463030123964, 0.011213497091550782, 0.011212215909410456, 0.011806202930905134, 0.008570288973539905, 0.00861436795415079, 0.00810760542952483]}}, "spikeAndSlabSmall": {"1e0": {"loss": [0.2221644013984018, 0.14524466179277254, 0.10294178862549944, 0.09183115919975385, 0.08952769518987229, 0.08672654800763413, 0.08486145019531251, 0.09117710897367295, 0.0852681380319813, 0.08466089536065924, 0.08579197435074201, 0.0905919100269335, 0.08563492309012914, 0.08506774902343749, 0.08428351136647402, 0.08358662505128067, 0.08457786943270192, 0.08410527198826341, 0.08356774874473816, 0.08443120808361872], "iden": [0.0, 0.0, 0.0, 0.0, 0.0, 0.0, 0.0, 0.0, 0.0, 0.0, 0.0, 0.0, 0.0, 0.0, 0.0, 0.0, 0.0, 0.0, 0.0, 0.0], "fwd": [0.15641098231485445, 0.07949123574174158, 0.03718836257446846, 0.026077734542219604, 0.02377427331933148, 0.02097312230497735, 0.01910802170566228, 0.0254236808323969, 0.019514708671395636, 0.01890747035475082, 0.020038546557840146, 0.024838488504766876, 0.019881500871214146, 0.019314324365903253, 0.018530085315443062, 0.01783320004537225, 0.0188244475621611, 0.018351850117722602, 0.017814324261391, 0.01867778760657463], "bwd": [0.0, 0.0, 0.0, 0.0, 0.0, 0.0, 0.0, 0.0, 0.0, 0.0, 0.0, 0.0, 0.0, 0.0, 0.0, 0.0, 0.0, 0.0, 0.0, 0.0], "cons": [0.0, 0.0, 0.0, 0.0, 0.0, 0.0, 0.0, 0.0, 0.0, 0.0, 0.0, 0.0, 0.0, 0.0, 0.0, 0.0, 0.0, 0.0, 0.0, 0.0], "eigen": [0.06575342465753424, 0.06575342465753424, 0.06575342465753424, 0.06575342465753424, 0.06575342465753424, 0.06575342465753424, 0.06575342465753424, 0.06575342465753424, 0.06575342465753424, 0.06575342465753424, 0.06575342465753424, 0.06575342465753424, 0.06575342465753424, 0.06575342465753424, 0.06575342465753424, 0.06575342465753424, 0.06575342465753424, 0.06575342465753424, 0.06575342465753424, 0.06575342465753424], "time": [1.7308797359466552, 4.414853286743164, 7.0828742504119875, 9.757432842254639, 12.415157461166382, 15.095431566238403, 17.744930601119997, 20.409199380874632, 23.088000202178954, 25.762876176834105, 28.425714635848998, 31.088019800186157, 33.75944151878357, 36.43281188011169, 39.07831082344055, 41.761077880859375, 44.429762840270996, 47.09817309379578, 49.796548986434935, 52.471163749694824], "fwd_val": [0.09938227368245761, 0.040564547375972336, 0.04021310810113683, 0.03842303531181409, 0.02608891734658424, 0.022366080566304895, 0.02427491621262785, 0.023660127864175755, 0.024227656268075277, 0.01847171740255494, 0.025232457826678878, 0.021533626543534936, 0.019070489790992462, 0.021810871065142845, 0.020932681779354666, 0.021250110082388307, 0.02064049015250567, 0.02188545328695417, 0.01767280636634228, 0.01963481611771668], "testAccuracy": [0.03328570475180944, 0.04747192282229662, 0.04974847504248222, 0.06740857319285472, 0.06250440174092849, 0.07104982233916719, 0.06877259661753972, 0.0660184013346831, 0.06402233118812244, 0.06881432794034481, 0.06378042294333379, 0.06064734235405922, 0.05652430032690366, 0.05216760685046514, 0.04773434065282345, 0.041596342188616596, 0.041836922988295555, 0.0405393031736215, 0.04050142069657644, 0.040983337288101516, 0.03601593958834807, 0.03578406913826863, 0.03236319310963154, 0.029486898332834244, 0.026371455751359463, 0.023726098084201414, 0.023769695156564314, 0.022201446661104757, 0.020283819176256657], "testStd": [0.016917954385138368, 0.031663726535473904, 0.028129017472469226, 0.03785687487143403, 0.038573570640976725, 0.035960073145782576, 0.02346541541785581, 0.028385891892502096, 0.028142634184208603, 0.026757179468255815, 0.026980265476988494, 0.023011472638623545, 0.017732190049710807, 0.013827710410004801, 0.00951833149658428, 0.008173034785108566, 0.00968039577688028, 0.009022852299777775, 0.008697407113296567, 0.008402957521462617, 0.011396295209189238, 0.011850774769752994, 0.010760520256271154, 0.009839163627807037, 0.007326633310884139, 0.006319856388042028, 0.00709192277489363, 0.006587594544616529, 0.005695653451219796]}},