{"unit_circle_mse": {"gaussianElement": {"1e0": {"loss": [0.6483870739987633, 0.6432011295126997, 0.5937803039086282, 0.5414752745374334, 0.49141195404656585, 0.4478455611741343, 0.4353499274638508, 0.426475276395429, 0.4218804253472222, 0.4084202039187357, 0.4010779440312262, 0.398678547062286, 0.39008353362526166, 0.3805455874090326, 0.37723217736277587, 0.3694916561132515, 0.362068731345724, 0.35588259994530064, 0.3494646278509084, 0.34670429665204056], "iden": [0.0, 0.0, 0.0, 0.0, 0.0, 0.0, 0.0, 0.0, 0.0, 0.0, 0.0, 0.0, 0.0, 0.0, 0.0, 0.0, 0.0, 0.0, 0.0, 0.0], "fwd": [0.1848335579650043, 0.1902467446058671, 0.14997007233548562, 0.10585909165566733, 0.06304567473482686, 0.026848078572405343, 0.02243629060742336, 0.021616761833202533, 0.024686442335991012, 0.018615993807486384, 0.018849893392856077, 0.023930195150854382, 0.022340665959513534, 0.019513777873650353, 0.02279370800000892, 0.021492129228612242, 0.020451764320129674, 0.020775233810169328, 0.02062102075399692, 0.02380787575081603], "bwd": [0.0, 0.0, 0.0, 0.0, 0.0, 0.0, 0.0, 0.0, 0.0, 0.0, 0.0, 0.0, 0.0, 0.0, 0.0, 0.0, 0.0, 0.0, 0.0, 0.0], "cons": [0.0, 0.0, 0.0, 0.0, 0.0, 0.0, 0.0, 0.0, 0.0, 0.0, 0.0, 0.0, 0.0, 0.0, 0.0, 0.0, 0.0, 0.0, 0.0, 0.0], "eigen": [0.4635535485486824, 0.452954333811953, 0.4438102733780441, 0.43561616894679894, 0.42836627931173893, 0.4209974872467181, 0.41291358982591325, 0.40485850991723743, 0.39719398068873674, 0.3898042211430983, 0.3822280767664336, 0.37474834378270067, 0.3677428548920281, 0.361031830437833, 0.35443845426655246, 0.3479995239815212, 0.3416169745737015, 0.3351074125850219, 0.32884359838755706, 0.3228964423842989], "time": [2.4196460247039795, 5.294185558954875, 8.126570701599121, 11.049606243769327, 13.953867355982462, 16.77631163597107, 19.622554620107014, 22.52637775739034, 25.430389563242596, 28.276887893676758, 31.037018696467083, 33.93928337097168, 36.877973556518555, 39.68789664904276, 42.506463209788, 45.342949310938515, 48.20000831286112, 51.09414498011271, 53.83415722846985, 56.716722091039024], "fwd_val": [0.14729232814960816, 0.13916761114977408, 0.11541917979301335, 0.08480096872749983, 0.03367615556339391, 0.0323034747435211, 0.029244628353459312, 0.030721724417282572, 0.030893638210148178, 0.03306659805761891, 0.032524894433065055, 0.03276696340473378, 0.03486346712978822, 0.032832055884026996, 0.03400234155000952, 0.03260767051947098, 0.029796935301983924, 0.025268956067033565, 0.02805135964995357, 0.03061333562232958], "testAccuracy": [0.06552245716253917, 0.054758951688806214, 0.06917757820338011, 0.11705406631032626, 0.14630671901007494, 0.15165939989189306, 0.16353811944524446, 0.16124790534377098, 0.14690059547623, 0.137480977922678, 0.12898400674263635, 0.12554806222518286, 0.11921532327930133, 0.11683264374732971, 0.11207397406299908, 0.10629721979300182, 0.10363667458295822, 0.10087372114260991, 0.09743287538488705, 0.09726982439557712, 0.09719081968069077, 0.09328378116091092, 0.08649250368277232, 0.08094144985079765, 0.07829636956254642, 0.073882261912028, 0.07392776881655057, 0.07366293917099635, 0.06927546051641305], "testStd": [0.032864197107332294, 0.027838438859414873, 0.03800531381661921, 0.05274056659629663, 0.05761358609274428, 0.06734592387190212, 0.04372465263313622, 0.03210487372519551, 0.036613493161303225, 0.012555923538213401, 0.010095673269959776, 0.01635183310406039, 0.012546679651388726, 0.011296297568154399, 0.011903011791485688, 0.01211683552678947, 0.012183330794494431, 0.010277681799834376, 0.009520495963256874, 0.006910192065709982, 0.008050566679158447, 0.011636757227960542, 0.007435122900279477, 0.0054426092233400905, 0.004003309537447567, 0.005264960808136395, 0.004757444831750402, 0.00547945575414122, 0.006080307747924358]}}}}