{"unit_circle_mse": {"gaussianElement": {"1e0": {"loss": [0.22098232042843896, 0.20286370264340753, 0.1770000161645619, 0.15482544224011846, 0.10329603081968823, 0.06478259151929046, 0.058072149546723385, 0.05684861274614726, 0.053893398128143734, 0.05429773339397831, 0.05208934522654912, 0.05538701514675193, 0.0542745079841788, 0.052983259784576554, 0.05283971290065818, 0.05141202221178028, 0.05061661358837667, 0.05105246278248965, 0.05210570905850902, 0.050436275604108696], "iden": [0.0, 0.0, 0.0, 0.0, 0.0, 0.0, 0.0, 0.0, 0.0, 0.0, 0.0, 0.0, 0.0, 0.0, 0.0, 0.0, 0.0, 0.0, 0.0, 0.0], "fwd": [0.18605907422766838, 0.16849454418164952, 0.14310837001016696, 0.12133058034121717, 0.07013535869720319, 0.031961858392306114, 0.025609282750517263, 0.02477268828648955, 0.022200970584399078, 0.022974116704235343, 0.021109827816758527, 0.024744564038977776, 0.02394661019381867, 0.022962935286569813, 0.023109258364324703, 0.021980869868030283, 0.021485354628192777, 0.02220603106773063, 0.023539076504642018, 0.02215249013683023], "bwd": [0.0, 0.0, 0.0, 0.0, 0.0, 0.0, 0.0, 0.0, 0.0, 0.0, 0.0, 0.0, 0.0, 0.0, 0.0, 0.0, 0.0, 0.0, 0.0, 0.0], "cons": [0.0, 0.0, 0.0, 0.0, 0.0, 0.0, 0.0, 0.0, 0.0, 0.0, 0.0, 0.0, 0.0, 0.0, 0.0, 0.0, 0.0, 0.0, 0.0, 0.0], "eigen": [0.034923246200770544, 0.03436916769367375, 0.03389165468956238, 0.033494851708956504, 0.033160677870658975, 0.03282073295279725, 0.032462868799357655, 0.03207592324034809, 0.03169242989527036, 0.03132361738649133, 0.030979517409790602, 0.030642450933587063, 0.030327898400014937, 0.030020325543129278, 0.029730453839585114, 0.029431150863159738, 0.029131260266587067, 0.028846430669636484, 0.028566634644112087, 0.028283784770530108], "time": [1.752219820022583, 4.483833265304566, 7.24163784980774, 9.99534468650818, 12.737801551818848, 15.46674723625183, 18.211316061019897, 20.958691024780272, 23.71251392364502, 26.449786615371703, 29.18835053443909, 31.960163354873657, 34.69565777778625, 37.42738256454468, 40.149803733825685, 42.92992105484009, 45.680964136123656, 48.42571702003479, 51.180589532852174, 53.93233852386474], "fwd_val": [0.159635419315762, 0.1489119693852853, 0.11926216720190985, 0.08083499802483453, 0.044004880489358585, 0.031447473528304536, 0.031845703183548846, 0.03225395882475204, 0.03342594628652705, 0.026960589459552858, 0.032584699810799, 0.03092065810101428, 0.0309615976712554, 0.030255664556306728, 0.036575343000332126, 0.03330335439019349, 0.031154814372124112, 0.0319501209470193, 0.03321623600623458, 0.031007464649980575], "testAccuracy": [0.04019456605116526, 0.048689884754518666, 0.061839078242580094, 0.1008067186921835, 0.12197050948937734, 0.13547546789050102, 0.1610565111041069, 0.18244211375713348, 0.18123545249303183, 0.18719414869944254, 0.17431874573230743, 0.16580786307652792, 0.15072700505455336, 0.1441048557559649, 0.13847814748684564, 0.13332917044560114, 0.13077171022693315, 0.128068116803964, 0.12387776623169582, 0.12138709674278896, 0.11753772820035617, 0.11214925224582355, 0.10920814673105876, 0.10741789018114407, 0.10542439917723338, 0.10100797812143962, 0.0966357874373595, 0.09375507881244023, 0.08779760201772054], "testStd": [0.018159109980024006, 0.03978318585901186, 0.045253845368688324, 0.057891587561572234, 0.045832292496479084, 0.051731660054177106, 0.024261239692439953, 0.02363314128708284, 0.0306235600283484, 0.033319780539686636, 0.036849648268509665, 0.05029047252791812, 0.044648589342392034, 0.043906951599513945, 0.035827310312489286, 0.02860065369254933, 0.02380802779073175, 0.023339157998446606, 0.022802943214612688, 0.020844492579408312, 0.021345476634124037, 0.01994047645270665, 0.02190499279489428, 0.02082583226885416, 0.020154299043519404, 0.022653573190010535, 0.021833165811496278, 0.023863796707513353, 0.0199605004536029]}}, "spikeAndSlab": {"1e-1": {"loss": [0.1772963906205408, 0.10791680462284174, 0.07248423258463542, 0.05072781601997271, 0.04397871113258954, 0.03603473733004914, 0.03448905039051352, 0.026285635194821987, 0.024056503783622292, 0.025258341053305156, 0.025038567808665098, 0.021222134594503606, 0.01924478295731218, 0.017683178627327698, 0.01881190156283444, 0.019460871796629746, 0.019614272792589718, 0.01840684185289357, 0.01748115783412707, 0.01880370954400328], "iden": [0.0, 0.0, 0.0, 0.0, 0.0, 0.0, 0.0, 0.0, 0.0, 0.0, 0.0, 0.0, 0.0, 0.0, 0.0, 0.0, 0.0, 0.0, 0.0, 0.0], "fwd": [0.17711012191424086, 0.10774462834885132, 0.07232473295028895, 0.05057921980069653, 0.043839642947122934, 0.035904682281354794, 0.03436630458047945, 0.0261681143007322, 0.02394339574526434, 0.025149464019357342, 0.024932913235877745, 0.02112015711118097, 0.01914604082499465, 0.017587304659630064, 0.018718267989485234, 0.01936980539260934, 0.01952552830247574, 0.018320479719606163, 0.01739650917924158, 0.018720990185323916], "bwd": [0.0, 0.0, 0.0, 0.0, 0.0, 0.0, 0.0, 0.0, 0.0, 0.0, 0.0, 0.0, 0.0, 0.0, 0.0, 0.0, 0.0, 0.0, 0.0, 0.0], "cons": [0.0, 0.0, 0.0, 0.0, 0.0, 0.0, 0.0, 0.0, 0.0, 0.0, 0.0, 0.0, 0.0, 0.0, 0.0, 0.0, 0.0, 0.0, 0.0, 0.0], "eigen": [0.00018627678932936769, 0.00017217661385939, 0.0001595002856768974, 0.0001485983072248496, 0.00013906541233669675, 0.00013005516557745874, 0.00012274541282924275, 0.00011752313361758341, 0.0001131094409831689, 0.00010887443971824562, 0.00010565387679117234, 0.00010197844479524596, 9.874325832911527e-05, 9.587367056911763e-05, 9.363374240641545e-05, 9.106672772406338e-05, 8.874427546259574e-05, 8.636082289051054e-05, 8.464789881697749e-05, 8.271966984250464e-05], "time": [1.7569637775421143, 4.492619752883911, 7.246732330322265, 9.990126943588256, 12.732236576080322, 15.474612045288087, 18.22802381515503, 20.993145275115968, 23.744346380233765, 26.499461460113526, 29.27086434364319, 32.024034929275516, 34.75611824989319, 37.501977348327635, 40.26668639183045, 43.01943483352661, 45.75844798088074, 48.52288036346435, 51.28253779411316, 54.05520477294922], "fwd_val": [0.14113391290348315, 0.07171454007306921, 0.0462298994478972, 0.04903576579454825, 0.04452578111067294, 0.03494498556458816, 0.02854315209263957, 0.026900660679728128, 0.029833242796277464, 0.027279533635399, 0.024181709874079423, 0.023676111641521422, 0.02384898046364531, 0.024555411709295573, 0.026276205369719752, 0.025603174908917503, 0.02405114175328886, 0.022391641562303673, 0.025261344574691785, 0.024243143412034103], "testAccuracy": [0.05451743087420861, 0.056133415860434376, 0.07584967526296775, 0.07679751763741176, 0.08572014266004165, 0.07884564530104399, 0.07334284732739131, 0.07747238253553708, 0.07315009521941344, 0.08157682605087757, 0.08002443487445514, 0.08027420255045097, 0.07346580798427264, 0.06690799010296662, 0.059513250986735024, 0.05712505181630453, 0.051139019429683685, 0.05107166804373264, 0.04856103534499804, 0.04852913630505403, 0.04240844522913297, 0.03866434842348099, 0.036250087743004165, 0.0364757397522529, 0.03373084031045437, 0.0345345688983798, 0.030175990735491116, 0.03032345635195573, 0.027391994682451088], "testStd": [0.028017718211413994, 0.03369105975327309, 0.039920167444147815, 0.03996325984284404, 0.03328531844295749, 0.02946998773737463, 0.01573887222244307, 0.02410563854423037, 0.031968411902790754, 0.04097827411998149, 0.0339352801334531, 0.033820100815457305, 0.025874492242728878, 0.02113493435232191, 0.016201228270078773, 0.012520065797567322, 0.011176270601437359, 0.012898499452256938, 0.013810258043487162, 0.014439765133666902, 0.012519785977185813, 0.013200599678670865, 0.012242396586538615, 0.012022458971535366, 0.011491296239779987, 0.012372873629560065, 0.010346564072268747, 0.010694992636328131, 0.007976088932534807]}}}}