{"unit_circle_mse-consistent": {"gaussianElement": {"1e0": {"loss": [13.440778944227432, 9.182708498031374, 27.231748550657244, 13.92204381549169, 9.292161245194691, 8.527724977523562, 8.171915932307169, 9.858431377108134, 8.98401605515253, 7.856364658900669, 7.583636571490576, 7.570369659908234, 7.588057018461682, 7.772973923456102, 7.7233780149429565, 7.60261947389633, 7.356912522088915, 7.306930299789187, 7.277926490420387, 7.310717143709698, 7.278108384874131, 7.690775311182416, 7.415545993381076, 7.406677003890749, 7.171077667720734, 7.263361370752729, 7.0778488885788695, 7.417791941809276, 7.522769504123264, 7.290227980840773, 7.1991729736328125, 7.328287033807663, 7.477909148685516, 6.98193843781002, 7.030462113637772, 7.1997075156560015, 7.3177826896546385, 6.967369200691344, 6.879319690522693, 6.97596183655754, 7.443390619187128, 7.088727436368427, 7.010817028227307, 6.881646776956225, 6.938458881680927, 6.761990501767113, 6.719112335689484, 6.6903701055617555, 6.7682037353515625, 6.697705465649801], "iden": [0.0, 0.0, 0.0, 0.0, 0.0, 0.0, 0.0, 0.0, 0.0, 0.0, 0.0, 0.0, 0.0, 0.0, 0.0, 0.0, 0.0, 0.0, 0.0, 0.0, 0.0, 0.0, 0.0, 0.0, 0.0, 0.0, 0.0, 0.0, 0.0, 0.0, 0.0, 0.0, 0.0, 0.0, 0.0, 0.0, 0.0, 0.0, 0.0, 0.0, 0.0, 0.0, 0.0, 0.0, 0.0, 0.0, 0.0, 0.0, 0.0, 0.0], "fwd": [0.8586430928063771, 0.83974732293023, 0.8229673476446241, 0.819056162758479, 0.8271997845362105, 0.8293990483359686, 0.8260540735153925, 0.8139658731127541, 0.8128611246744791, 0.8152728005061074, 0.8150816417875744, 0.8137510693262494, 0.810076425945948, 0.810090594821506, 0.804410177563864, 0.8001196119520401, 0.799095940968347, 0.8010779789515903, 0.7991737789577908, 0.7934902736118862, 0.7826419103713262, 0.7776497734917535, 0.7752422151111421, 0.7679643176850819, 0.7615615602523561, 0.7542574746268137, 0.750483028472416, 0.7490515784611778, 0.7471965759519547, 0.7457608419751364, 0.7373797704303074, 0.7277848682706317, 0.7143815509856694, 0.7102052446395634, 0.7037718636648996, 0.6938415254865374, 0.6923072754390655, 0.6867464005001008, 0.6814753214518229, 0.6698236919584728, 0.6599910524156358, 0.6547167793152825, 0.6466908379206582, 0.639450572785877, 0.6304982654632084, 0.624785438416496, 0.6177888597760882, 0.6086975884816003, 0.59765625, 0.5911171171400282], "bwd": [0.8559444064185732, 0.8402687859913659, 0.8203587607731895, 0.8215652647472563, 0.8236085800897509, 0.8311963157048302, 0.8291376204717728, 0.8160924760122148, 0.8146501571413071, 0.8120219821021669, 0.8100115760924324, 0.8082457648383246, 0.8046740274580698, 0.8036260756235274, 0.8021746741400825, 0.7959769415476966, 0.7926458328489273, 0.7889746408613901, 0.784339602031405, 0.7811865428137401, 0.7758608318510509, 0.7686796036977617, 0.7659879411969865, 0.7811235700334822, 0.7891502531747969, 0.777216426909916, 0.7526537577311198, 0.743375611683679, 0.7447163415333581, 0.7318520016140408, 0.7282181997147817, 0.7274375340295217, 0.7229028580680725, 0.720045634678432, 0.7153808351547001, 0.7041531063261486, 0.6962635706341457, 0.6866429344056145, 0.6826183076888795, 0.6772246587844122, 0.671370612250434, 0.6636641214764307, 0.6511434524778336, 0.6462964103335426, 0.6389186647203234, 0.6343045915876117, 0.6217292755369156, 0.617758069719587, 0.6013116382417224, 0.5927099349006774], "cons": [0.7578042196849036, 0.7542649375067817, 0.7520593461536226, 0.7504355869595966, 0.7491679267277793, 0.7481385034228127, 0.7472800602988591, 0.7465393732464504, 0.7459115679301913, 0.7453655061267671, 0.7448646908714659, 0.744372670612638, 0.7439064146980406, 0.7434588386898948, 0.7430141993931362, 0.7425951730637324, 0.7421728164430649, 0.7417313863360692, 0.7412562597365606, 0.7407684023418124, 0.740269040304517, 0.7397485157800099, 0.7392079186817956, 0.7386289172702366, 0.7379920142037527, 0.7372947420392718, 0.7366193286956303, 0.7358859077332512, 0.7351265407743908, 0.7343395475357298, 0.733508655003139, 0.7326874203152126, 0.7318951137482174, 0.7311419229658823, 0.7303532797192771, 0.7295201619466146, 0.728704361688523, 0.7279204565381248, 0.7271680377778553, 0.7263991038004557, 0.725580578758603, 0.7247416632516043, 0.7238785274445064, 0.7229816951448956, 0.7220508030482701, 0.7210357908218626, 0.7199560347057524, 0.7188064332992311, 0.7175364418635293, 0.716254294864715], "eigen": [0.4761904761904761, 0.4761904761904761, 0.4761904761904761, 0.4761904761904761, 0.4761904761904761, 0.4761904761904761, 0.4761904761904761, 0.4761904761904761, 0.4761904761904761, 0.4761904761904761, 0.4761904761904761, 0.4761904761904761, 0.4761904761904761, 0.4761904761904761, 0.4761904761904761, 0.4761904761904761, 0.4761904761904761, 0.4761904761904761, 0.4761904761904761, 0.4761904761904761, 0.4761904761904761, 0.4761904761904761, 0.4761904761904761, 0.4761904761904761, 0.4761904761904761, 0.4761904761904761, 0.4761904761904761, 0.4761904761904761, 0.4761904761904761, 0.4761904761904761, 0.4761904761904761, 0.4761904761904761, 0.4761904761904761, 0.4761904761904761, 0.4761904761904761, 0.4761904761904761, 0.4761904761904761, 0.4761904761904761, 0.4761904761904761, 0.4761904761904761, 0.4761904761904761, 0.4761904761904761, 0.4761904761904761, 0.4761904761904761, 0.4761904761904761, 0.4761904761904761, 0.4761904761904761, 0.4761904761904761, 0.4761904761904761, 0.4761904761904761], "fwd_val": [2.5812643545645257, 2.5018367767333984, 2.4747766565393516, 2.503059245921947, 2.527910727041739, 2.51763880694354, 2.4733619689941406, 2.4403324833622686, 2.4564967685275607, 2.4558338589138455, 2.452755256935402, 2.4383811244258173, 2.436260294031214, 2.41195770546242, 2.38963543927228, 2.3859237388328265, 2.378487057156033, 2.385462866889106, 2.3394412287959345, 2.30685622603805, 2.2817806667751737, 2.2654371614809388, 2.2400378474482783, 2.2071560047290943, 2.1715527287235967, 2.156330320570204, 2.1333018408881297, 2.142793090255172, 2.1447936164008246, 2.0826193491617837, 2.022735171847873, 1.9734047783745658, 1.9652646382649739, 1.9297135670979817, 1.882993521513762, 1.8580899415192782, 1.8408624154550057, 1.8212918882016782, 1.7638156325728804, 1.7119873894585504, 1.6768840507224754, 1.6470613479614258, 1.6068261464436848, 1.575477812025282, 1.5474532092059101, 1.497094648855704, 1.4596577043886538, 1.4116660224066842, 1.3672240575154622, 1.311687186912254], "testAccuracy": [0.14102710783481598, 0.1511392444372177, 0.06447849422693253, 0.0875844657421112, 0.07740098237991333, 0.06178756803274155, 0.1398114711046219, 0.2617816627025604, 0.367542564868927, 0.4352218508720398, 0.4716022312641144, 0.48452243208885193, 0.48923057317733765, 0.48929908871650696, 0.48822522163391113], "testStd": [0.0, 0.0, 0.0, 0.0, 0.0, 0.0, 0.0, 0.0, 0.0, 0.0, 0.0, 0.0, 0.0, 0.0, 0.0]}}}}