{
    "unit_circle_mae": {
        "gaussianElement": {
            "1e0": {
                "loss": [
                    3.991907552083333,
                    4.650824788411459,
                    4.141604207356771,
                    3.6199395751953123,
                    4.930384521484375
                ],
                "iden": [
                    0.8102962493896484,
                    1.3342636108398436,
                    0.9202935282389322,
                    0.607788569132487,
                    1.5030631383260091
                ],
                "fwd": [
                    0.828938725789388,
                    0.9644007873535156,
                    0.8696607462565105,
                    0.6610132598876953,
                    1.0766943740844725
                ],
                "bwd": [
                    0.0,
                    0.0,
                    0.0,
                    0.0,
                    0.0
                ],
                "cons": [
                    0.0,
                    0.0,
                    0.0,
                    0.0,
                    0.0
                ],
                "eigen": [
                    2.3526725260416663,
                    2.352160441080729,
                    2.3516499837239584,
                    2.351137898763021,
                    2.3506268310546874
                ],
                "fwd_val": [
                    0.4745319938659668,
                    0.32242847442626954,
                    0.6475741577148437,
                    0.49289865493774415,
                    0.40971662521362306
                ]
            }
        }
    },
    "unit_circle_mse": {
        "gaussianElement": {
            "1e0": {
                "loss": [
                    2.8503955078125003,
                    4.049120381673177,
                    3.1676810709635417,
                    3.4513424682617186,
                    3.590258178710938
                ],
                "iden": [
                    0.7610512924194336,
                    1.525216318766276,
                    0.9709134674072266,
                    1.0854565429687502,
                    1.1576016235351563
                ],
                "fwd": [
                    0.5519516245524089,
                    0.986957270304362,
                    0.6602598571777344,
                    0.8298205947875976,
                    0.8970337422688801
                ],
                "bwd": [
                    0.0,
                    0.0,
                    0.0,
                    0.0,
                    0.0
                ],
                "cons": [
                    0.0,
                    0.0,
                    0.0,
                    0.0,
                    0.0
                ],
                "eigen": [
                    1.5373926798502606,
                    1.5369465128580728,
                    1.536507822672526,
                    1.5360653686523436,
                    1.5356227111816407
                ],
                "fwd_val": [
                    0.6001226043701171,
                    0.25970312118530275,
                    0.4961199569702149,
                    0.39455888748168944,
                    0.2958839988708496
                ]
            }
        }
    },
    "origin_mse": {
        "gaussianElement": {
            "1e0": {
                "loss": [
                    3.1637467447916663,
                    2.8212961832682293,
                    2.99250986735026,
                    2.144281005859375,
                    2.0922064208984374
                ],
                "iden": [
                    1.0915731811523437,
                    0.8585033162434895,
                    0.8943249384562175,
                    0.39468190511067713,
                    0.6201432291666666
                ],
                "fwd": [
                    0.8460040791829426,
                    0.7370948791503906,
                    0.8729583994547526,
                    0.5248458607991536,
                    0.24778579711914062
                ],
                "bwd": [
                    0.0,
                    0.0,
                    0.0,
                    0.0,
                    0.0
                ],
                "cons": [
                    0.0,
                    0.0,
                    0.0,
                    0.0,
                    0.0
                ],
                "eigen": [
                    1.2261697896321615,
                    1.2256979878743488,
                    1.2252264404296875,
                    1.2247532653808593,
                    1.2242773946126304
                ],
                "fwd_val": [
                    0.47198455810546874,
                    0.4161552810668945,
                    0.46178081512451175,
                    0.6858459663391113,
                    0.5770461082458496
                ]
            }
        }
    },
    "none": {
        "gaussianElement": {
            "1e0": {
                "loss": [
                    5.4239306640625,
                    5.557465209960938,
                    5.718700968424479,
                    5.613321940104167,
                    5.541112874348959
                ],
                "iden": [
                    1.392809804280599,
                    1.5266683451334635,
                    1.230638224283854,
                    1.3097028096516927,
                    1.4965976969401042
                ],
                "fwd": [
                    0.6977874501546224,
                    0.6974635060628256,
                    1.154729512532552,
                    0.9702855173746745,
                    0.711181894938151
                ],
                "bwd": [
                    0.0,
                    0.0,
                    0.0,
                    0.0,
                    0.0
                ],
                "cons": [
                    0.0,
                    0.0,
                    0.0,
                    0.0,
                    0.0
                ],
                "eigen": [
                    3.3333333333333335,
                    3.3333333333333335,
                    3.3333333333333335,
                    3.3333333333333335,
                    3.3333333333333335
                ],
                "fwd_val": [
                    0.23462589263916017,
                    0.7151034164428711,
                    0.5980293846130371,
                    0.5603397750854493,
                    0.6479914855957032
                ]
            }
        }
    }
}