{"unit_circle_mae": {"gaussianElement": {"1e0": {"loss": [0.7037231953938803, 1.8188342963324653, 2.2486620415581595, 1.7592662217881945, 0.6694139353434244, 1.2270970323350694, 1.1357039896647134, 1.2149605645073784, 0.8718967183430989, 0.6150289069281684, 2.011379801432292, 1.1203027767605251, 1.110476582845052, 0.7570480685763888, 1.3064570787217882], "iden": [0.31163478427463104, 0.8766586473253039, 1.1742301093207466, 0.7407577345106336, 0.32849523968166777, 0.5636931525336372, 0.623641234503852, 0.6460139295789932, 0.48504592895507814, 0.2585046789381239, 1.0630803426106772, 0.6468067084418403, 0.5292154566446939, 0.3701515282524957, 0.5784404839409722], "fwd": [0.2810512288411458, 0.8311554463704427, 0.9634274970160591, 0.907518556382921, 0.22994371202256947, 0.5524455515543619, 0.4011215421888563, 0.4580225732591417, 0.27594327714708117, 0.24563316451178654, 0.8374253675672744, 0.3626380750868055, 0.47041933271620007, 0.27607186211480034, 0.6172086758083767], "bwd": [0.0, 0.0, 0.0, 0.0, 0.0, 0.0, 0.0, 0.0, 0.0, 0.0, 0.0, 0.0, 0.0, 0.0, 0.0], "cons": [0.0, 0.0, 0.0, 0.0, 0.0, 0.0, 0.0, 0.0, 0.0, 0.0, 0.0, 0.0, 0.0, 0.0, 0.0], "eigen": [0.11103718863593208, 0.11102020051744249, 0.11100434197319879, 0.11099000718858508, 0.11097500695122613, 0.11095834520128038, 0.11094126807318794, 0.11092406378851997, 0.11090745713975696, 0.11089106241861979, 0.11087396409776475, 0.11085798899332683, 0.11084185494316949, 0.11082469728257921, 0.1108078850640191], "fwd_val": [0.452617073059082, 0.4630158487955729, 0.25722981770833336, 0.30437208175659175, 0.4483843104044596, 0.6758164596557616, 0.25646444956461584, 0.44699059804280594, 0.24365254084269208, 0.47470075607299805, 0.35814423243204746, 0.3340954081217448, 0.4655243428548177, 0.6175022633870443, 0.5171544265747071]}}}, "unit_circle_mse": {"gaussianElement": {"1e0": {"loss": [0.8278797403971354, 1.3164143710666232, 1.2085748460557726, 1.4833827039930556, 1.57671139187283, 1.683238254123264, 2.0322101169162328, 1.0906355794270832, 2.009276123046875, 1.0338329739040797, 1.7251441446940106, 0.8918960740831162, 1.2152364434136285, 1.7953534613715278, 1.184455091688368], "iden": [0.47170321994357645, 0.672725830078125, 0.616630605061849, 0.8168819681803385, 0.8366007571750217, 0.9569525485568575, 0.9958211263020833, 0.6680128309461807, 1.1000210740831162, 0.6010565355088976, 0.8363457319471571, 0.5205060111151801, 0.5979179022047254, 0.805334743923611, 0.5498597039116754], "fwd": [0.2875096893310547, 0.5750394990709092, 0.5233125983344183, 0.5978861660427518, 0.6715121799045138, 0.6577038065592448, 0.9678232320149739, 0.35407285054524734, 0.8407213168674046, 0.3642583719889323, 0.8202966605292427, 0.3029054514567057, 0.5488503604465061, 0.9215667724609377, 0.5661590406629774], "bwd": [0.0, 0.0, 0.0, 0.0, 0.0, 0.0, 0.0, 0.0, 0.0, 0.0, 0.0, 0.0, 0.0, 0.0, 0.0], "cons": [0.0, 0.0, 0.0, 0.0, 0.0, 0.0, 0.0, 0.0, 0.0, 0.0, 0.0, 0.0, 0.0, 0.0, 0.0], "eigen": [0.06866680992974175, 0.06864903238084581, 0.06863161298963759, 0.06861458036634659, 0.06859849717881944, 0.06858191808064779, 0.06856565475463867, 0.06854986402723524, 0.06853372149997287, 0.0685181458791097, 0.0685018221537272, 0.06848459667629665, 0.06846814473470052, 0.06845194816589355, 0.0684363661872016], "fwd_val": [0.2761444409688314, 0.35112403869628905, 0.3246620750427246, 0.3507953357696533, 0.692841288248698, 0.4180693689982096, 0.6811375935872396, 0.32388287226359047, 0.6119023768107096, 0.2608541552225749, 0.3312396240234375, 0.3955701573689779, 0.356646032333374, 0.5161198679606119, 0.7288037808736165]}}}, "origin_mse": {"gaussianElement": {"1e0": {"loss": [1.420178697374132, 1.6354745313856338, 0.9364827558729384, 1.8761248440212672, 1.2037984551323786, 1.4774271647135417, 0.5076439581976996, 1.239388393825955, 1.2225200737847222, 1.7597137112087673, 1.8874241129557292, 1.0546627129448785, 1.7592159356011283, 1.4626716783311633, 2.078652818467882], "iden": [0.7770492723253039, 0.7609589555528428, 0.36804717169867623, 0.891351555718316, 0.6096961127387153, 0.7668488396538629, 0.3149171023898654, 0.5311827850341797, 0.4192647552490234, 0.9886144171820747, 1.0478792317708334, 0.5916996426052518, 1.1476667955186632, 0.728943617078993, 1.0987872992621528], "fwd": [0.593174311319987, 0.8245806037055122, 0.5185215504964193, 0.9348804389105903, 0.5442294650607639, 0.6607265218098958, 0.14289572821723093, 0.6583956231011285, 0.7534663984510633, 0.7213316853841146, 0.7897974819607204, 0.41323481241861976, 0.5618401845296224, 0.6840384928385417, 0.9301966688368055], "bwd": [0.0, 0.0, 0.0, 0.0, 0.0, 0.0, 0.0, 0.0, 0.0, 0.0, 0.0, 0.0, 0.0, 0.0, 0.0], "cons": [0.0, 0.0, 0.0, 0.0, 0.0, 0.0, 0.0, 0.0, 0.0, 0.0, 0.0, 0.0, 0.0, 0.0, 0.0], "eigen": [0.049955147637261284, 0.049935036765204534, 0.049914085600111215, 0.04989296171400282, 0.049872886869642474, 0.049851722717285156, 0.04983115620083279, 0.04980996449788411, 0.04978895611233181, 0.04976764149136013, 0.04974734518263075, 0.049728279113769536, 0.049708902570936415, 0.04968958642747667, 0.049668855667114264], "fwd_val": [0.1871725527445475, 0.32213457743326823, 0.33149857838948565, 0.6284556643168132, 0.7697404098510742, 0.45417898813883467, 0.24777287483215335, 0.6038877868652344, 0.7032158597310384, 0.24849964141845704, 0.8347532908121745, 0.5618622525533041, 0.5590893173217774, 0.5253897794087729, 0.3666589228312174]}}}, "none": {"gaussianElement": {"1e0": {"loss": [1.4923922729492187, 1.379935980902778, 1.8275547620985242, 1.3401325649685332, 1.8320925564236112, 1.1960994466145833, 1.2261965772840713, 1.8065887451171874, 0.9781683434380425, 1.9379367065429687, 1.126541256374783, 1.3332190958658854, 1.4857790459526912, 1.417730695936415, 1.4779711574978298], "iden": [0.734900410970052, 0.6544396548800998, 1.0330959913465712, 0.7678599241044787, 0.790809580485026, 0.4835892571343316, 0.6885912916395399, 0.9136494784884982, 0.45322698805067274, 0.9762745496961805, 0.48120029873318143, 0.6523501756456164, 0.7297206285264757, 0.637349067264133, 0.6459016036987304], "fwd": [0.5908251105414496, 0.5588295873006185, 0.6277921549479167, 0.40560599115159784, 0.874616207546658, 0.54584349738227, 0.37093860202365453, 0.7262726508246528, 0.35827472474839955, 0.7949954223632812, 0.4786742909749349, 0.5142022535536025, 0.5893916914198134, 0.6137148793538412, 0.66540283203125], "bwd": [0.0, 0.0, 0.0, 0.0, 0.0, 0.0, 0.0, 0.0, 0.0, 0.0, 0.0, 0.0, 0.0, 0.0, 0.0], "cons": [0.0, 0.0, 0.0, 0.0, 0.0, 0.0, 0.0, 0.0, 0.0, 0.0, 0.0, 0.0, 0.0, 0.0, 0.0], "eigen": [0.16666666666666666, 0.16666666666666666, 0.16666666666666666, 0.16666666666666666, 0.16666666666666666, 0.16666666666666666, 0.16666666666666666, 0.16666666666666666, 0.16666666666666666, 0.16666666666666666, 0.16666666666666666, 0.16666666666666666, 0.16666666666666666, 0.16666666666666666, 0.16666666666666666], "fwd_val": [0.2714396603902181, 0.5234890238444011, 0.3049389330546061, 0.9632613881429037, 0.41520765940348303, 0.530401242574056, 0.30701803843180336, 0.3990440305074056, 0.6030037053426107, 0.6867892710367839, 0.5020918083190918, 0.41298198064168296, 0.2282191785176595, 0.2985909525553386, 0.48975995063781735]}}}}