{"none": {"gaussianElement": {"1e0": {"loss": [8.094215773809523, 7.6145533854166665, 7.329848586309524, 6.589829055059524, 5.767948660714286, 5.118136253720238, 4.156265159970238, 3.7493153831845234, 3.285675688244048, 3.135327380952381, 2.791094959077381, 2.641647507440476, 2.4879781901041667, 2.3389018787202382, 2.321577473958333], "iden": [4.646615327380952, 4.191123325892857, 3.756961216517857, 3.1184370349702384, 2.501784598214286, 1.8546995907738095, 1.18188427734375, 0.7799087146577381, 0.5302745070684524, 0.4197910388764881, 0.3504123302641369, 0.31778744652157737, 0.29621524483816963, 0.2644468936011905, 0.24678757731119794], "fwd": [3.447600167410714, 3.423425316220238, 3.572886067708333, 3.471390531994048, 3.2661648995535715, 3.2634371279761907, 2.9743806733630955, 2.969407087053572, 2.755401041666667, 2.715537574404762, 2.440682663690476, 2.323860119047619, 2.191763625372024, 2.074454613095238, 2.074789992559524], "bwd": [0.0, 0.0, 0.0, 0.0, 0.0, 0.0, 0.0, 0.0, 0.0, 0.0, 0.0, 0.0, 0.0, 0.0, 0.0], "cons": [0.0, 0.0, 0.0, 0.0, 0.0, 0.0, 0.0, 0.0, 0.0, 0.0, 0.0, 0.0, 0.0, 0.0, 0.0], "eigen": [0.0, 0.0, 0.0, 0.0, 0.0, 0.0, 0.0, 0.0, 0.0, 0.0, 0.0, 0.0, 0.0, 0.0, 0.0], "fwd_val": [0.6729506985346477, 0.5980685148504045, 0.598112244632509, 0.6434166745609707, 0.6152506674660576, 0.5528477605581283, 0.5667139713234371, 0.4604100593460931, 0.45458647107415723, 0.4532571026484172, 0.3981634810898039, 0.43897525130377874, 0.4001111855771806, 0.3460509832567639, 0.36032934292157487]}}, "gaussianEigen": {"1e0": {"loss": [8.477582403273809, 7.776955729166666, 7.320772879464286, 6.842782738095238, 5.940766369047619, 5.067682756696429, 4.349986886160714, 3.731390345982143, 3.2731090029761902, 2.8570153459821426, 2.5996539248511903, 2.3953804408482147, 2.334573800223214, 2.209061058407738, 2.1899781436011905], "iden": [4.6739071800595235, 4.317297526041667, 3.9150472470238094, 3.5486131882440475, 2.852378627232143, 2.1802977120535716, 1.6736394159226193, 1.1554078078497023, 0.8171884068080358, 0.5724222586495537, 0.4770630812872024, 0.4265908203125, 0.41008741396949405, 0.39401911272321427, 0.391165515718006], "fwd": [3.8036758742559527, 3.4596582961309523, 3.405723400297619, 3.29417029389881, 3.0883886718749998, 2.8873835100446428, 2.676347516741071, 2.5759847005208334, 2.4559212239583332, 2.2845934709821427, 2.122590541294643, 1.9687893415178574, 1.9244870256696431, 1.8150418991815478, 1.7988128720238095], "bwd": [0.0, 0.0, 0.0, 0.0, 0.0, 0.0, 0.0, 0.0, 0.0, 0.0, 0.0, 0.0, 0.0, 0.0, 0.0], "cons": [0.0, 0.0, 0.0, 0.0, 0.0, 0.0, 0.0, 0.0, 0.0, 0.0, 0.0, 0.0, 0.0, 0.0, 0.0], "eigen": [0.0, 0.0, 0.0, 0.0, 0.0, 0.0, 0.0, 0.0, 0.0, 0.0, 0.0, 0.0, 0.0, 0.0, 0.0], "fwd_val": [0.6262077316443125, 0.5842528128888872, 0.609076521648301, 0.6045202618704902, 0.5580170897708999, 0.4897634192970064, 0.40688334247801045, 0.4618981029722426, 0.4425957136220402, 0.38967669125397997, 0.35432119113869137, 0.3282046984301673, 0.3746510011023945, 0.30041016932328546, 0.30336373484134677]}}, "doubleGaussianEigen": {"1e0": {"loss": [7.954421316964286, 7.863645089285714, 6.822249441964286, 6.7523785342261915, 5.624150762648809, 5.187610491071428, 4.624664155505952, 4.0126736421130955, 3.6399958147321434, 3.2562577194940476, 2.976064778645833, 2.699205822172619, 2.4981357421875, 2.3960354817708334, 2.2283729538690475], "iden": [4.534409970238095, 4.484659226190476, 3.8738380766369045, 3.7591265811011905, 3.0000081845238094, 2.628875139508929, 2.2176482514880953, 1.8146839192708335, 1.4919749581473214, 1.2272467564174105, 0.9934179338727679, 0.7816239885602679, 0.6253185570126488, 0.5433698497953868, 0.45488439360119054], "fwd": [3.420010974702381, 3.3789851190476186, 2.948410807291667, 2.9932522321428574, 2.624140718005952, 2.558734328497024, 2.4070166945684526, 2.1979889787946427, 2.1480225074404764, 2.029010277157738, 1.9826462983630952, 1.917581845238095, 1.8728160807291667, 1.8526651320684524, 1.77348828125], "bwd": [0.0, 0.0, 0.0, 0.0, 0.0, 0.0, 0.0, 0.0, 0.0, 0.0, 0.0, 0.0, 0.0, 0.0, 0.0], "cons": [0.0, 0.0, 0.0, 0.0, 0.0, 0.0, 0.0, 0.0, 0.0, 0.0, 0.0, 0.0, 0.0, 0.0, 0.0], "eigen": [0.0, 0.0, 0.0, 0.0, 0.0, 0.0, 0.0, 0.0, 0.0, 0.0, 0.0, 0.0, 0.0, 0.0, 0.0], "fwd_val": [0.5933879733880362, 0.6026018459531995, 0.5474908495346705, 0.4694053208563063, 0.45979047433535253, 0.42869190922048356, 0.3631166027254529, 0.3987654049727652, 0.3346657251185841, 0.37533848049905566, 0.36702894945277104, 0.33609989624553255, 0.3581960442728466, 0.3055531959666146, 0.3044788468016519]}}, "uniformEigen": {"1e0": {"loss": [8.188859188988095, 7.639356770833333, 7.217170758928572, 6.636197172619048, 5.697594122023809, 5.0299506138392855, 4.432535249255952, 3.832632905505952, 3.4142542782738095, 3.093727306547619, 2.8478700706845235, 2.869765485491071, 2.581297712053571, 2.472309291294643, 2.330767345610119], "iden": [4.6743484933035715, 4.180249348958333, 3.848896112351191, 3.339172340029762, 2.6617340494791666, 2.111154761904762, 1.6049058082217265, 1.2424323032924107, 0.9710981561569941, 0.8014680757068452, 0.6247650785900297, 0.5521350446428571, 0.437220703125, 0.3775464332217262, 0.32795120675223216], "fwd": [3.514507719494047, 3.459107142857143, 3.368275111607143, 3.297026878720238, 3.035858630952381, 2.9187950148809527, 2.827627883184524, 2.590201729910714, 2.4431568080357144, 2.292259207589286, 2.223105143229166, 2.3176293247767856, 2.1440768694196426, 2.094763439360119, 2.002814453125], "bwd": [0.0, 0.0, 0.0, 0.0, 0.0, 0.0, 0.0, 0.0, 0.0, 0.0, 0.0, 0.0, 0.0, 0.0, 0.0], "cons": [0.0, 0.0, 0.0, 0.0, 0.0, 0.0, 0.0, 0.0, 0.0, 0.0, 0.0, 0.0, 0.0, 0.0, 0.0], "eigen": [0.0, 0.0, 0.0, 0.0, 0.0, 0.0, 0.0, 0.0, 0.0, 0.0, 0.0, 0.0, 0.0, 0.0, 0.0], "fwd_val": [0.6763662799199422, 0.6024745830959745, 0.5615455841488308, 0.5549777960777282, 0.5748260893954171, 0.524211891412735, 0.4562656083371904, 0.42656437056594426, 0.42551966318819257, 0.4168621391124196, 0.4057450941602389, 0.38997672935326894, 0.4066191724472576, 0.3638971301582125, 0.3121508749127388]}}, "svdElement": {"1e0": {"loss": [8.126155319940477, 7.467740141369048, 6.861462239583333, 6.300313616071429, 5.31935193452381, 4.292610584077381, 3.681324683779762, 3.0283266369047617, 2.568745861235119, 2.3520966331845234, 2.1514026692708335, 2.173434244791667, 2.036221214657738, 1.9940235770089287, 1.9342952938988096], "iden": [4.56950158110119, 4.152641183035715, 3.6964521949404765, 3.3368542596726187, 2.604853748139881, 1.904637927827381, 1.4238114769345238, 0.968577613467262, 0.7033348563058036, 0.5820062895275298, 0.4850909365699405, 0.4774872116815476, 0.4376619117373512, 0.4327152739025298, 0.42184511021205356], "fwd": [3.556654017857143, 3.3150984933035716, 3.165010602678571, 2.963457961309524, 2.714499116443452, 2.387973539806547, 2.257513113839286, 2.0597479538690475, 1.86541015625, 1.7700901227678572, 1.6663112444196428, 1.6959476376488094, 1.598559849330357, 1.5613077566964284, 1.5124498697916666], "bwd": [0.0, 0.0, 0.0, 0.0, 0.0, 0.0, 0.0, 0.0, 0.0, 0.0, 0.0, 0.0, 0.0, 0.0, 0.0], "cons": [0.0, 0.0, 0.0, 0.0, 0.0, 0.0, 0.0, 0.0, 0.0, 0.0, 0.0, 0.0, 0.0, 0.0, 0.0], "eigen": [0.0, 0.0, 0.0, 0.0, 0.0, 0.0, 0.0, 0.0, 0.0, 0.0, 0.0, 0.0, 0.0, 0.0, 0.0], "fwd_val": [0.58193252658844, 0.5801316930188073, 0.5348351173003515, 0.4763786389165454, 0.44232974591520097, 0.3678687737650342, 0.34583869193659894, 0.3480368720028135, 0.34437697987424, 0.29975579328669444, 0.28740836106406314, 0.3009620418217447, 0.29362806610266373, 0.2944175188673867, 0.2763686807023154]}}, "unitPerturbEigen": {"1e0": {"loss": [7.855703125000001, 7.606999627976191, 6.856432849702382, 6.008691592261904, 5.37778162202381, 4.57448084077381, 3.8828632812499997, 3.317217354910714, 2.784721214657738, 2.6062838541666666, 2.399449311755952, 2.219431873139881, 2.2032156808035714, 2.139665876116071, 2.194235026041667],