{
    "unit_circle_mae": {
        "gaussianElement": {
            "1e0": {
                "loss": [
                    2.543650309244792,
                    1.580285847981771,
                    1.675179443359375,
                    0.8507666269938151,
                    2.643081970214844
                ],
                "iden": [
                    1.5579117329915366,
                    0.8038762919108073,
                    1.0011023457845052,
                    0.33614354451497397,
                    1.285596872965495
                ],
                "fwd": [
                    0.9626551818847656,
                    0.7533289845784505,
                    0.650999501546224,
                    0.4915483093261719,
                    1.3344131978352864
                ],
                "bwd": [
                    0.0,
                    0.0,
                    0.0,
                    0.0,
                    0.0
                ],
                "cons": [
                    0.0,
                    0.0,
                    0.0,
                    0.0,
                    0.0
                ],
                "eigen": [
                    0.023083621660868327,
                    0.023080596923828123,
                    0.02307764212290446,
                    0.023074776331583658,
                    0.02307181755701701
                ],
                "fwd_val": [
                    0.440768928527832,
                    0.4591397285461426,
                    0.8669286346435547,
                    0.25384601593017575,
                    0.43500986099243166
                ]
            }
        }
    },
    "unit_circle_mse": {
        "gaussianElement": {
            "1e0": {
                "loss": [
                    1.9083060709635418,
                    1.5051664479573568,
                    1.6616400400797526,
                    1.3774620564778646,
                    1.622909647623698
                ],
                "iden": [
                    0.8971962738037109,
                    0.7419717280069987,
                    0.987912089029948,
                    0.6967313130696614,
                    0.7337735748291015
                ],
                "fwd": [
                    0.9988988494873048,
                    0.7509871355692546,
                    0.661524175008138,
                    0.6685306294759115,
                    0.8769396209716797
                ],
                "bwd": [
                    0.0,
                    0.0,
                    0.0,
                    0.0,
                    0.0
                ],
                "cons": [
                    0.0,
                    0.0,
                    0.0,
                    0.0,
                    0.0
                ],
                "eigen": [
                    0.012210946877797446,
                    0.012207576036453248,
                    0.012203818957010906,
                    0.01220009207725525,
                    0.012196433544158936
                ],
                "fwd_val": [
                    0.3318984985351563,
                    0.7769743347167968,
                    0.635796127319336,
                    0.5343136596679687,
                    0.6574806976318359
                ]
            }
        }
    },
    "origin_mse": {
        "gaussianElement": {
            "1e0": {
                "loss": [
                    1.5341808573404947,
                    2.7753385416666667,
                    1.8293257141113282,
                    1.8244473775227865,
                    2.7276213582356768
                ],
                "iden": [
                    0.8267955271402995,
                    1.6882092793782553,
                    1.332927983601888,
                    1.0975008900960286,
                    1.7488049825032552
                ],
                "fwd": [
                    0.6979994455973307,
                    1.0777469635009767,
                    0.48701788584391276,
                    0.7175692240397136,
                    0.9694422403971354
                ],
                "bwd": [
                    0.0,
                    0.0,
                    0.0,
                    0.0,
                    0.0
                ],
                "cons": [
                    0.0,
                    0.0,
                    0.0,
                    0.0,
                    0.0
                ],
                "eigen": [
                    0.009385900100072224,
                    0.009382584889729817,
                    0.009379868110020955,
                    0.009377154509226483,
                    0.009374107917149863
                ],
                "fwd_val": [
                    0.34772170066833497,
                    0.754311294555664,
                    0.6126558685302734,
                    0.3951650333404541,
                    0.8570505142211915
                ]
            }
        }
    },
    "none": {
        "gaussianElement": {
            "1e0": {
                "loss": [
                    1.8368623860677082,
                    2.2806114705403644,
                    1.4585741170247397,
                    1.3576156361897787,
                    2.4013802083333333
                ],
                "iden": [
                    1.2403381856282554,
                    1.0210376993815105,
                    0.933671112060547,
                    0.674519526163737,
                    1.4534883626302084
                ],
                "fwd": [
                    0.5631908925374349,
                    1.226240488688151,
                    0.49156960805257155,
                    0.6497627258300781,
                    0.9145585632324218
                ],
                "bwd": [
                    0.0,
                    0.0,
                    0.0,
                    0.0,
                    0.0
                ],
                "cons": [
                    0.0,
                    0.0,
                    0.0,
                    0.0,
                    0.0
                ],
                "eigen": [
                    0.03333333333333333,
                    0.03333333333333333,
                    0.03333333333333333,
                    0.03333333333333333,
                    0.03333333333333333
                ],
                "fwd_val": [
                    0.8494555282592774,
                    0.6423483467102051,
                    0.7218851852416992,
                    0.7606472778320312,
                    0.5321869659423828
                ]
            }
        }
    }
}