{"unit_circle_mae": {"gaussianElement": {"1e0": {"loss": [0.7669229041205513, 1.1162144215901693, 0.28082919226752384, 1.4752418348524305, 0.49459960937499997, 0.6427899509006076, 0.9898564656575521, 1.1950738186306424, 0.644473910861545, 1.4310020955403646, 0.6507055113050673, 0.7746880043877495, 0.6699759970770942, 0.7875015597873265, 0.9748745049370658], "iden": [0.4312665345933702, 0.5745391676161025, 0.10422723982069226, 0.7174691094292536, 0.2264415062798394, 0.32855816735161675, 0.4904085116916233, 0.6409637541241117, 0.31259977552625867, 0.7612390306260851, 0.3534994824727376, 0.3827791404724121, 0.28719253540039064, 0.36455936008029516, 0.45087439643012156], "fwd": [0.2384449428982205, 0.44447839101155595, 0.07941950268215604, 0.6606047736273871, 0.17100451787312823, 0.21709323035346137, 0.40232391357421876, 0.45700038327111137, 0.23477906968858508, 0.5726822323269314, 0.2001390510135227, 0.2948565864562988, 0.28574589729309086, 0.3259197065565321, 0.42699356926812065], "bwd": [0.0, 0.0, 0.0, 0.0, 0.0, 0.0, 0.0, 0.0, 0.0, 0.0, 0.0, 0.0, 0.0, 0.0, 0.0], "cons": [0.0, 0.0, 0.0, 0.0, 0.0, 0.0, 0.0, 0.0, 0.0, 0.0, 0.0, 0.0, 0.0, 0.0, 0.0], "eigen": [0.09721143934461807, 0.09719682905409072, 0.0971824476453993, 0.09716792000664605, 0.09715357462565104, 0.09713852140638563, 0.09712403827243381, 0.09710967381795248, 0.09709504021538629, 0.09708090040418837, 0.09706697040134006, 0.09705227322048611, 0.09703758451673718, 0.0970224889119466, 0.09700661129421657], "fwd_val": [0.31222245216369626, 0.6309738794962566, 0.06074878692626953, 0.1376639405886332, 0.1605364465713501, 0.050002311070760086, 0.17602445602416994, 0.1706384627024333, 0.1618988593419393, 0.07535297711690267, 0.25342726230621343, 0.28093250274658205, 0.09893338521321615, 0.1035589329401652, 0.16508375644683837]}}}, "unit_circle_mse": {"gaussianElement": {"1e0": {"loss": [1.3937345971001518, 0.7391318766276042, 1.2550333150227866, 1.448401387532552, 0.8927321200900608, 0.7812720828586155, 0.9506659359402126, 0.5603238126966689, 1.2044014824761284, 0.6408861372205946, 1.726374715169271, 1.0974468485514322, 0.9728451750013564, 1.4034674411349828, 0.4206520207722982], "iden": [0.670183614095052, 0.3901493665907118, 0.6639144643147786, 0.7224584621853299, 0.3546979777018229, 0.4614222653706868, 0.4901205719841852, 0.24372300042046438, 0.5663327365451388, 0.3677578820122613, 0.7774640231662326, 0.5142090479532877, 0.577139761182997, 0.6565614149305556, 0.21290878931681315], "fwd": [0.6476018375820584, 0.2730569966634115, 0.5152171919080947, 0.6500653923882379, 0.4621798366970486, 0.24401913113064236, 0.3847393735249837, 0.24082023620605467, 0.562312978108724, 0.19739725324842664, 0.8732049730088977, 0.5075557051764594, 0.32004716237386066, 0.6712721421983506, 0.13213340229458279], "bwd": [0.0, 0.0, 0.0, 0.0, 0.0, 0.0, 0.0, 0.0, 0.0, 0.0, 0.0, 0.0, 0.0, 0.0, 0.0], "cons": [0.0, 0.0, 0.0, 0.0, 0.0, 0.0, 0.0, 0.0, 0.0, 0.0, 0.0, 0.0, 0.0, 0.0, 0.0], "eigen": [0.07594909667968751, 0.07592554304334853, 0.07590164396497938, 0.07587748209635416, 0.07585430357191297, 0.07583071814643011, 0.07580600102742513, 0.07578058454725477, 0.07575572543674045, 0.07573101891411675, 0.07570560031467015, 0.0756820805867513, 0.07565823449028862, 0.07563388824462891, 0.07560981114705405], "fwd_val": [0.1575787305831909, 0.13704363028208413, 0.07571388880411785, 0.3714825185139974, 0.1658425744374593, 0.5016698678334555, 0.3851822249094645, 0.5887883758544922, 0.2206301196416219, 0.5781646728515626, 0.08771306037902832, 0.14857510248819986, 0.5807455444335937, 0.3867205429077149, 0.11813951492309571]}}}, "origin_mse": {"gaussianElement": {"1e0": {"loss": [0.8355033959282769, 0.6029834662543403, 0.6604057566324869, 0.46780559963650176, 0.42226823594835067, 0.5053826819525825, 0.6812665218777126, 0.6933877351548937, 0.7747779168023005, 0.6516844092475044, 1.1982487445407444, 0.5451746622721354, 0.7084639400906033, 1.1316526561313205, 0.835279761420356], "iden": [0.30730377197265624, 0.2748340913984511, 0.3685623338487413, 0.17041324403550887, 0.23469359503851997, 0.32340501573350694, 0.32420447031656896, 0.36242797003851995, 0.3483101908365886, 0.2603575473361545, 0.5545500543382432, 0.2947607549031575, 0.40241463555230034, 0.6444726769129435, 0.36725295172797306], "fwd": [0.4707681147257487, 0.2707412343555026, 0.23445925818549262, 0.2400319798787435, 0.13023916456434462, 0.12466798146565757, 0.29977780448065866, 0.2737005837758382, 0.36923225402832033, 0.33411478254530164, 0.5865094057718913, 0.19324632008870443, 0.24890531327989365, 0.43005961736043297, 0.41092955695258243], "bwd": [0.0, 0.0, 0.0, 0.0, 0.0, 0.0, 0.0, 0.0, 0.0, 0.0, 0.0, 0.0, 0.0, 0.0, 0.0], "cons": [0.0, 0.0, 0.0, 0.0, 0.0, 0.0, 0.0, 0.0, 0.0, 0.0, 0.0, 0.0, 0.0, 0.0, 0.0], "eigen": [0.057431484858194985, 0.05740813997056749, 0.05738416459825304, 0.0573603736029731, 0.057335459391276045, 0.05730965508355035, 0.057284295823838975, 0.057259185579088, 0.057235423194037544, 0.057212096320258254, 0.05718934377034505, 0.057167552312215174, 0.05714393721686469, 0.05712035285101996, 0.05709719763861762], "fwd_val": [0.5416917292277018, 0.5885593541463217, 0.18348829905192057, 0.23927775382995606, 0.3817856470743815, 0.12698096752166751, 0.3668565495808919, 0.26791650454203286, 0.4564237753550211, 0.25375675201416015, 0.19185192108154295, 0.30785903294881184, 0.30403123060862225, 0.36053334554036454, 0.40421047210693356]}}}, "none": {"gaussianElement": {"1e0": {"loss": [1.3221841006808812, 0.9341444566514756, 1.0814101155598959, 1.570287916395399, 1.0974188910590277, 0.49833764817979603, 1.0759700520833333, 0.8686706712510851, 0.6336387040879992, 1.0262360551622178, 0.9084161461724175, 0.8062736341688369, 0.5827058749728733, 1.1048345269097222, 0.9530035485161675], "iden": [0.6150741322835287, 0.43043777465820315, 0.5753417629665798, 0.7600919257269965, 0.5532015652126736, 0.19110975053575305, 0.4565585369533962, 0.3031765492757162, 0.24172650337219237, 0.4297193887498643, 0.4466534423828124, 0.36751705593532985, 0.23135091569688584, 0.4394814682006836, 0.3479071595933702], "fwd": [0.540443303849962, 0.33703999413384333, 0.33940173572964144, 0.6435292265150282, 0.37755068037245015, 0.14056120130750868, 0.45274486541748055, 0.39882749981350374, 0.22524552875094941, 0.42985001881917323, 0.29509602652655703, 0.2720898871951633, 0.18468828413221572, 0.49868636237250435, 0.4384297646416558], "bwd": [0.0, 0.0, 0.0, 0.0, 0.0, 0.0, 0.0, 0.0, 0.0, 0.0, 0.0, 0.0, 0.0, 0.0, 0.0], "cons": [0.0, 0.0, 0.0, 0.0, 0.0, 0.0, 0.0, 0.0, 0.0, 0.0, 0.0, 0.0, 0.0, 0.0, 0.0], "eigen": [0.16666666666666666, 0.16666666666666666, 0.16666666666666666, 0.16666666666666666, 0.16666666666666666, 0.16666666666666666, 0.16666666666666666, 0.16666666666666666, 0.16666666666666666, 0.16666666666666666, 0.16666666666666666, 0.16666666666666666, 0.16666666666666666, 0.16666666666666666, 0.16666666666666666], "fwd_val": [0.08378025054931641, 0.3099240144093831, 0.16589585304260254, 0.4873577785491943, 0.4302012125651042, 0.29107480208079023, 0.30030005137125654, 0.6169854354858398, 0.05726127783457438, 0.16308428128560384, 0.41408363342285154, 0.09420404434204104, 0.16618072827657063, 0.12868367195129393, 0.7052272669474284]}}}}