{"max": {"gaussianElement": {"1e0": {"loss": [23.793679315476187, 22.449600446428573, 20.77468898809524, 18.968282738095237, 16.742824032738095, 14.544128348214286, 12.884950148809523, 10.981092261904761, 9.664188244047617, 8.822355654761905, 8.266368675595238, 7.821763764880953, 7.610821800595239, 7.330377232142857, 6.960735305059525], "iden": [12.93884300595238, 11.713888764880954, 10.101761904761906, 8.50034337797619, 6.551927269345239, 4.8498802083333326, 3.511499069940476, 2.366029761904762, 1.6290316220238095, 1.2342343982514878, 1.0890911225818452, 0.98602734375, 0.909470714750744, 0.8393863699776786, 0.7399530784970239], "fwd": [10.111604910714286, 9.990245163690476, 9.925078125, 9.717614955357144, 9.437332031250001, 8.936450148809525, 8.61149609375, 7.850084263392858, 7.267509300595237, 6.817843005952381, 6.4049125744047615, 6.061869977678572, 5.925699404761905, 5.713933035714287, 5.44202697172619], "bwd": [0.0, 0.0, 0.0, 0.0, 0.0, 0.0, 0.0, 0.0, 0.0, 0.0, 0.0, 0.0, 0.0, 0.0, 0.0], "cons": [0.0, 0.0, 0.0, 0.0, 0.0, 0.0, 0.0, 0.0, 0.0, 0.0, 0.0, 0.0, 0.0, 0.0, 0.0], "eigen": [0.7432338891994386, 0.7454629814908618, 0.7478437353315807, 0.7503262964316777, 0.7535706125554585, 0.7577971069585709, 0.761955772666704, 0.7649735502685818, 0.7676503137747447, 0.7702813239040829, 0.7723667653969356, 0.7738681879781542, 0.7756540838593527, 0.7770608396189553, 0.7787550561768669], "fwd_val": [1.8297835566202798, 1.7977330305311414, 1.7587733116149902, 1.7278929193284778, 1.6897374356587729, 1.574816407309638, 1.4524919810824926, 1.315959585401747, 1.1973639030456544, 1.139272009955512, 1.1201674508518644, 1.040626380443573, 1.0039380501111348, 0.9839866422017415, 0.9087524522145589]}}}, "average": {"gaussianElement": {"1e0": {"loss": [23.93169047619047, 23.06614955357143, 21.84130505952381, 20.332727678571427, 18.434243675595237, 16.397846726190476, 14.287498511904763, 12.20264880952381, 10.700665178571429, 9.41136532738095, 8.517141927083333, 7.9077946428571435, 7.5592793898809525, 7.086100260416667, 7.098305989583333], "iden": [13.447808407738094, 12.668361607142856, 11.453325520833333, 10.139930059523808, 8.30485081845238, 6.495513392857142, 4.808964006696429, 3.2974807477678567, 2.2788973679315476, 1.5617840634300595, 1.2214676106770834, 1.0861724097842262, 1.0249533807663689, 0.9627958984374999, 0.9534168061755951], "fwd": [10.027951636904762, 9.938722470238096, 9.924348958333333, 9.723712053571427, 9.654447916666667, 9.420930989583333, 8.990209635416667, 8.409688802083332, 7.919134300595238, 7.340748697916666, 6.781505394345238, 6.302944382440476, 6.01171875, 5.597469494047619, 5.616300967261904], "bwd": [0.0, 0.0, 0.0, 0.0, 0.0, 0.0, 0.0, 0.0, 0.0, 0.0, 0.0, 0.0, 0.0, 0.0, 0.0], "cons": [0.0, 0.0, 0.0, 0.0, 0.0, 0.0, 0.0, 0.0, 0.0, 0.0, 0.0, 0.0, 0.0, 0.0, 0.0], "eigen": [0.4559391603583382, 0.4590723439909163, 0.46362519766603194, 0.46908374811921805, 0.47493982797577267, 0.48140075362863993, 0.4883198433262961, 0.49547804415225977, 0.5026328861997241, 0.5088352584271204, 0.5141691128696714, 0.5186776680038089, 0.5226078119448253, 0.5258359699873697, 0.5285894016140983], "fwd_val": [1.846088093863593, 1.8180130674574109, 1.7634016842312281, 1.749113402896457, 1.686705380121867, 1.626702010260688, 1.6151860546535917, 1.466240432103475, 1.3258161070081922, 1.2883733008702596, 1.1506770440207588, 1.0709810702006022, 1.0089683528476292, 0.9584237471686469, 0.9314936412175497]}}}, "inverse": {"gaussianElement": {"1e0": {"loss": [30.648334821428573, 29.994913690476192, 29.33805729166667, 28.564849702380954, 27.71131324404762, 26.849234374999998, 26.308238839285718, 26.01501674107143, 25.93112351190476, 26.72492038690476, 27.56744642857143, 28.598005208333333, 30.453559151785715, 33.21278087797619, 37.483356026785714], "iden": [12.997090029761905, 12.341119047619047, 11.212662946428573, 9.773874441964287, 8.257086867559524, 6.554971726190477, 4.879682942708333, 3.608519670758928, 2.666711472284226, 2.00814111328125, 1.5542533249627974, 1.241284458705357, 1.0571055152529762, 0.9633566080729167, 0.8863017578125], "fwd": [10.130675595238095, 10.018380580357144, 10.032662202380951, 10.022674479166668, 9.834270089285715, 9.562739397321428, 9.329831473214284, 8.880916294642859, 8.252432105654762, 8.013643601190475, 7.464473772321429, 7.015414620535715, 6.547386346726191, 6.280161458333333, 5.9469955357142865], "bwd": [0.0, 0.0, 0.0, 0.0, 0.0, 0.0, 0.0, 0.0, 0.0, 0.0, 0.0, 0.0, 0.0, 0.0, 0.0], "cons": [0.0, 0.0, 0.0, 0.0, 0.0, 0.0, 0.0, 0.0, 0.0, 0.0, 0.0, 0.0, 0.0, 0.0, 0.0], "eigen": [7.5205701783091214, 7.635420538501296, 8.09271957094122, 8.768295358312711, 9.61995532922378, 10.731525988426133, 12.098716678546085, 13.525589923881114, 15.01197736893832, 16.703140630281585, 18.548718689804733, 20.341307216296947, 22.849064431261144, 25.969258531510945, 30.650053295953384], "fwd_val": [1.845831798977322, 1.8450909372965494, 1.840764379925198, 1.7849485217200385, 1.7736488217247857, 1.7227344760894774, 1.589645159403483, 1.5264394069247775, 1.4805761925379433, 1.3954309613969589, 1.286992657131619, 1.23205376762814, 1.12355440987481, 1.1027129626803929, 1.0018559512032403]}}}, "unit_circle": {"gaussianElement": {"1e0": {"loss": [28.534375744047622, 27.229903273809523, 25.76882589285714, 24.021287946428572, 21.899793154761905, 19.734528273809527, 17.60419568452381, 15.78208482142857, 14.56435788690476, 13.777122395833333, 13.501475818452382, 12.948202380952381, 12.496654761904763, 12.098213169642856, 11.700230654761905], "iden": [13.29923474702381, 11.859570312499999, 10.59890662202381, 8.98354017857143, 7.125841703869047, 5.172916945684524, 3.591863746279762, 2.3282450241815478, 1.5546050502232143, 1.2628932756696427, 1.1874318033854168, 1.1292324451264881, 1.0559610537574404, 0.9982887834821428, 0.931955798921131], "fwd": [10.016580729166666, 10.158926711309524, 9.969989211309525, 9.85047023809524, 9.60089490327381, 9.404209635416668, 8.87106212797619, 8.328300223214285, 7.8988757440476185, 7.41520703125, 7.224209821428571, 6.73688709077381, 6.365574962797619, 6.031613653273809, 5.7076932663690485], "bwd": [0.0, 0.0, 0.0, 0.0, 0.0, 0.0, 0.0, 0.0, 0.0, 0.0, 0.0, 0.0, 0.0, 0.0, 0.0], "cons": [0.0, 0.0, 0.0, 0.0, 0.0, 0.0, 0.0, 0.0, 0.0, 0.0, 0.0, 0.0, 0.0, 0.0, 0.0], "eigen": [5.218556058293298, 5.211394121533349, 5.199938470068432, 5.187270783242726, 5.173058763458616, 5.157397152582804, 5.14127230258215, 5.125541169302804, 5.110881386711484, 5.099023874827794, 5.08983796846299, 5.082079076085772, 5.075115474519276, 5.068308922449748, 5.060576460020883], "fwd_val": [1.844271221372816, 1.7984732396867542, 1.778643341276381, 1.6744307376013863, 1.7123741569519044, 1.6275376483069526, 1.5223500393761527, 1.4376368174023098, 1.3384375812742446, 1.307388759719001, 1.1577582092285155, 1.1955010334120855, 1.0680354708565605, 1.0083939361572265, 1.0216451304223801]}}}}