{"unit_circle_mae": {"gaussianElement": {"1e0": {"loss": [4.127557983398438, 4.136470336914063, 4.070736694335938, 4.204034881591797, 4.093975219726563, 3.9115737915039066, 4.031479187011719, 3.925030517578125, 4.111006164550782, 4.176747741699218], "iden": [0.4747425842285156, 0.5093030166625976, 0.3968749904632568, 0.5620960235595702, 0.4931336402893066, 0.3535509204864502, 0.3622980499267578, 0.38105854034423825, 0.48317531585693363, 0.5021132469177246], "fwd": [0.32939948081970216, 0.3092261505126953, 0.3610355377197265, 0.3339546775817871, 0.2974805068969727, 0.2591129875183106, 0.3745843315124512, 0.253577299118042, 0.3415382385253906, 0.3923493194580078], "bwd": [0.0, 0.0, 0.0, 0.0, 0.0, 0.0, 0.0, 0.0, 0.0, 0.0], "cons": [0.0, 0.0, 0.0, 0.0, 0.0, 0.0, 0.0, 0.0, 0.0, 0.0], "eigen": [3.3234158325195313, 3.317941131591797, 3.3128262329101563, 3.307984161376953, 3.303361053466797, 3.298909912109375, 3.2945970153808597, 3.290394592285156, 3.286292724609375, 3.2822850036621096], "fwd_val": [0.17558347463607787, 0.1848173689842224, 0.18973434686660767, 0.22060988426208494, 0.17837339162826538, 0.19419192314147948, 0.16333918809890746, 0.18569657802581788, 0.14385658264160156, 0.17088829278945922]}}}, "unit_circle_mse": {"gaussianElement": {"1e0": {"loss": [3.339522705078125, 3.593766784667969, 3.42470947265625, 3.3477577209472655, 3.496282196044922, 3.358084106445313, 3.133194885253906, 3.461280975341797, 3.4298318481445316, 3.1857234191894532], "iden": [0.36602672576904294, 0.5648844528198242, 0.425964298248291, 0.33781167984008786, 0.5443194580078125, 0.35581918716430666, 0.18012418270111083, 0.4647478485107422, 0.4260861587524414, 0.26302384853363037], "fwd": [0.25202900886535645, 0.3152211284637451, 0.29262729644775387, 0.31115413665771485, 0.26030597686767576, 0.3175710391998291, 0.2752092361450196, 0.3253890609741211, 0.33920476913452147, 0.2646675205230713], "bwd": [0.0, 0.0, 0.0, 0.0, 0.0, 0.0, 0.0, 0.0, 0.0, 0.0], "cons": [0.0, 0.0, 0.0, 0.0, 0.0, 0.0, 0.0, 0.0, 0.0, 0.0], "eigen": [2.721466827392578, 2.7136611938476562, 2.706117706298828, 2.698792114257812, 2.691656799316406, 2.6846939086914063, 2.677861328125, 2.6711442565917967, 2.6645408630371095, 2.658032073974609], "fwd_val": [0.18284053325653077, 0.19506192207336426, 0.17345078706741335, 0.1915890169143677, 0.19411498546600342, 0.13873679876327516, 0.18076038122177124, 0.18350483655929567, 0.15315960884094237, 0.15492509365081786]}}}, "none": {"gaussianElement": {"1e0": {"loss": [4.393567962646484, 4.863580627441406, 4.732573547363281, 4.718820953369141, 4.75004898071289, 4.466398162841797, 4.467754211425781, 4.840104370117187, 4.968235168457031, 4.72395751953125], "iden": [0.1582649278640747, 0.5665418243408202, 0.42940673828125, 0.4675680732727051, 0.45672756195068354, 0.24986419677734376, 0.2268482542037964, 0.5133824729919434, 0.6177835655212403, 0.39873380661010743], "fwd": [0.23530304908752442, 0.29703870773315433, 0.3031666946411133, 0.2512528419494629, 0.29332129478454594, 0.216533842086792, 0.24090593338012695, 0.3267218017578125, 0.3504514503479004, 0.3252237701416016], "bwd": [0.0, 0.0, 0.0, 0.0, 0.0, 0.0, 0.0, 0.0, 0.0, 0.0], "cons": [0.0, 0.0, 0.0, 0.0, 0.0, 0.0, 0.0, 0.0, 0.0, 0.0], "eigen": [4.0, 4.0, 4.0, 4.0, 4.0, 4.0, 4.0, 4.0, 4.0, 4.0], "fwd_val": [0.13808660984039306, 0.17554725408554078, 0.20343910217285155, 0.18584847688674927, 0.1515778923034668, 0.14862300634384157, 0.17450650691986083, 0.14190776586532594, 0.19162354469299317, 0.1823299765586853]}}}}