{"unit_circle": {"gaussianEigen": {"1e0": {"loss": [6.0087494419642855, 5.898992745535714, 5.838978236607143, 5.6915440848214285, 5.695169084821429, 5.61309375, 5.571050223214286, 5.348025669642857, 5.376147879464286, 5.259032924107143, 5.274627790178571, 5.163267857142857, 4.994255580357143, 4.858094866071428, 4.69229296875], "iden": [3.363849888392857, 3.218808872767857, 3.2565103236607142, 3.0310284598214285, 3.152537109375, 2.9796509486607143, 3.085754185267857, 2.857242466517857, 2.904359375, 2.7252081473214287, 2.7681403459821428, 2.7560376674107143, 2.6307533482142857, 2.3716434151785712, 2.332490652901786], "fwd": [2.5833094308035713, 2.619070033482143, 2.5218197544642855, 2.6003409598214287, 2.482909598214286, 2.5741632254464286, 2.426442801339286, 2.432329241071429, 2.413719029017857, 2.476126953125, 2.4491495535714285, 2.3502329799107144, 2.306840262276786, 2.430107142857143, 2.3037762276785716], "bwd": [0.0, 0.0, 0.0, 0.0, 0.0, 0.0, 0.0, 0.0, 0.0, 0.0, 0.0, 0.0, 0.0, 0.0, 0.0], "cons": [0.0, 0.0, 0.0, 0.0, 0.0, 0.0, 0.0, 0.0, 0.0, 0.0, 0.0, 0.0, 0.0, 0.0, 0.0], "eigen": [0.06159050641741071, 0.06111604963030134, 0.06064982386997768, 0.060174686976841515, 0.05972213745117187, 0.05928045654296875, 0.05885365949358259, 0.05845232282366072, 0.05806890869140625, 0.057698372977120535, 0.05733718000139509, 0.0569969002859933, 0.056663487025669645, 0.056343274797712055, 0.056025081089564735], "fwd_val": [0.49081336466471354, 0.4189562441507975, 0.49960667928059893, 0.49072901662190754, 0.43455415598551433, 0.4277287902832031, 0.46651331075032554, 0.453206667582194, 0.43060662523905435, 0.44914247512817385, 0.4443658790588379, 0.4473697420756022, 0.42430790201822915, 0.37802532641092934, 0.47528258832295733]}}}, "none": {"gaussianEigen": {"1e0": {"loss": [6.2665619419642855, 6.0568984375, 6.1100234375, 6.046997209821429, 6.012674107142857, 5.9664073660714285, 5.872917410714286, 5.8278125, 5.771971540178572, 5.67281640625, 5.5882399553571425, 5.515271763392857, 5.3973231026785715, 5.273209821428572, 5.134162946428572], "iden": [3.52932421875, 3.060544642857143, 3.2522569754464286, 3.133001395089286, 3.1067745535714284, 3.132, 2.96562890625, 2.9574835379464286, 2.947619140625, 2.8200027901785716, 2.7871138392857144, 2.887652622767857, 2.742357421875, 2.6317689732142857, 2.5449614955357145], "fwd": [2.42294921875, 2.6820672433035715, 2.543480189732143, 2.5997109375, 2.591611328125, 2.520119977678571, 2.593003348214286, 2.5560418526785713, 2.5100666852678573, 2.538527064732143, 2.486840122767857, 2.313332868303571, 2.3406782924107143, 2.3271547154017855, 2.2749155970982144], "bwd": [0.0, 0.0, 0.0, 0.0, 0.0, 0.0, 0.0, 0.0, 0.0, 0.0, 0.0, 0.0, 0.0, 0.0, 0.0], "cons": [0.0, 0.0, 0.0, 0.0, 0.0, 0.0, 0.0, 0.0, 0.0, 0.0, 0.0, 0.0, 0.0, 0.0, 0.0], "eigen": [0.3142857142857143, 0.3142857142857143, 0.3142857142857143, 0.3142857142857143, 0.3142857142857143, 0.3142857142857143, 0.3142857142857143, 0.3142857142857143, 0.3142857142857143, 0.3142857142857143, 0.3142857142857143, 0.3142857142857143, 0.3142857142857143, 0.3142857142857143, 0.3142857142857143], "fwd_val": [0.4830218963623047, 0.44923380279541014, 0.5073723805745443, 0.4398654696146647, 0.4436932945251465, 0.46173914591471354, 0.46637534332275393, 0.48732537841796875, 0.4173887252807617, 0.5030716183980306, 0.41830962816874184, 0.4056864884694417, 0.4483300075531006, 0.4267538382212321, 0.43327625465393066]}}}}