{"unit_circle_mae": {"gaussianElement": {"1e0": {"loss": [4.122961883544922, 3.93268310546875, 4.350243835449218, 3.976260070800781, 3.894424133300781, 4.1714878845214844, 3.8151181030273436, 3.935873260498047, 4.062922821044922, 3.819300537109375], "iden": [0.44003594398498536, 0.32057579994201657, 0.6835190773010253, 0.38835404396057127, 0.2737728595733643, 0.5173882293701172, 0.2643957328796387, 0.30790323257446284, 0.4449481582641601, 0.2399022960662842], "fwd": [0.34728738784790036, 0.2830816650390625, 0.3438593101501465, 0.27083427429199214, 0.30911362648010254, 0.3478940200805664, 0.24966018676757812, 0.33190776824951174, 0.3267805099487305, 0.292941951751709], "bwd": [0.0, 0.0, 0.0, 0.0, 0.0, 0.0, 0.0, 0.0, 0.0, 0.0], "cons": [0.0, 0.0, 0.0, 0.0, 0.0, 0.0, 0.0, 0.0, 0.0, 0.0], "eigen": [3.335638732910156, 3.329025573730469, 3.3228656005859376, 3.3170716857910154, 3.311537780761719, 3.306205596923828, 3.30106201171875, 3.296062316894531, 3.2911941528320314, 3.286456298828125], "fwd_val": [0.1679144859313965, 0.2091966199874878, 0.14473297119140627, 0.21624963760375976, 0.1996235203742981, 0.17298534870147703, 0.22098666667938233, 0.2134927797317505, 0.1689335060119629, 0.23548580646514894]}}}, "unit_circle_mse": {"gaussianElement": {"1e0": {"loss": [3.34491943359375, 3.284915771484375, 3.6409747314453123, 3.3580276489257814, 3.624417419433594, 3.25377197265625, 3.4556950378417968, 3.348366088867188, 3.3517074584960938, 3.285403137207031], "iden": [0.3185118103027344, 0.2742274188995361, 0.5671323585510254, 0.3239577865600586, 0.6117602920532227, 0.25957738876342773, 0.4270279693603516, 0.36982021331787107, 0.38087814331054687, 0.33820507049560544], "fwd": [0.28685592651367187, 0.28043457984924314, 0.3522254943847656, 0.32052442550659177, 0.3067870807647705, 0.29568105697631836, 0.3372907447814941, 0.2941238307952881, 0.29319863319396977, 0.276232328414917], "bwd": [0.0, 0.0, 0.0, 0.0, 0.0, 0.0, 0.0, 0.0, 0.0, 0.0], "cons": [0.0, 0.0, 0.0, 0.0, 0.0, 0.0, 0.0, 0.0, 0.0, 0.0], "eigen": [2.7395518493652347, 2.7302537536621094, 2.7216169738769533, 2.713545379638672, 2.7058699035644533, 2.6985134887695312, 2.6913763427734376, 2.6844219970703125, 2.677630615234375, 2.6709657287597657], "fwd_val": [0.21058048248291017, 0.14606209039688112, 0.18779006242752075, 0.22021669626235962, 0.13496216535568237, 0.20462352752685548, 0.1818281817436218, 0.22047346591949463, 0.2258678150177002, 0.1606135392189026]}}}, "none": {"gaussianElement": {"1e0": {"loss": [4.852723693847656, 4.906583862304688, 4.909283142089844, 4.939718017578125, 4.695901031494141, 4.615048370361328, 4.7669439697265625, 4.646881866455079, 4.916347503662109, 4.487608032226563], "iden": [0.4979982376098633, 0.5334494590759278, 0.5498085021972656, 0.5472356414794922, 0.4083778953552246, 0.3042567110061646, 0.398185806274414, 0.3984217071533203, 0.5492960548400878, 0.2243925094604492], "fwd": [0.35472566604614253, 0.37313447952270506, 0.3594743537902832, 0.3924824523925781, 0.2875232791900635, 0.3107916259765625, 0.3687583351135254, 0.248460111618042, 0.36705142974853516, 0.2632155799865723], "bwd": [0.0, 0.0, 0.0, 0.0, 0.0, 0.0, 0.0, 0.0, 0.0, 0.0], "cons": [0.0, 0.0, 0.0, 0.0, 0.0, 0.0, 0.0, 0.0, 0.0, 0.0], "eigen": [4.0, 4.0, 4.0, 4.0, 4.0, 4.0, 4.0, 4.0, 4.0, 4.0], "fwd_val": [0.1509538221359253, 0.2399152708053589, 0.21567630052566528, 0.1821571397781372, 0.1628355288505554, 0.17845595359802247, 0.19184967041015627, 0.13933375239372253, 0.233909592628479, 0.20109426736831665]}}}}