{"none": {"newInit": {"1e0": {"loss": [0.25186291931245247, 0.19286111631349886, 0.15512785425287764, 0.1260496281779157, 0.10467095687146238, 0.09705605702857449, 0.09476548518582929, 0.09122964519343964, 0.08817868631905797, 0.08782976403083975, 0.08606218079635179, 0.0862405135388425, 0.08435099469653728, 0.08674531701492938, 0.08505730941052488, 0.0839728322021856, 0.081097604876421, 0.08426133944019336, 0.08456492895767931, 0.08638449426473911], "iden": [0.0, 0.0, 0.0, 0.0, 0.0, 0.0, 0.0, 0.0, 0.0, 0.0, 0.0, 0.0, 0.0, 0.0, 0.0, 0.0, 0.0, 0.0, 0.0, 0.0], "fwd": [0.1861094946549182, 0.12710768468848102, 0.08937442262785983, 0.06029620700412327, 0.03891752756893907, 0.03130263353228751, 0.02901206459266047, 0.025476228084012616, 0.02242525759715831, 0.022076338792681876, 0.020308752655075746, 0.0204870894619319, 0.018597565974637617, 0.020991888293029688, 0.019303878946754303, 0.01821940812527498, 0.015344173541714976, 0.018507908395799147, 0.018811507203263234, 0.020631070768452126], "bwd": [0.0, 0.0, 0.0, 0.0, 0.0, 0.0, 0.0, 0.0, 0.0, 0.0, 0.0, 0.0, 0.0, 0.0, 0.0, 0.0, 0.0, 0.0, 0.0, 0.0], "cons": [0.0, 0.0, 0.0, 0.0, 0.0, 0.0, 0.0, 0.0, 0.0, 0.0, 0.0, 0.0, 0.0, 0.0, 0.0, 0.0, 0.0, 0.0, 0.0, 0.0], "eigen": [0.06575342465753424, 0.06575342465753424, 0.06575342465753424, 0.06575342465753424, 0.06575342465753424, 0.06575342465753424, 0.06575342465753424, 0.06575342465753424, 0.06575342465753424, 0.06575342465753424, 0.06575342465753424, 0.06575342465753424, 0.06575342465753424, 0.06575342465753424, 0.06575342465753424, 0.06575342465753424, 0.06575342465753424, 0.06575342465753424, 0.06575342465753424, 0.06575342465753424], "fwd_val": [0.1473368705758726, 0.10781838582909625, 0.07510552662902152, 0.040091542166148346, 0.03319590975057036, 0.029828161049196302, 0.03376749671407752, 0.022614619326220362, 0.022168157901164994, 0.02348186839541887, 0.018424382236332776, 0.019580219910788524, 0.01894293353561426, 0.023116462320585247, 0.02355494736121409, 0.019097342207363966, 0.02057376863075979, 0.02162584720026468, 0.018914755415801263, 0.024904095160340468], "testAccuracy": [0.060208157946666084, 0.06218500590572754, 0.07496072181190054, 0.08619074694191416, 0.08633342571556568, 0.07870022331674893, 0.07287741079926491, 0.06745159563918908, 0.055918160205086075, 0.054762523621320724, 0.06224731355905533, 0.05901269863049189, 0.05633507979412874, 0.05650927436848482, 0.05111715694268545, 0.045557195941607155, 0.04452549976607164, 0.04350877987841765, 0.037385438879330955, 0.0348552322636048, 0.035071823125084244, 0.02814363067348798, 0.026513404523332913, 0.025285357454170782, 0.023031221702694893, 0.022257249647130568, 0.022509251876423757, 0.02210833861803015, 0.018479846107463043], "testStd": [0.02335933832750964, 0.027741450371154948, 0.03137369793049707, 0.03330799801507756, 0.036247164937261246, 0.03604015680530096, 0.024729371620450216, 0.02049574838952486, 0.01632344187604417, 0.01176426184743798, 0.012726688923279795, 0.018833948571981188, 0.012368292084085701, 0.009352044424094336, 0.0084970379328439, 0.0077877994157000705, 0.008802208079049767, 0.008249842801206473, 0.006993792077202009, 0.007136564696439628, 0.009095270700681252, 0.009230522245683773, 0.006805928126381967, 0.007499338315471545, 0.006589067075030049, 0.005504886192678506, 0.0051888547801123685, 0.006044741434568454, 0.003715000529988911]}}}, "unit_circle_mse": {"newInit": {"1e0": {"loss": [0.1798344953237966, 0.13368759039148712, 0.079298535583589, 0.05380384076494423, 0.04262369582642159, 0.0351330947295353, 0.032517108888205144, 0.028704959399079622, 0.024334308037837708, 0.02124141420222127, 0.021134339656278242, 0.022235005232115676, 0.020808577864137413, 0.01902161283217246, 0.018084858469041332, 0.016788192934823, 0.0175368789487052, 0.016560502248267606, 0.017015296320574105, 0.017603844304425895], "iden": [0.0, 0.0, 0.0, 0.0, 0.0, 0.0, 0.0, 0.0, 0.0, 0.0, 0.0, 0.0, 0.0, 0.0, 0.0, 0.0, 0.0, 0.0, 0.0, 0.0], "fwd": [0.1798322146341681, 0.13368119888654037, 0.07928762914927583, 0.0537863744448309, 0.042601394072696676, 0.03510556968561227, 0.032484377972793, 0.028666648109935373, 0.024289989616591456, 0.02119114961435443, 0.02108028707983287, 0.02217719834326246, 0.020748294615491523, 0.018958517042650662, 0.01801882472393901, 0.01672042138318856, 0.017466309371785668, 0.01648793068106316, 0.016941086233478703, 0.017526825160196383], "bwd": [0.0, 0.0, 0.0, 0.0, 0.0, 0.0, 0.0, 0.0, 0.0, 0.0, 0.0, 0.0, 0.0, 0.0, 0.0, 0.0, 0.0, 0.0, 0.0, 0.0], "cons": [0.0, 0.0, 0.0, 0.0, 0.0, 0.0, 0.0, 0.0, 0.0, 0.0, 0.0, 0.0, 0.0, 0.0, 0.0, 0.0, 0.0, 0.0, 0.0, 0.0], "eigen": [2.281430611157254e-06, 6.396252565550841e-06, 1.0905902027584828e-05, 1.746635356722357e-05, 2.2299091588235153e-05, 2.751998898191902e-05, 3.273043344917181e-05, 3.831268626986755e-05, 4.432035420129651e-05, 5.026448523707949e-05, 5.405305954237869e-05, 5.780765715890097e-05, 6.02825619904055e-05, 6.309507564957645e-05, 6.603382391744552e-05, 6.777275257277526e-05, 7.056902748173956e-05, 7.257187452671916e-05, 7.420842120455099e-05, 7.701869628745128e-05], "fwd_val": [0.15055562147067814, 0.09173171128627759, 0.06879152476755573, 0.04791014349978903, 0.03835669073505678, 0.036480978315259205, 0.027893775615139282, 0.02644290070794823, 0.024876322067366192, 0.02277989344800344, 0.020604057212510674, 0.029209560802145405, 0.023924070479917195, 0.022187017660210098, 0.020139684055802392, 0.017768315982895386, 0.01645445378954156, 0.02024952105086015, 0.02161970852173853, 0.020307232296345252], "testAccuracy": [0.032135947762678065, 0.03293628959606091, 0.041482881642878056, 0.03641964371005694, 0.04045240286116799, 0.040945157408714294, 0.048167042123774685, 0.06252092743913333, 0.06283882167190313, 0.08389194682240486, 0.07896198146045208, 0.07904296740889549, 0.06964092577497165, 0.06735608043769996, 0.05024241811285416, 0.04437049260983864, 0.04051491059362888, 0.04799731262028217, 0.048298840100566544, 0.05313617611924807, 0.05379802609483401, 0.05281425671031078, 0.045911711640655994, 0.04324206213156382, 0.03883284175147613, 0.04649558601280054, 0.04294914814333121, 0.04041932771603266, 0.03370043635368347], "testStd": [0.01917827088331797, 0.024591225503348954, 0.035720278409264915, 0.026760134347842877, 0.026292070734986704, 0.021751056781970354, 0.010938075957371481, 0.023448462355890164, 0.027418520130283116, 0.032645287713492586, 0.031236582463371375, 0.03119366156006322, 0.027164236219182396, 0.028486533368591284, 0.020083942736992648, 0.011701449548050689, 0.009642373097336813, 0.012105814585927747, 0.009608176876063882, 0.011889566121955351, 0.013098388905965272, 0.014708785154781679, 0.013477896532279121, 0.011483546506586539, 0.01071878106969394, 0.012839018002854037, 0.012106228189505424, 0.009734895956479762, 0.0069772191541158735]}}}, "none-consistent": {"newInit": {"1e0": {"loss": [4.8936712209855395, 4.504797790620244, 3.870470652587519, 3.4015838297897645, 3.1796218755945582, 3.097388772949962, 3.03075109101503, 2.976228283747146, 2.9453386605783862, 2.901684087233638, 2.8894821840515603, 2.837280830836187, 2.800773743697679, 2.772956427773021, 2.7533689919853503, 2.7272608833951675, 2.6939642640553654, 2.6474688897212713, 2.631357466466895, 2.6063995314878237], "iden": [0.0, 0.0, 0.0, 0.0, 0.0, 0.0, 0.0, 0.0, 0.0, 0.0, 0.0, 0.0, 0.0, 0.0, 0.0, 0.0, 0.0, 0.0, 0.0, 0.0], "fwd": [0.18717021971169853, 0.1587506948903634, 0.11741646544574058, 0.07714341394433148, 0.05856701112047541, 0.04470115789358293, 0.03999727153342608, 0.032515887256082336, 0.03271580990772451, 0.026959478764410617, 0.0271340055189902, 0.025859834505542773, 0.02417933088096491, 0.02262341515295763, 0.02540376509342745, 0.02421098590078601, 0.02079209453983394, 0.02291744063796881, 0.021297122136642938, 0.019963678159670203],