{"none": {"uniformEigen": {"1e0": {"loss": [0.23881084842768982, 0.22956427773021307, 0.18092225886189592, 0.13040596368287435, 0.1048144150360897, 0.09454691290311074, 0.08803203704694634, 0.08789032075321657, 0.08780194286886416, 0.08449969008632992, 0.08329015351503044, 0.08436032880205362, 0.08540006083077674, 0.0834941869819908, 0.08632934430962828, 0.08490925735171707, 0.0837596504292713, 0.0855972173914336, 0.08281541008564618, 0.08461384998246052, 0.08511417801158794, 0.0871519997421102, 0.08464760047297137, 0.0843076453361337, 0.08222106283295282], "iden": [0.0, 0.0, 0.0, 0.0, 0.0, 0.0, 0.0, 0.0, 0.0, 0.0, 0.0, 0.0, 0.0, 0.0, 0.0, 0.0, 0.0, 0.0, 0.0, 0.0, 0.0, 0.0, 0.0, 0.0, 0.0], "fwd": [0.17305743306013366, 0.1638108577176679, 0.11516882955937262, 0.06465254599282368, 0.03906098805606093, 0.02879349230994191, 0.022278614131282997, 0.022136890870069623, 0.022048513566340844, 0.018746266009419293, 0.017536724793130766, 0.018606908208884786, 0.01964664023760791, 0.017740764066327467, 0.020575915007104973, 0.019155836177924632, 0.018006230416726124, 0.01984378518579213, 0.017061983976552838, 0.018860426486173542, 0.019360752192806436, 0.021398571020210533, 0.018894174073566222, 0.018554223001093988, 0.01646764456227853], "bwd": [0.0, 0.0, 0.0, 0.0, 0.0, 0.0, 0.0, 0.0, 0.0, 0.0, 0.0, 0.0, 0.0, 0.0, 0.0, 0.0, 0.0, 0.0, 0.0, 0.0, 0.0, 0.0, 0.0, 0.0, 0.0], "cons": [0.0, 0.0, 0.0, 0.0, 0.0, 0.0, 0.0, 0.0, 0.0, 0.0, 0.0, 0.0, 0.0, 0.0, 0.0, 0.0, 0.0, 0.0, 0.0, 0.0, 0.0, 0.0, 0.0, 0.0, 0.0], "eigen": [0.06575342465753424, 0.06575342465753424, 0.06575342465753424, 0.06575342465753424, 0.06575342465753424, 0.06575342465753424, 0.06575342465753424, 0.06575342465753424, 0.06575342465753424, 0.06575342465753424, 0.06575342465753424, 0.06575342465753424, 0.06575342465753424, 0.06575342465753424, 0.06575342465753424, 0.06575342465753424, 0.06575342465753424, 0.06575342465753424, 0.06575342465753424, 0.06575342465753424, 0.06575342465753424, 0.06575342465753424, 0.06575342465753424, 0.06575342465753424, 0.06575342465753424], "fwd_val": [0.17454783729628984, 0.13221361940417697, 0.08976612523622048, 0.04502458308118041, 0.030573809764363465, 0.02358337483352317, 0.02511459152287715, 0.027665565475237602, 0.022067301099299105, 0.02090742429033506, 0.01914693699910701, 0.020890372498855756, 0.019239284150138442, 0.02200792797041784, 0.018495133669544018, 0.020563856011203585, 0.01680441597857529, 0.021020866254613534, 0.019130973840233337, 0.019860973164751144, 0.017593473116044898, 0.021124464086288416, 0.018699777762990963, 0.01861169297594059, 0.01895688157438656], "testAccuracy": [0.030546537910898525, 0.03722091857343912, 0.05958707987641295, 0.06626644171774387, 0.06847337928290169, 0.08174020083000262, 0.09196951674918334, 0.09128449608882268, 0.08070849440991879, 0.08093752960364024, 0.07272152913113435, 0.06847037995855014, 0.0633898489177227, 0.06149353397389253, 0.05774534742037455, 0.05672156779716412, 0.05487452385326227, 0.05185607820749283, 0.05097861308604479, 0.050330190608898796, 0.04744938823084036, 0.04392565134912729, 0.04295075094948212, 0.04090595959375302, 0.03598372436438998, 0.034207585733383894, 0.03349214047193527, 0.03328404575586319, 0.030814761761575937], "testStd": [0.01995260266426759, 0.023325086731432906, 0.026138858201202094, 0.027652212588391453, 0.03335074351133576, 0.033905494187891794, 0.03424235196949476, 0.03565826438381294, 0.03513528900413993, 0.028402415684556166, 0.02349839457573527, 0.02200086873006573, 0.017740361094599453, 0.017249084870842667, 0.015790783712188696, 0.016750050448698418, 0.016450231116801987, 0.015612227802884527, 0.014994237292319962, 0.01379620042522889, 0.015447828451524327, 0.015655914836297885, 0.016347252809649652, 0.01542491784584051, 0.012527340527601833, 0.011264305906112522, 0.011068833849643822, 0.012014118585531234, 0.010900273732164326]}}}}