{"none": {"uniformEigen": {"1e0": {"loss": [3.7275145394461493, 1.9839699154808408, 1.3908352624802363, 1.028659911382766, 0.9304350898379372, 0.9065137590680803, 0.9192797342936198, 0.9061767033168248, 0.8860831487746466, 0.8794420333135695, 0.914913086664109, 0.9663803463890439, 0.9179342360723586, 0.9256236666724795, 0.8844342458815801, 0.8654687972295851, 0.9186949956984747, 0.8711885724748885, 0.8748363313220796, 0.8662465867542085, 0.8783082962036133, 0.9454313005719867, 0.877615111214774, 0.8875005358741397, 0.856896854582287, 0.8814003354027158, 0.9009105137416294, 0.8557501293364025, 0.8608938398815337, 0.8598757244291759, 0.8806185949416387, 0.880921136765253, 0.9053589048839751, 0.8820546922229585, 0.9153401511056083, 0.8833411534627278, 0.864093235560826, 0.8680880410330636, 0.8692611058553059, 0.8785059338524228, 0.8616935185023717, 0.8612727664765858, 0.8799346742175874, 0.8634387879144578, 0.9036821183704195, 0.8631367910475958, 0.8609019234066917, 0.858064469837007, 0.8761028562273299, 0.8667768750871931], "iden": [0.0, 0.0, 0.0, 0.0, 0.0, 0.0, 0.0, 0.0, 0.0, 0.0, 0.0, 0.0, 0.0, 0.0, 0.0, 0.0, 0.0, 0.0, 0.0, 0.0, 0.0, 0.0, 0.0, 0.0, 0.0, 0.0, 0.0, 0.0, 0.0, 0.0, 0.0, 0.0, 0.0, 0.0, 0.0, 0.0, 0.0, 0.0, 0.0, 0.0, 0.0, 0.0, 0.0, 0.0, 0.0, 0.0, 0.0, 0.0, 0.0, 0.0], "fwd": [3.2513240632556735, 1.5077794619968958, 0.91464478628976, 0.5524694124857585, 0.4542445909409296, 0.43032328287760413, 0.44308923539661227, 0.4299862271263486, 0.4098926725841704, 0.40325155712309335, 0.43872263318016413, 0.49018984749203637, 0.4417438052949451, 0.44943319048200336, 0.408243769691104, 0.3892784118652344, 0.44250459898085825, 0.39499811899094356, 0.3986459005446661, 0.39005606515066965, 0.4021178313664028, 0.4692408697945731, 0.4014246123177665, 0.41131008239019484, 0.3807063783918108, 0.4052098592122396, 0.424720082964216, 0.37955967585245765, 0.38470336369105745, 0.38368524823869976, 0.40442815281095956, 0.4047306605747768, 0.42916845140003024, 0.40586417061941965, 0.43914967491513207, 0.4071506772722517, 0.38790273666381836, 0.3918975421360561, 0.39307062966482975, 0.402315480368478, 0.3855030309586298, 0.3850822902861095, 0.40374423208690824, 0.38724831172398155, 0.4274916308266776, 0.3869463148571196, 0.3847114472162156, 0.38187395958673387, 0.39991239139011925, 0.39058639889671687], "bwd": [0.0, 0.0, 0.0, 0.0, 0.0, 0.0, 0.0, 0.0, 0.0, 0.0, 0.0, 0.0, 0.0, 0.0, 0.0, 0.0, 0.0, 0.0, 0.0, 0.0, 0.0, 0.0, 0.0, 0.0, 0.0, 0.0, 0.0, 0.0, 0.0, 0.0, 0.0, 0.0, 0.0, 0.0, 0.0, 0.0, 0.0, 0.0, 0.0, 0.0, 0.0, 0.0, 0.0, 0.0, 0.0, 0.0, 0.0, 0.0, 0.0, 0.0], "cons": [0.0, 0.0, 0.0, 0.0, 0.0, 0.0, 0.0, 0.0, 0.0, 0.0, 0.0, 0.0, 0.0, 0.0, 0.0, 0.0, 0.0, 0.0, 0.0, 0.0, 0.0, 0.0, 0.0, 0.0, 0.0, 0.0, 0.0, 0.0, 0.0, 0.0, 0.0, 0.0, 0.0, 0.0, 0.0, 0.0, 0.0, 0.0, 0.0, 0.0, 0.0, 0.0, 0.0, 0.0, 0.0, 0.0, 0.0, 0.0, 0.0, 0.0], "eigen": [0.47619047619047616, 0.47619047619047616, 0.47619047619047616, 0.47619047619047616, 0.47619047619047616, 0.47619047619047616, 0.47619047619047616, 0.47619047619047616, 0.47619047619047616, 0.47619047619047616, 0.47619047619047616, 0.47619047619047616, 0.47619047619047616, 0.47619047619047616, 0.47619047619047616, 0.47619047619047616, 0.47619047619047616, 0.47619047619047616, 0.47619047619047616, 0.47619047619047616, 0.47619047619047616, 0.47619047619047616, 0.47619047619047616, 0.47619047619047616, 0.47619047619047616, 0.47619047619047616, 0.47619047619047616, 0.47619047619047616, 0.47619047619047616, 0.47619047619047616, 0.47619047619047616, 0.47619047619047616, 0.47619047619047616, 0.47619047619047616, 0.47619047619047616, 0.47619047619047616, 0.47619047619047616, 0.47619047619047616, 0.47619047619047616, 0.47619047619047616, 0.47619047619047616, 0.47619047619047616, 0.47619047619047616, 0.47619047619047616, 0.47619047619047616, 0.47619047619047616, 0.47619047619047616, 0.47619047619047616, 0.47619047619047616, 0.47619047619047616], "fwd_val": [8.658648384941948, 1.5303809642791748, 1.410519864824083, 0.751251114739312, 0.6443272166781955, 0.5774763955010308, 0.45646211836073136, 0.3754432996114095, 0.3265698353449503, 0.4643477863735623, 1.042200247446696, 0.36489688025580513, 0.6978496710459392, 0.3749221165974935, 0.3184469011094835, 0.3693821165296767, 0.36604531606038415, 0.41397619247436523, 0.3289797306060791, 0.27851078245374894, 0.7340157561832004, 0.36709609296586776, 0.32246931393941247, 0.3017270300123427, 0.34603926870558, 0.42692910300360787, 0.28261488013797337, 0.3218116495344374, 0.25626673963334823, 0.3846546411514282, 0.3969213167826334, 0.4085864226023356, 0.3849804136488173, 0.43125185701582164, 0.39949093924628365, 0.2882453203201294, 0.3626255724165175, 0.28538550270928276, 0.41676624615987146, 0.3254544337590536, 0.3344695832994249, 0.3791082435184055, 0.2589446041319105, 0.43632777531941735, 0.26372313499450684, 0.38082334730360246, 0.25911475552452934, 0.3951590061187744, 0.2940882179472182, 0.39730265405442977], "testAccuracy": [0.13592995703220367, 0.1113533228635788, 0.07735224813222885, 0.07736542820930481, 0.06744618713855743, 0.08159228414297104, 0.07956723123788834, 0.07431644946336746, 0.08144324272871017, 0.07043910771608353, 0.07860369235277176, 0.07566692680120468, 0.07054512202739716, 0.07004222273826599, 0.0666278526186943], "testStd": [0.0, 0.0, 0.0, 0.0, 0.0, 0.0, 0.0, 0.0, 0.0, 0.0, 0.0, 0.0, 0.0, 0.0, 0.0]}}, "spikeAndSlab": {"1e-1": {"loss": [1228.3553910028365, 191.9406287783668, 14.05082048688616, 2.936687378656296, 2.1894474029541016, 1.713027454557873, 1.2396630332583474, 1.0316715240478516, 0.9892698469616118, 0.9437156858898343, 1.0850347337268649, 0.9696682975405738, 1.1303515207199824, 0.9343942006429037, 1.135175341651553, 1.0690783091953824, 0.9072368712652297, 0.9133594603765578, 0.8905334926786876, 0.9054162161690849, 0.8708253587995256, 0.8827330271402996, 0.8879669734409876, 0.9002369471958704, 0.895208131699335, 0.8736041841052827, 0.9042295728410994, 0.9573508671351841, 0.9116358984084356, 0.8901576087588355, 0.8787462143670945, 0.8731279827299572, 0.869157836550758, 0.9127904801141649, 1.0550813220796131, 1.1578081221807572, 0.9243542353312175, 0.8753052211943126, 0.8665213811965216, 0.8544192087082636, 0.8524182637532552, 0.8514170873732794, 0.8434001831781297, 0.8461956750778925, 0.86024048214867, 0.8480501174926758, 0.859534081958589, 0.8501936140514554, 0.843450455438523, 0.8867937269664946], "iden": [0.0, 0.0, 0.0, 0.0, 0.0, 0.0, 0.0, 0.0, 0.0, 0.0, 0.0, 0.0, 0.0, 0.0, 0.0, 0.0, 0.0, 0.0, 0.0, 0.0, 0.0, 0.0, 0.0, 0.0, 0.0, 0.0, 0.0, 0.0, 0.0, 0.0, 0.0, 0.0, 0.0, 0.0, 0.0, 0.0, 0.0, 0.0, 0.0, 0.0, 0.0, 0.0, 0.0, 0.0, 0.0, 0.0, 0.0, 0.0, 0.0, 0.0], "fwd": [1227.8792005266462, 191.46443830217635, 13.574630010695685, 2.4604969024658203, 1.7132567224048432, 1.2368369783673967, 0.7634725570678711, 0.5554810024443126, 0.5130794161841983, 0.4675252096993583, 0.6088442575363886, 0.49347782135009766, 0.6541611126491002, 0.45820374715895884, 0.6589848200480143, 0.5928878330049061, 0.43104634966169086, 0.43716900689261295, 0.4143430164882115, 0.42922571727207726, 0.3946349053155808, 0.4065425509498233, 0.4117764972505116, 0.4240464937119257, 0.41901765550885883, 0.39741370791480657, 0.4280390739440918, 0.4811604136512393, 0.4354454449244908, 0.41396710986182805, 0.402555749529884, 0.3969374838329497, 0.3929673603602818, 0.4366000039236886, 0.5788908231826055, 0.6816176914033436, 0.44816375914074125, 0.39911469959077384, 0.39033088229951407, 0.3782287325177874, 0.376227753502982, 0.37522662253606887, 0.3672097410474505, 0.3700051648276193, 0.38405000595819383, 0.3718596413021996, 0.38334358306158156, 0.37400314921424505, 0.36725995654151555, 0.41060325077601845], "bwd": [0.0, 0.0, 0.0, 0.0, 0.0, 0.0, 0.0, 0.0, 0.0, 0.0, 0.0, 0.0, 0.0, 0.0, 0.0, 0.0, 0.0, 0.0, 0.0, 0.0, 0.0, 0.0, 0.0, 0.0, 0.0, 0.0, 0.0, 0.0, 0.0, 0.0, 0.0, 0.0, 0.0, 0.0, 0.0, 0.0, 0.0, 0.0, 0.0, 0.0, 0.0, 0.0, 0.0, 0.0, 0.0, 0.0, 0.0, 0.0, 0.0, 0.0],