{"none": {"spikeAndSlab": {"4e-1": {"loss": [12.408182416643415, 8.2822999500093, 3.112770534697033, 1.26890500386556, 1.1046792439052036, 0.9998437790643602, 0.9185412724812825, 0.907830692472912, 0.9424695060366676, 0.9205247788202195, 0.9207426252819243, 0.8768082573300316, 0.9705205644880022, 0.9054999578566778, 0.8901302700950986, 0.864813940865653, 0.8915893009730748, 0.928043320065453, 0.906338510059175, 0.889617919921875, 0.9443069185529436, 0.8864297412690663, 0.868912969316755, 0.8563132513137091, 0.8534166699364072, 0.8475805010114397, 0.89565186273484, 0.8456215177263533, 0.859061286562965, 0.8595012483142671, 0.8496932983398438, 0.8580824534098308, 0.8553826468331474, 0.8812019257318406, 0.8726947421119327, 0.8814010165986561, 0.936235473269508, 0.854742549714588, 0.854036739894322, 0.8928431556338357, 0.8608316693987166, 0.8364226023356119, 0.8404485611688524, 0.8426319303966704, 0.9012847627912248, 0.8450359162830171, 0.8690483002435594, 0.8858420054117838, 0.8372516177949452, 0.839582125345866], "iden": [0.0, 0.0, 0.0, 0.0, 0.0, 0.0, 0.0, 0.0, 0.0, 0.0, 0.0, 0.0, 0.0, 0.0, 0.0, 0.0, 0.0, 0.0, 0.0, 0.0, 0.0, 0.0, 0.0, 0.0, 0.0, 0.0, 0.0, 0.0, 0.0, 0.0, 0.0, 0.0, 0.0, 0.0, 0.0, 0.0, 0.0, 0.0, 0.0, 0.0, 0.0, 0.0, 0.0, 0.0, 0.0, 0.0, 0.0, 0.0, 0.0, 0.0], "fwd": [11.931991940452939, 7.806109473818824, 2.636580058506557, 0.7927145503816151, 0.6284888131277901, 0.5236533482869467, 0.442350773584275, 0.43164019357590444, 0.4662790071396601, 0.44433437074933735, 0.4445522172110421, 0.4006177811395555, 0.4943300996507917, 0.42930950437273296, 0.41393979390462243, 0.38862353279477074, 0.4153988474891299, 0.4518528665815081, 0.4301480338686988, 0.4134274210248675, 0.4681164423624674, 0.41023924237205867, 0.39272248177301317, 0.3801228432428269, 0.37722621645246235, 0.3713900361742292, 0.41946146601722356, 0.36943100747608004, 0.3828708217257545, 0.38331079483032227, 0.37350283350263325, 0.38189199992588585, 0.37919219334920246, 0.40501144954136437, 0.39650424321492517, 0.40521057446797687, 0.46004497437250047, 0.37855211893717444, 0.3778462069375174, 0.4166527248564221, 0.38464118185497465, 0.3602321147918701, 0.3642581303914388, 0.36644147691272555, 0.42509430930728004, 0.3688454287392752, 0.39285781269981745, 0.40965157463437035, 0.3610611416044689, 0.3633916491553897], "bwd": [0.0, 0.0, 0.0, 0.0, 0.0, 0.0, 0.0, 0.0, 0.0, 0.0, 0.0, 0.0, 0.0, 0.0, 0.0, 0.0, 0.0, 0.0, 0.0, 0.0, 0.0, 0.0, 0.0, 0.0, 0.0, 0.0, 0.0, 0.0, 0.0, 0.0, 0.0, 0.0, 0.0, 0.0, 0.0, 0.0, 0.0, 0.0, 0.0, 0.0, 0.0, 0.0, 0.0, 0.0, 0.0, 0.0, 0.0, 0.0, 0.0, 0.0], "cons": [0.0, 0.0, 0.0, 0.0, 0.0, 0.0, 0.0, 0.0, 0.0, 0.0, 0.0, 0.0, 0.0, 0.0, 0.0, 0.0, 0.0, 0.0, 0.0, 0.0, 0.0, 0.0, 0.0, 0.0, 0.0, 0.0, 0.0, 0.0, 0.0, 0.0, 0.0, 0.0, 0.0, 0.0, 0.0, 0.0, 0.0, 0.0, 0.0, 0.0, 0.0, 0.0, 0.0, 0.0, 0.0, 0.0, 0.0, 0.0, 0.0, 0.0], "eigen": [0.47619047619047616, 0.47619047619047616, 0.47619047619047616, 0.47619047619047616, 0.47619047619047616, 0.47619047619047616, 0.47619047619047616, 0.47619047619047616, 0.47619047619047616, 0.47619047619047616, 0.47619047619047616, 0.47619047619047616, 0.47619047619047616, 0.47619047619047616, 0.47619047619047616, 0.47619047619047616, 0.47619047619047616, 0.47619047619047616, 0.47619047619047616, 0.47619047619047616, 0.47619047619047616, 0.47619047619047616, 0.47619047619047616, 0.47619047619047616, 0.47619047619047616, 0.47619047619047616, 0.47619047619047616, 0.47619047619047616, 0.47619047619047616, 0.47619047619047616, 0.47619047619047616, 0.47619047619047616, 0.47619047619047616, 0.47619047619047616, 0.47619047619047616, 0.47619047619047616, 0.47619047619047616, 0.47619047619047616, 0.47619047619047616, 0.47619047619047616, 0.47619047619047616, 0.47619047619047616, 0.47619047619047616, 0.47619047619047616, 0.47619047619047616, 0.47619047619047616, 0.47619047619047616, 0.47619047619047616, 0.47619047619047616, 0.47619047619047616], "fwd_val": [32.02164671156142, 22.20159657796224, 2.44980870352851, 1.1035723156399198, 1.1310473548041449, 0.6946575906541612, 0.5874364773432413, 0.39862426122029626, 0.5404709974924724, 0.5105732017093234, 0.4505138397216797, 0.4747825331158108, 0.42176057232750785, 0.4665156470404731, 0.3433280918333266, 0.34785205788082546, 0.5488931735356649, 0.4536012808481852, 0.4895741144816081, 0.5488736497031318, 0.5175756878323026, 0.2966781589719984, 0.2950712309943305, 0.294246686829461, 0.25684358014000785, 0.26089700063069665, 0.2590632306204902, 0.24922682179345026, 0.2964957025316026, 0.2515094015333388, 0.27990074952443444, 0.30359699991014266, 0.3088567124472724, 0.28753364086151123, 0.2772396935356988, 0.434931649102105, 0.2931136157777574, 0.32570917076534694, 0.3488781187269423, 0.3973876370324029, 0.19946491056018406, 0.19908808999591404, 0.20821619696087307, 0.399269249704149, 0.31777895821465385, 0.2953867382473416, 0.5065635575188531, 0.23888903194003636, 0.23061370849609375, 0.25502522786458337], "testAccuracy": [0.0644780695438385, 0.05604524910449982, 0.06274482607841492, 0.058345332741737366, 0.073434017598629, 0.09121734648942947, 0.08696193993091583, 0.115204356610775, 0.07650503516197205, 0.07469964772462845, 0.078617624938488, 0.09345201402902603, 0.11243496090173721, 0.17187654972076416, 0.1217539981007576], "testStd": [0.0, 0.0, 0.0, 0.0, 0.0, 0.0, 0.0, 0.0, 0.0, 0.0, 0.0, 0.0, 0.0, 0.0, 0.0]}}}}