{"none": {"spikeAndSlab": {"1e-1": {"loss": [19.403620138888886, 18.69401388888889, 17.78001423611111, 16.931438888888888, 16.27794270833333, 16.40455763888889, 15.993614583333333, 16.16655763888889, 15.307830208333334, 15.663696527777779, 15.442161458333333, 15.274628819444445, 15.134452777777776, 15.360321875000002, 15.506758680555556, 15.331019444444443, 14.927854166666668, 15.31459375, 14.595896527777777, 14.784116319444445, 14.853342361111112, 14.907702083333334, 15.112964583333332, 14.874528125, 14.796861111111111, 14.988653819444444, 14.594785763888888, 14.734977083333334, 15.183739583333335, 14.858818055555554, 15.259071527777778, 14.490400694444446, 14.510769097222223, 14.453048611111113, 14.461672916666666, 14.85297048611111, 14.572820138888888, 14.645777083333334, 14.511147222222222, 14.605661805555556, 14.521325694444444, 14.972756944444443, 15.036294444444444, 14.72720763888889, 14.797069444444444, 13.879659722222222, 13.9878, 14.686924652777776, 14.293165972222221, 14.693639930555555], "iden": [0.0, 0.0, 0.0, 0.0, 0.0, 0.0, 0.0, 0.0, 0.0, 0.0, 0.0, 0.0, 0.0, 0.0, 0.0, 0.0, 0.0, 0.0, 0.0, 0.0, 0.0, 0.0, 0.0, 0.0, 0.0, 0.0, 0.0, 0.0, 0.0, 0.0, 0.0, 0.0, 0.0, 0.0, 0.0, 0.0, 0.0, 0.0, 0.0, 0.0, 0.0, 0.0, 0.0, 0.0, 0.0, 0.0, 0.0, 0.0, 0.0, 0.0], "fwd": [16.25695486111111, 15.547346875, 14.633347569444444, 13.784771180555557, 13.131276041666666, 13.257889930555555, 12.846948611111111, 13.019892708333332, 12.16116423611111, 12.517030555555555, 12.295495138888889, 12.127963194444446, 11.987785416666668, 12.21365625, 12.360091666666667, 12.184352777777777, 11.781187847222222, 12.167929166666667, 11.449230902777776, 11.637451736111112, 11.706675694444444, 11.761035416666667, 11.966296875, 11.72786111111111, 11.650194791666665, 11.841987152777778, 11.448118749999999, 11.58831111111111, 12.037072916666666, 11.712148958333332, 12.112402430555555, 11.34373263888889, 11.364103125, 11.306381597222222, 11.315005902777777, 11.706304861111112, 11.42615590277778, 11.49911111111111, 11.364479861111112, 11.458996527777778, 11.374659722222225, 11.826089583333333, 11.889628472222222, 11.580542361111112, 11.650402083333333, 10.732993055555555, 10.841134375000001, 11.540259375, 11.146500694444443, 11.546972569444444], "bwd": [0.0, 0.0, 0.0, 0.0, 0.0, 0.0, 0.0, 0.0, 0.0, 0.0, 0.0, 0.0, 0.0, 0.0, 0.0, 0.0, 0.0, 0.0, 0.0, 0.0, 0.0, 0.0, 0.0, 0.0, 0.0, 0.0, 0.0, 0.0, 0.0, 0.0, 0.0, 0.0, 0.0, 0.0, 0.0, 0.0, 0.0, 0.0, 0.0, 0.0, 0.0, 0.0, 0.0, 0.0, 0.0, 0.0, 0.0, 0.0, 0.0, 0.0], "cons": [0.0, 0.0, 0.0, 0.0, 0.0, 0.0, 0.0, 0.0, 0.0, 0.0, 0.0, 0.0, 0.0, 0.0, 0.0, 0.0, 0.0, 0.0, 0.0, 0.0, 0.0, 0.0, 0.0, 0.0, 0.0, 0.0, 0.0, 0.0, 0.0, 0.0, 0.0, 0.0, 0.0, 0.0, 0.0, 0.0, 0.0, 0.0, 0.0, 0.0, 0.0, 0.0, 0.0, 0.0, 0.0, 0.0, 0.0, 0.0, 0.0, 0.0], "eigen": [3.1466666666666665, 3.1466666666666665, 3.1466666666666665, 3.1466666666666665, 3.1466666666666665, 3.1466666666666665, 3.1466666666666665, 3.1466666666666665, 3.1466666666666665, 3.1466666666666665, 3.1466666666666665, 3.1466666666666665, 3.1466666666666665, 3.1466666666666665, 3.1466666666666665, 3.1466666666666665, 3.1466666666666665, 3.1466666666666665, 3.1466666666666665, 3.1466666666666665, 3.1466666666666665, 3.1466666666666665, 3.1466666666666665, 3.1466666666666665, 3.1466666666666665, 3.1466666666666665, 3.1466666666666665, 3.1466666666666665, 3.1466666666666665, 3.1466666666666665, 3.1466666666666665, 3.1466666666666665, 3.1466666666666665, 3.1466666666666665, 3.1466666666666665, 3.1466666666666665, 3.1466666666666665, 3.1466666666666665, 3.1466666666666665, 3.1466666666666665, 3.1466666666666665, 3.1466666666666665, 3.1466666666666665, 3.1466666666666665, 3.1466666666666665, 3.1466666666666665, 3.1466666666666665, 3.1466666666666665, 3.1466666666666665, 3.1466666666666665], "fwd_val": [16.464487714301217, 15.79113684082031, 14.750814685058595, 14.079633231608073, 13.882853285047744, 13.234949026150174, 13.612001060655382, 12.827563963487414, 12.797410276963975, 13.017137281629774, 12.526143157280815, 12.484976946343316, 12.481219012451172, 12.690802381727432, 12.569766467285156, 12.642128861490884, 12.550093459743922, 12.463183558485241, 11.88871961127387, 11.935265616861978, 12.322285561794706, 12.067627075195313, 11.571246865505643, 12.167370397949218, 12.10045196940104, 12.021014187961155, 11.4695368882921, 11.604804200575087, 12.138207822672527, 11.45084891357422, 11.458353259277345, 11.434681406656901, 11.960335375976562, 11.82023895534939, 11.829008428955078, 11.486460892740885, 11.601391639539932, 12.02912160441081, 11.397924620225695, 11.981694791666667, 11.455950107150606, 11.868797148980036, 11.081963024902343, 11.75079027642144, 11.429536596679688, 11.638811271158852, 11.834957454427084, 11.336923532443576, 11.286429134114583, 11.64321612548828], "testAccuracy": [8.528558201803747, 8.057383533914463, 3.4290761846764863, 8.494367291866723, 7.770962375121475, 4.692729063142659, 8.49088745711024, 9.012131796802505, 3.923135643951216, 10.476857776927242, 8.921041626672624, 3.939046718117039, 9.067961397007606, 9.769800391679597, 4.09441837527142, 8.27674445061613, 8.89185972606479, 4.06219106281997, 8.836408122742581, 9.102695719157424, 4.218167749580816, 8.715625156916804, 8.210435858248907, 4.3007330228337795, 9.991914381241521], "testStd": [7.460997589633243, 8.791654860639424, 3.836975175224809, 7.107404056741948, 7.094122594455989, 4.628585954602513, 7.272061125852643, 7.8998427863397165, 3.396316874875676, 7.934153111454529, 7.883236300168648, 3.79154938035577, 6.903538822796169, 8.268444959533555, 4.175740374426201, 7.0345858277949365, 7.937473870091787, 5.330377892324897, 8.38516813358741, 7.334538495874299, 3.9797360122007337, 6.94696647461343, 6.32516480019826, 4.524135386014456, 8.703774705634737]}}, "gaussianElement": {"1e0": {"loss": [19.45778611111111, 19.662859722222223, 19.50320625, 19.267677777777777, 19.16034791666667, 19.39758402777778, 19.524728472222222, 18.94514861111111, 18.18771979166667, 17.28388576388889, 15.77255902777778, 15.094666666666667, 14.844346875, 14.010516666666668, 14.551050347222223, 14.756015972222222, 14.65028611111111, 14.324168402777778, 14.062033680555556, 14.536467361111113, 14.206033333333332, 14.513921527777777, 14.593302430555553, 14.584823263888888, 14.505094444444445, 14.418528125, 14.678299305555555, 14.124504513888889, 15.32568888888889, 14.244602430555554, 14.358393055555554, 14.642589930555554, 14.725371180555555, 14.32029027777778, 14.669741666666667, 14.27758472222222, 14.809396180555558, 14.799516319444443, 14.214172569444443, 14.408794444444444, 14.80966388888889, 14.493506597222222, 14.710291319444444, 14.28778263888889, 14.708178472222222, 14.629230208333333, 14.632108680555556, 13.895251041666667, 14.731190972222223, 14.51615625], "iden": [0.0, 0.0, 0.0, 0.0, 0.0, 0.0, 0.0, 0.0, 0.0, 0.0, 0.0, 0.0, 0.0, 0.0, 0.0, 0.0, 0.0, 0.0, 0.0, 0.0, 0.0, 0.0, 0.0, 0.0, 0.0, 0.0, 0.0, 0.0, 0.0, 0.0, 0.0, 0.0, 0.0, 0.0, 0.0, 0.0, 0.0, 0.0, 0.0, 0.0, 0.0, 0.0, 0.0, 0.0, 0.0, 0.0, 0.0, 0.0, 0.0, 0.0], "fwd": [16.311120833333334, 16.516193402777777, 16.356542013888888, 16.121013541666667, 16.01368090277778, 16.250917013888888, 16.37806388888889, 15.798479861111112, 15.041052430555554, 14.137219097222223, 12.625890972222223, 11.948000347222221, 11.697680555555557, 10.863848611111111, 11.404385069444444, 11.60934826388889, 11.50362013888889, 11.177501736111111, 10.915366319444445, 11.389801041666667, 11.059367361111113, 11.367255555555554, 11.446634722222223, 11.43815625, 11.358426388888889, 11.271859375, 11.531633333333334, 10.977835416666666, 12.179021180555557, 11.097936458333335, 11.211726041666667, 11.495922916666666, 11.578704166666668, 11.173622222222221, 11.523074305555555, 11.13091875, 11.662728819444444, 11.652849305555556, 11.067506597222222, 11.262127777777778, 11.662996527777779, 11.346839930555555, 11.563624652777778, 11.141115277777777, 11.56151111111111, 11.482561458333334, 11.485442361111112, 10.74858402777778, 11.584523263888888, 11.369488541666668],