{"none": {"gaussianElement": {"1e0": {"loss": [0.2758120462774686, 0.22710925237228882, 0.23004359415132705, 0.2249139237077269, 0.1942260602837828, 0.17816220636237157, 0.12451365571043807, 0.09964233119738157, 0.09344178639590468, 0.09026584712337686, 0.08809570591199344, 0.08707800042139341, 0.08530534718134632, 0.0910685709078018, 0.08727638558165668, 0.08537826189711759, 0.08679300247262058, 0.09768278914499501, 0.08814818499839469, 0.08894496551931722], "iden": [0.0, 0.0, 0.0, 0.0, 0.0, 0.0, 0.0, 0.0, 0.0, 0.0, 0.0, 0.0, 0.0, 0.0, 0.0, 0.0, 0.0, 0.0, 0.0, 0.0], "fwd": [0.21005860768496717, 0.16135582771475457, 0.1642901694937928, 0.15916049905019264, 0.12847263562624858, 0.11240876776987015, 0.05876023802038741, 0.033888920474814496, 0.027688351287145047, 0.024512410272746327, 0.022342284738200983, 0.021324586215084547, 0.019551926007553868, 0.025315158443363833, 0.021522960924122432, 0.019624838981454232, 0.02103957781508633, 0.03192937145494435, 0.022394765566473136, 0.02319154782926655], "bwd": [0.0, 0.0, 0.0, 0.0, 0.0, 0.0, 0.0, 0.0, 0.0, 0.0, 0.0, 0.0, 0.0, 0.0, 0.0, 0.0, 0.0, 0.0, 0.0, 0.0], "cons": [0.0, 0.0, 0.0, 0.0, 0.0, 0.0, 0.0, 0.0, 0.0, 0.0, 0.0, 0.0, 0.0, 0.0, 0.0, 0.0, 0.0, 0.0, 0.0, 0.0], "eigen": [0.06575342465753424, 0.06575342465753424, 0.06575342465753424, 0.06575342465753424, 0.06575342465753424, 0.06575342465753424, 0.06575342465753424, 0.06575342465753424, 0.06575342465753424, 0.06575342465753424, 0.06575342465753424, 0.06575342465753424, 0.06575342465753424, 0.06575342465753424, 0.06575342465753424, 0.06575342465753424, 0.06575342465753424, 0.06575342465753424, 0.06575342465753424, 0.06575342465753424], "fwd_val": [0.14382959583147328, 0.16334491305881077, 0.16994483804933114, 0.16159869737671193, 0.10199057993489571, 0.07314367539544804, 0.04475782835637122, 0.03345894261642739, 0.031031482329595107, 0.0300926944291918, 0.024554756672486015, 0.029576457065084705, 0.02785514398281509, 0.029100540323533874, 0.026964705491411514, 0.03252240477936663, 0.050118139256601746, 0.04593569894535722, 0.02162309785204041, 0.028206655320721932], "testAccuracy": [0.05091489137460788, 0.04997775983065367, 0.06003399441639582, 0.09005405381321907, 0.11200383553902309, 0.13457089786728224, 0.14940467352668443, 0.151216272264719, 0.17227543145418167, 0.16952494283517203, 0.16948261111974716, 0.15815090263883272, 0.1480194628238678, 0.1364490104218324, 0.12750452881058058, 0.12288209175070126, 0.12332157542308171, 0.1225548932949702, 0.12107522537310918, 0.11593569939335187, 0.11100902656714122, 0.10867191975315411, 0.10318406919638316, 0.10084313899278641, 0.09949251015981038, 0.09597453350822131, 0.09147880226373672, 0.08429604644576709, 0.08135710780819257], "testStd": [0.03982659115949967, 0.04327869121930348, 0.05461587043032849, 0.06275756273073627, 0.06439065401355076, 0.0531031764465509, 0.036639302791019235, 0.03214434162090148, 0.012588353571776525, 0.01611912915580446, 0.03081671842346313, 0.029287636436818473, 0.03353792337911765, 0.02912344929120717, 0.024364849915569156, 0.020451936484352864, 0.01908579964342151, 0.01751395573534913, 0.0204883343164501, 0.021230329919496617, 0.019071990551105984, 0.019356027524362406, 0.017301661923541045, 0.016506842760814624, 0.01414728100573773, 0.015497853788492336, 0.016700925842382766, 0.012402738830123166, 0.011774646596963454]}}, "spikeAndSlab": {"1e-1": {"loss": [0.23701394834474887, 0.23273465927333048, 0.14537442699414954, 0.12063673881635274, 0.10035980085259703, 0.09086236126346675, 0.08543671908443921, 0.08553475854603668, 0.08244910392587043, 0.08091442508784603, 0.08013925073353667, 0.0820279892176798, 0.08073591119078197, 0.0832014946088399, 0.08155973251551799, 0.0771111753977597, 0.07862348164597603, 0.07621562382946276, 0.08265158596648473, 0.07723288340111302], "iden": [0.0, 0.0, 0.0, 0.0, 0.0, 0.0, 0.0, 0.0, 0.0, 0.0, 0.0, 0.0, 0.0, 0.0, 0.0, 0.0, 0.0, 0.0, 0.0, 0.0], "fwd": [0.17126049581728026, 0.16698123461579623, 0.07962098840164812, 0.054883314158818496, 0.03460638316254638, 0.025108936605932507, 0.019683301394388557, 0.019781328662889733, 0.016695689719561573, 0.015161003914053582, 0.014385826076002426, 0.016274564560145546, 0.014982496984473102, 0.017448068209434755, 0.01580631482546732, 0.01135774812741911, 0.012870055246570884, 0.010462204397541202, 0.016898156083337793, 0.011479448292353383], "bwd": [0.0, 0.0, 0.0, 0.0, 0.0, 0.0, 0.0, 0.0, 0.0, 0.0, 0.0, 0.0, 0.0, 0.0, 0.0, 0.0, 0.0, 0.0, 0.0, 0.0], "cons": [0.0, 0.0, 0.0, 0.0, 0.0, 0.0, 0.0, 0.0, 0.0, 0.0, 0.0, 0.0, 0.0, 0.0, 0.0, 0.0, 0.0, 0.0, 0.0, 0.0], "eigen": [0.06575342465753424, 0.06575342465753424, 0.06575342465753424, 0.06575342465753424, 0.06575342465753424, 0.06575342465753424, 0.06575342465753424, 0.06575342465753424, 0.06575342465753424, 0.06575342465753424, 0.06575342465753424, 0.06575342465753424, 0.06575342465753424, 0.06575342465753424, 0.06575342465753424, 0.06575342465753424, 0.06575342465753424, 0.06575342465753424, 0.06575342465753424, 0.06575342465753424], "fwd_val": [0.1640039914664055, 0.09471843073717445, 0.060322521293412854, 0.041195530246421336, 0.03313242179760034, 0.023064430833054816, 0.020582080271316996, 0.019558468302666852, 0.02121155043155099, 0.021579302619428833, 0.018513302872146385, 0.01749301196680361, 0.0168309873284925, 0.016172615154353892, 0.015580880925083314, 0.01958108425812253, 0.019433967565184822, 0.01735571051997263, 0.019868841229813493, 0.01894804552173461], "testAccuracy": [0.026716621747861307, 0.03238282632082701, 0.04918847496931752, 0.05624461267143488, 0.05948015799125036, 0.056476010320087276, 0.05982595309615135, 0.05286270690461, 0.046637783447901406, 0.0401562349870801, 0.033741041707495846, 0.030239611864089966, 0.02956219793607791, 0.02994285710155964, 0.03022224549204111, 0.030056897240380447, 0.02879095822572708, 0.02618297655135393, 0.02381217572838068, 0.022494020871818066, 0.02020401352395614, 0.01770668135335048, 0.01822057676812013, 0.01908185814196865, 0.019815619414051373, 0.019406110669175785, 0.01894594356417656, 0.018133215606212616, 0.016509317016849916], "testStd": [0.018285148402284738, 0.023608145857601216, 0.02947879760259588, 0.025358776880882446, 0.01938277990206097, 0.020844598748458943, 0.007778406632999312, 0.010993009355136491, 0.011319252917757015, 0.0072451093076347384, 0.004131348594399761, 0.0015326020149560766, 0.004839854103631833, 0.005949729735488708, 0.006378411093646141, 0.00639713800716846, 0.005000638800094528, 0.003472225965083732, 0.004002862731710748, 0.002786707191955365, 0.0012215715138829276, 0.0022877172266127788, 0.003535045386211513, 0.0038663303513765688, 0.004657244273510206, 0.0031827783076779155, 0.0030305397623588064, 0.002598623455347113, 0.0019075037031138287]}}, "unitPerturb": {"1e0": {"loss": [0.2750296536101598, 0.19129796137004138, 0.18080745331228595, 0.13853195399454196, 0.11021603797668736, 0.09088829423738941, 0.08822301577215326, 0.09056227871272117, 0.08382474298346533, 0.08321981909068207, 0.09677418747993365, 0.08602175777905607, 0.08729982419645406, 0.08574869512967323, 0.08342995839576199, 0.08460706597593821, 0.08554060426476884, 0.0845023934699629, 0.08694322141882492, 0.08400631560582549], "iden": [0.0, 0.0, 0.0, 0.0, 0.0, 0.0, 0.0, 0.0, 0.0, 0.0, 0.0, 0.0, 0.0, 0.0, 0.0, 0.0, 0.0, 0.0, 0.0, 0.0], "fwd": [0.20927622895262557, 0.12554453671250712, 0.11505405652468607, 0.07277852933700771, 0.04446260983541132, 0.02513487306359696, 0.02246958763087721, 0.024808855797057827, 0.01807132529341467, 0.017466403142502317, 0.031020769789882992, 0.020268324412167346, 0.021546387345823523, 0.019995268730268086, 0.01767652677074415, 0.018853637834662172, 0.01978719354220177, 0.01874896532868686, 0.021189798503161564, 0.018252883980807648], "bwd": [0.0, 0.0, 0.0, 0.0, 0.0, 0.0, 0.0, 0.0, 0.0, 0.0, 0.0, 0.0, 0.0, 0.0, 0.0, 0.0, 0.0, 0.0, 0.0, 0.0], "cons": [0.0, 0.0, 0.0, 0.0, 0.0, 0.0, 0.0, 0.0, 0.0, 0.0, 0.0, 0.0, 0.0, 0.0, 0.0, 0.0, 0.0, 0.0, 0.0, 0.0],