{"none": {"spikeAndSlab": {"1e-1": {"loss": [25.97417922247024, 16.80978030250186, 20.232310340518044, 10.094153994605655, 1.9549176352364677, 1.3913870766049339, 1.4636978876023066, 1.211098898024786, 1.0197157632736933, 0.9791740689958846, 0.9029981068202427, 0.8859702064877465, 0.8985488982427687, 0.8804241816202799, 0.9250685828072684, 0.9224729537963867, 0.9552065531412761, 1.0385968798682803, 0.9353230794270833, 0.9161958694458008, 0.9126561482747395, 0.9030828021821522, 0.8837787083217076, 0.94400573912121, 1.0131909052530923, 0.8920365742274693, 0.8908108302525112, 0.9171867370605469, 0.893418448311942, 0.8749014536539713, 0.9105619248889741, 0.878104981921968, 0.8701524280366444, 0.863299460638137, 0.8493765422276088], "iden": [0.0, 0.0, 0.0, 0.0, 0.0, 0.0, 0.0, 0.0, 0.0, 0.0, 0.0, 0.0, 0.0, 0.0, 0.0, 0.0, 0.0, 0.0, 0.0, 0.0, 0.0, 0.0, 0.0, 0.0, 0.0, 0.0, 0.0, 0.0, 0.0, 0.0, 0.0, 0.0, 0.0, 0.0, 0.0], "fwd": [25.49798874627976, 16.333589826311382, 19.75611986432757, 9.617963518415179, 1.4787271590459914, 0.9151966004144578, 0.9875075022379557, 0.7349084218343098, 0.543525287083217, 0.5029835928054083, 0.42680763062976657, 0.40977975300380165, 0.42235839934576125, 0.40423372813633507, 0.44887810661679217, 0.4462824321928478, 0.47901614507039386, 0.5624063809712728, 0.45913260323660715, 0.4400053932553246, 0.4364656947907947, 0.4268922805786133, 0.40758820942470003, 0.4678152402242025, 0.5370004517691476, 0.4158460753304618, 0.41462037676856633, 0.44099623816353933, 0.4172279948279971, 0.39871097746349515, 0.434371448698498, 0.4019145057314918, 0.39396195184616817, 0.38710901850745794, 0.37318610009692965], "bwd": [0.0, 0.0, 0.0, 0.0, 0.0, 0.0, 0.0, 0.0, 0.0, 0.0, 0.0, 0.0, 0.0, 0.0, 0.0, 0.0, 0.0, 0.0, 0.0, 0.0, 0.0, 0.0, 0.0, 0.0, 0.0, 0.0, 0.0, 0.0, 0.0, 0.0, 0.0, 0.0, 0.0, 0.0, 0.0], "cons": [0.0, 0.0, 0.0, 0.0, 0.0, 0.0, 0.0, 0.0, 0.0, 0.0, 0.0, 0.0, 0.0, 0.0, 0.0, 0.0, 0.0, 0.0, 0.0, 0.0, 0.0, 0.0, 0.0, 0.0, 0.0, 0.0, 0.0, 0.0, 0.0, 0.0, 0.0, 0.0, 0.0, 0.0, 0.0], "eigen": [0.47619047619047616, 0.47619047619047616, 0.47619047619047616, 0.47619047619047616, 0.47619047619047616, 0.47619047619047616, 0.47619047619047616, 0.47619047619047616, 0.47619047619047616, 0.47619047619047616, 0.47619047619047616, 0.47619047619047616, 0.47619047619047616, 0.47619047619047616, 0.47619047619047616, 0.47619047619047616, 0.47619047619047616, 0.47619047619047616, 0.47619047619047616, 0.47619047619047616, 0.47619047619047616, 0.47619047619047616, 0.47619047619047616, 0.47619047619047616, 0.47619047619047616, 0.47619047619047616, 0.47619047619047616, 0.47619047619047616, 0.47619047619047616, 0.47619047619047616, 0.47619047619047616, 0.47619047619047616, 0.47619047619047616, 0.47619047619047616, 0.47619047619047616], "fwd_val": [147.93333604600696, 78.52172491285536, 62.583654615614144, 9.561114841037327, 1.191726843516032, 3.735028478834364, 2.372349633110894, 1.232541349199083, 0.7686841222974989, 0.6048875914679633, 0.47735978497399223, 0.41796273655361604, 0.415521502494812, 0.4107062816619873, 1.0035735103819106, 0.4949038028717041, 0.5709217124515109, 0.7266018125745985, 0.4427466127607558, 0.5610999531216092, 0.5341583093007406, 0.40643882751464844, 0.3529454204771254, 1.252374635802375, 0.3909725613064236, 0.41972071594662136, 0.4887817965613471, 0.35122402509053546, 0.4792196618186103, 0.39317377408345544, 0.45730103386773, 0.3707205189598931, 0.28396926985846627, 0.24527621269226074, 0.3199317190382216], "testAccuracy": [0.0705971047282219, 0.07653360813856125, 0.10939954221248627, 0.12806469202041626, 0.1105918437242508, 0.10309551656246185, 0.08723294734954834, 0.07175874710083008, 0.08538396656513214, 0.08335793763399124, 0.06834037601947784, 0.06889774650335312, 0.06430365145206451, 0.08189558237791061, 0.11034756898880005], "testStd": [0.0, 0.0, 0.0, 0.0, 0.0, 0.0, 0.0, 0.0, 0.0, 0.0, 0.0, 0.0, 0.0, 0.0, 0.0]}}}}