{"none": {"gaussianElement": {"1e0": {"loss": [0.2622480465034009, 0.24490686239535767, 0.2312267843446775, 0.2335439882321989, 0.18747759257277397, 0.17418554297320918, 0.14108330713559503, 0.11096700497050989, 0.09570101385247216, 0.08998615375211068, 0.08674999916390197, 0.08896468349787744, 0.0889870955700925, 0.08664847131552035, 0.09091382309726385, 0.08877208599398306, 0.08598618645283367, 0.08618132708823845, 0.08710321574450629, 0.09024291713488157, 0.08599605473209189, 0.0864321936573975, 0.08801659478081597, 0.08776177997095581, 0.08536635911265102], "iden": [0.0, 0.0, 0.0, 0.0, 0.0, 0.0, 0.0, 0.0, 0.0, 0.0, 0.0, 0.0, 0.0, 0.0, 0.0, 0.0, 0.0, 0.0, 0.0, 0.0, 0.0, 0.0, 0.0, 0.0, 0.0], "fwd": [0.1964946032659104, 0.17915343773782344, 0.16547336433213233, 0.16779055428468656, 0.12172417256022879, 0.10843212063816948, 0.07532988480055532, 0.04521357566798659, 0.029947586291819765, 0.024232728513952806, 0.02099657276449682, 0.023211258259719546, 0.023233668590063736, 0.020895047819233376, 0.025160396117235067, 0.02301866075582519, 0.020232755408439464, 0.020427900108209666, 0.021349798635079256, 0.024489491896723684, 0.02024263007455765, 0.02067876899986325, 0.022263166639539932, 0.022008355313421563, 0.019612929810127713], "bwd": [0.0, 0.0, 0.0, 0.0, 0.0, 0.0, 0.0, 0.0, 0.0, 0.0, 0.0, 0.0, 0.0, 0.0, 0.0, 0.0, 0.0, 0.0, 0.0, 0.0, 0.0, 0.0, 0.0, 0.0, 0.0], "cons": [0.0, 0.0, 0.0, 0.0, 0.0, 0.0, 0.0, 0.0, 0.0, 0.0, 0.0, 0.0, 0.0, 0.0, 0.0, 0.0, 0.0, 0.0, 0.0, 0.0, 0.0, 0.0, 0.0, 0.0, 0.0], "eigen": [0.06575342465753424, 0.06575342465753424, 0.06575342465753424, 0.06575342465753424, 0.06575342465753424, 0.06575342465753424, 0.06575342465753424, 0.06575342465753424, 0.06575342465753424, 0.06575342465753424, 0.06575342465753424, 0.06575342465753424, 0.06575342465753424, 0.06575342465753424, 0.06575342465753424, 0.06575342465753424, 0.06575342465753424, 0.06575342465753424, 0.06575342465753424, 0.06575342465753424, 0.06575342465753424, 0.06575342465753424, 0.06575342465753424, 0.06575342465753424, 0.06575342465753424], "fwd_val": [0.15513708331670673, 0.17404608878792452, 0.14760653715394736, 0.13687595979411052, 0.100674497972428, 0.08560780247436438, 0.05734469431641917, 0.03603300871352514, 0.03081509542525998, 0.03352718940679578, 0.027112191937907818, 0.028238968284809648, 0.02696253916811572, 0.031548413085604764, 0.033254971090850176, 0.027274295567698333, 0.03248748095267189, 0.026497122242254912, 0.033385323529530136, 0.03556254944427642, 0.03987140915947964, 0.028843512201718723, 0.025873337126968373, 0.035019374388043624, 0.03169331949562138], "testAccuracy": [0.08916206347445647, 0.0851344062636296, 0.09089508218069871, 0.10385288422306378, 0.10536365335186322, 0.10856060311198235, 0.12029080527524154, 0.12913494495054087, 0.1303030742953221, 0.12555583318074545, 0.12560660019516945, 0.12048062309622765, 0.11508256817857425, 0.11431916803121567, 0.11189260457952817, 0.10927892724672954, 0.10707675168911616, 0.10392574096719424, 0.10016691063841184, 0.09498396515846252, 0.09294760785996914, 0.0883682370185852, 0.08285323592523734, 0.08119321676592033, 0.07836057431995869, 0.07438526613016923, 0.07196828598777454, 0.0691943783313036, 0.06714573067923386], "testStd": [0.03575646511678782, 0.034862600926948074, 0.0390607165273452, 0.024558784466193327, 0.034539307889903975, 0.03589972817231482, 0.04069192009438835, 0.045812129164884245, 0.04873178924184334, 0.04243247839879444, 0.04013914862768417, 0.03206092175815535, 0.026733742431922766, 0.023800365870156222, 0.02257096054860385, 0.02372492912723638, 0.025086743454918955, 0.02463568479398774, 0.021756071632458043, 0.02450175153275707, 0.02411918954983506, 0.021067778982852888, 0.020425618730429827, 0.021089348957908607, 0.023523158880030322, 0.02009201754627356, 0.01872423069968938, 0.016855955058244165, 0.015259458194532834]}}, "spikeAndSlab": {"1e-1": {"loss": [4.888418453686858, 0.23565033748632516, 0.1712978786892361, 0.1339481533753092, 0.1042509523156571, 0.09881433402748051, 0.09138060037041001, 0.08896033578811717, 0.08831401343033557, 0.0873920527767373, 0.08634474244836259, 0.08449198172698463, 0.08486435888746195, 0.08375222773675323, 0.08467345680457454, 0.08486480248391719, 0.08189938572806672, 0.08345086316902706, 0.08082465138428106, 0.0819139617037374, 0.08231661490290858, 0.08070126421738251, 0.08130411412255041, 0.08001883868213112, 0.08158222355254709], "iden": [0.0, 0.0, 0.0, 0.0, 0.0, 0.0, 0.0, 0.0, 0.0, 0.0, 0.0, 0.0, 0.0, 0.0, 0.0, 0.0, 0.0, 0.0, 0.0, 0.0, 0.0, 0.0, 0.0, 0.0, 0.0], "fwd": [4.822665033674313, 0.16989691747377997, 0.10554446796666905, 0.06819473684650577, 0.03849753752872461, 0.03306090124121539, 0.025627169906639435, 0.023206908227464743, 0.022560592837166753, 0.02163862521608489, 0.02059132533893556, 0.018738559972568552, 0.019110932488056804, 0.017998805982337152, 0.018920029824545756, 0.019111380729501106, 0.016145954393360713, 0.017697433866503756, 0.015071219178639591, 0.016160534143084986, 0.016563188503503436, 0.01494784420483733, 0.015550695851876128, 0.014265415185844154, 0.015828799765948292], "bwd": [0.0, 0.0, 0.0, 0.0, 0.0, 0.0, 0.0, 0.0, 0.0, 0.0, 0.0, 0.0, 0.0, 0.0, 0.0, 0.0, 0.0, 0.0, 0.0, 0.0, 0.0, 0.0, 0.0, 0.0, 0.0], "cons": [0.0, 0.0, 0.0, 0.0, 0.0, 0.0, 0.0, 0.0, 0.0, 0.0, 0.0, 0.0, 0.0, 0.0, 0.0, 0.0, 0.0, 0.0, 0.0, 0.0, 0.0, 0.0, 0.0, 0.0, 0.0], "eigen": [0.06575342465753424, 0.06575342465753424, 0.06575342465753424, 0.06575342465753424, 0.06575342465753424, 0.06575342465753424, 0.06575342465753424, 0.06575342465753424, 0.06575342465753424, 0.06575342465753424, 0.06575342465753424, 0.06575342465753424, 0.06575342465753424, 0.06575342465753424, 0.06575342465753424, 0.06575342465753424, 0.06575342465753424, 0.06575342465753424, 0.06575342465753424, 0.06575342465753424, 0.06575342465753424, 0.06575342465753424, 0.06575342465753424, 0.06575342465753424, 0.06575342465753424], "fwd_val": [0.2556292576234442, 0.1170302057419806, 0.07837652043507935, 0.049823144815714204, 0.035040007089327176, 0.02863419161518607, 0.024869158032179775, 0.02833030672400982, 0.0224089513718282, 0.0225930016045921, 0.020006956325636968, 0.023668785801960204, 0.02064164354797339, 0.022537000837245427, 0.021740271121471463, 0.023892809967327937, 0.021012898508541312, 0.025163183825603435, 0.018449601135904024, 0.02047191962591756, 0.02024992717349011, 0.021272063439275013, 0.020664387303082076, 0.022478884544925415, 0.020719838827064584], "testAccuracy": [0.034805999447902046, 0.05377153012280663, 0.06728270308425029, 0.07085013203322887, 0.06835516604284446, 0.06373524696876605, 0.06548758285741012, 0.07836838687459628, 0.06904479737083118, 0.09080605333050092, 0.08094184721509616, 0.09234204888343811, 0.07001288483540218, 0.06602742647131284, 0.055657420928279557, 0.06031072326004505, 0.059511942168076835, 0.07141485003133614, 0.05938911810517311, 0.0724474402765433, 0.0550761092454195, 0.06535629276186228, 0.05671810389806827, 0.04968424513936043, 0.04790376002589861, 0.049094063229858875, 0.044415510880450405, 0.03999514536311229, 0.036185941038032375], "testStd": [0.02061587922698863, 0.029449990087619487, 0.03840274821560051, 0.043052206937578844, 0.04092125988731753, 0.03940890433740124, 0.0275746788749919, 0.021663434962820412, 0.023624099926921535, 0.02549273904201862, 0.015722022919675706, 0.031121204327595495, 0.015008949378018851, 0.013215333602030267, 0.013725071470282528, 0.012679854716286262, 0.018741567568488188, 0.016757711711630156, 0.015220290244787512, 0.03869729550895377, 0.016376553180410737, 0.022883289354705166, 0.013038910850260483, 0.01278808512726975, 0.013245396071691446, 0.01775510582999955, 0.016107001817086273, 0.016144945989615182, 0.014591641374716694]}},