{"none": {"spikeAndSlab": {"1e0": {"loss": [6.144623347691127, 5.327143260410854, 1.1539067767915272, 2.576683771042597, 1.065872964404878, 1.0551977157592773, 1.1556017739432198, 1.0213361467633928, 0.9819459461030506, 1.1786120278494698, 1.0052341733660017, 1.029290335518973, 0.965224720182873, 0.9573637190319243, 0.8691620599655878, 0.8880835487729026, 0.9129745392572313, 0.8756361461821056, 0.8862199329194569, 0.9945796784900485, 0.9495355969383603, 0.9395204271589006, 0.9048880622500465, 0.9055399667649042, 0.8760494050525484, 0.8580306825183687, 0.8647786095028831, 0.8646193458920433, 0.8646816072009859, 0.875402950105213, 0.9192012151082356, 0.8896545228503999, 0.9317830403645833, 0.9324883960542225, 0.8756764729817708, 0.8582894461495536, 0.9453941526867095, 0.8788073857625326, 0.9186557133992512, 0.876895541236514, 1.0483209519159227, 0.95296691712879, 0.8676924024309431, 0.8936303456624348, 0.8679186957223075, 0.8733665375482469, 0.8510680425734747, 0.8510274432954335, 0.852354231334868, 0.8446232023693266], "iden": [0.0, 0.0, 0.0, 0.0, 0.0, 0.0, 0.0, 0.0, 0.0, 0.0, 0.0, 0.0, 0.0, 0.0, 0.0, 0.0, 0.0, 0.0, 0.0, 0.0, 0.0, 0.0, 0.0, 0.0, 0.0, 0.0, 0.0, 0.0, 0.0, 0.0, 0.0, 0.0, 0.0, 0.0, 0.0, 0.0, 0.0, 0.0, 0.0, 0.0, 0.0, 0.0, 0.0, 0.0, 0.0, 0.0, 0.0, 0.0, 0.0, 0.0], "fwd": [5.6684328715006504, 4.850952784220378, 0.6777162778945196, 2.100493317558652, 0.5896824882144021, 0.5790072395688012, 0.679411320459275, 0.5451456932794481, 0.5057554699125744, 0.7024215516589937, 0.5290437425885882, 0.5530998366219657, 0.48903428940545945, 0.48117326554797946, 0.3929715383620489, 0.4118930498758952, 0.436784063066755, 0.3994456245785668, 0.4100294567289806, 0.5183891795930409, 0.47334512074788415, 0.4633300190880185, 0.42869760876610163, 0.42934949057442806, 0.3998589288620722, 0.3818402063278925, 0.38858815601893837, 0.3884288924080985, 0.3884911310105097, 0.3992124966212681, 0.44301076162429087, 0.41346404665992376, 0.45559249605451313, 0.45629791986374624, 0.399486019497826, 0.3820990153721401, 0.4692036764962333, 0.4026169322785877, 0.4424651917957124, 0.4007051104591006, 0.572130521138509, 0.47677641823178246, 0.39150197165352957, 0.41743984676542734, 0.3917281741187686, 0.3971760613577706, 0.3748775663829985, 0.3748369671049572, 0.37616380055745446, 0.36843266941252206], "bwd": [0.0, 0.0, 0.0, 0.0, 0.0, 0.0, 0.0, 0.0, 0.0, 0.0, 0.0, 0.0, 0.0, 0.0, 0.0, 0.0, 0.0, 0.0, 0.0, 0.0, 0.0, 0.0, 0.0, 0.0, 0.0, 0.0, 0.0, 0.0, 0.0, 0.0, 0.0, 0.0, 0.0, 0.0, 0.0, 0.0, 0.0, 0.0, 0.0, 0.0, 0.0, 0.0, 0.0, 0.0, 0.0, 0.0, 0.0, 0.0, 0.0, 0.0], "cons": [0.0, 0.0, 0.0, 0.0, 0.0, 0.0, 0.0, 0.0, 0.0, 0.0, 0.0, 0.0, 0.0, 0.0, 0.0, 0.0, 0.0, 0.0, 0.0, 0.0, 0.0, 0.0, 0.0, 0.0, 0.0, 0.0, 0.0, 0.0, 0.0, 0.0, 0.0, 0.0, 0.0, 0.0, 0.0, 0.0, 0.0, 0.0, 0.0, 0.0, 0.0, 0.0, 0.0, 0.0, 0.0, 0.0, 0.0, 0.0, 0.0, 0.0], "eigen": [0.47619047619047616, 0.47619047619047616, 0.47619047619047616, 0.47619047619047616, 0.47619047619047616, 0.47619047619047616, 0.47619047619047616, 0.47619047619047616, 0.47619047619047616, 0.47619047619047616, 0.47619047619047616, 0.47619047619047616, 0.47619047619047616, 0.47619047619047616, 0.47619047619047616, 0.47619047619047616, 0.47619047619047616, 0.47619047619047616, 0.47619047619047616, 0.47619047619047616, 0.47619047619047616, 0.47619047619047616, 0.47619047619047616, 0.47619047619047616, 0.47619047619047616, 0.47619047619047616, 0.47619047619047616, 0.47619047619047616, 0.47619047619047616, 0.47619047619047616, 0.47619047619047616, 0.47619047619047616, 0.47619047619047616, 0.47619047619047616, 0.47619047619047616, 0.47619047619047616, 0.47619047619047616, 0.47619047619047616, 0.47619047619047616, 0.47619047619047616, 0.47619047619047616, 0.47619047619047616, 0.47619047619047616, 0.47619047619047616, 0.47619047619047616, 0.47619047619047616, 0.47619047619047616, 0.47619047619047616, 0.47619047619047616, 0.47619047619047616], "fwd_val": [36.86309242248535, 1.6311522589789496, 7.550124380323622, 1.7813590632544622, 0.7665154933929443, 2.1425909996032715, 1.088614092932807, 1.0030522876315646, 1.204286734263102, 1.5626012219323053, 1.022809796863132, 0.9750000635782877, 0.6812561088138156, 0.43881045447455513, 0.3254094256295098, 0.6562018659379747, 0.31415503554873997, 0.49091998736063636, 0.853770891825358, 1.0940773752000597, 0.626832127571106, 0.7166164186265733, 0.4725072118971083, 0.5172912809583876, 0.2893037001291911, 0.4234410524368286, 0.3435353702969022, 0.3153318564097086, 0.48448236783345544, 0.6855276160769992, 0.3786142137315538, 0.5213326613108317, 0.6804126368628608, 0.433413995636834, 0.26423268847995335, 0.6810503005981445, 0.3214010265138414, 0.6593828466203477, 0.31274194187588167, 0.7911630206637912, 0.5500485632154677, 0.34043455123901367, 0.3927920129564073, 0.31950240002738106, 0.4509765307108561, 0.2676614787843492, 0.2553941408793131, 0.2524346245659722, 0.26759980784522164, 0.25479074319203693], "testAccuracy": [0.06551588326692581, 0.07661128789186478, 0.07057596743106842, 0.07166773825883865, 0.06956850737333298, 0.06802313029766083, 0.06624266505241394, 0.0647135078907013, 0.06609919667243958, 0.061587508767843246, 0.060381144285202026, 0.06073087081313133, 0.06172294169664383, 0.06114489212632179, 0.06265498697757721], "testStd": [0.0, 0.0, 0.0, 0.0, 0.0, 0.0, 0.0, 0.0, 0.0, 0.0, 0.0, 0.0, 0.0, 0.0, 0.0]}, "8e-1": {"loss": [19.722310747419083, 9.813374473935081, 2.9763151804606123, 1.3237347375778925, 1.0308524994623094, 0.9651588712419782, 0.9183118456885928, 0.9029850278581892, 0.8835461934407551, 0.8843579973493303, 0.8854101725987026, 0.9728339513142903, 0.8903194155011858, 0.9916562579926991, 0.8866277422223773, 0.8850297473725819, 0.8614548728579567, 0.8902274994623094, 0.9000433058965773, 0.8833213079543341, 0.8911426180884952, 0.8880488077799479, 0.879456293015253, 0.8650601704915365, 0.9386688414074126, 0.8703378949846541, 0.8904999778384255, 0.9228320802961077, 0.9135596865699405, 0.9405148369925362, 0.8815386635916573, 0.8828860691615513, 0.8773008982340496, 0.8703373954409644, 0.8664710181100028, 0.8562423615228563, 0.8540084475562686, 0.8724757603236608, 0.8971233822050548, 0.8733723504202706, 0.8664106641496931, 0.8787504831949869, 0.9138728550502233, 0.8790430341448103, 0.8760508582705543, 0.8744921003069197, 0.8877885455176944, 0.8660400935581751, 0.9214693251110259, 0.9169721149262928], "iden": [0.0, 0.0, 0.0, 0.0, 0.0, 0.0, 0.0, 0.0, 0.0, 0.0, 0.0, 0.0, 0.0, 0.0, 0.0, 0.0, 0.0, 0.0, 0.0, 0.0, 0.0, 0.0, 0.0, 0.0, 0.0, 0.0, 0.0, 0.0, 0.0, 0.0, 0.0, 0.0, 0.0, 0.0, 0.0, 0.0, 0.0, 0.0, 0.0, 0.0, 0.0, 0.0, 0.0, 0.0, 0.0, 0.0, 0.0, 0.0, 0.0, 0.0], "fwd": [19.24612027122861, 9.337183906918481, 2.500124704270136, 0.8475442159743536, 0.5546620459783644, 0.4889683723449707, 0.44212139220464797, 0.42679461978730704, 0.40735569454374765, 0.4081674984523228, 0.40921965099516366, 0.49664349783034556, 0.41412898472377235, 0.5154657363891602, 0.41043726603190106, 0.4088392484755743, 0.3852644193740118, 0.4140370459783645, 0.4238527615865072, 0.4071308317638579, 0.4149520964849563, 0.4118583315894717, 0.4032657941182454, 0.3888696488879976, 0.4624783652169364, 0.3941474187941778, 0.4143094562348866, 0.44664160410563153, 0.43736925579252695, 0.4643243608020601, 0.40534816469464985, 0.4066956156776065, 0.4011104106903076, 0.3941469192504883, 0.3902805419195266, 0.38005187397911433, 0.3778179259527297, 0.3962852614266532, 0.42093290601457867, 0.39718187422979445, 0.39022018795921687, 0.4025600070045108, 0.437682412919544, 0.40285253524780273, 0.39986042749314077, 0.3983016014099121, 0.4115980693272182, 0.38984965142749606, 0.4452788262140184, 0.4407815706162226], "bwd": [0.0, 0.0, 0.0, 0.0, 0.0, 0.0, 0.0, 0.0, 0.0, 0.0, 0.0, 0.0, 0.0, 0.0, 0.0, 0.0, 0.0, 0.0, 0.0, 0.0, 0.0, 0.0, 0.0, 0.0, 0.0, 0.0, 0.0, 0.0, 0.0, 0.0, 0.0, 0.0, 0.0, 0.0, 0.0, 0.0, 0.0, 0.0, 0.0, 0.0, 0.0, 0.0, 0.0, 0.0, 0.0, 0.0, 0.0, 0.0, 0.0, 0.0],