{"average": {"gaussianElement": {"1e0": {"loss": [
                    0.08468892694063927,
                    0.0826131393920341,
                    0.07455424130235089,
                    0.06915074178617295,
                    0.06703602690674942,
                    0.06576389678537028,
                    0.06504989693698274,
                    0.06523555947221032,
                    0.0662411763787814,
                    0.0666170303135702
                ], "iden": [
                    0.016635654397206764,
                    0.013602247194612407,
                    0.00725526330677886,
                    0.0033536412400197767,
                    0.0015042666430887023,
                    0.0016658163506146435,
                    0.0009791884792449811,
                    0.0011155334237503678,
                    0.0013585723154076702,
                    0.0015363164144019557
                ], "fwd": [
                    0.012896597004372234,
                    0.013677042260017569,
                    0.01153895931156803,
                    0.009053311282641268,
                    0.007666286485924568,
                    0.0052147111936246965,
                    0.004176579218476874,
                    0.003061111223752096,
                    0.002739398991136246,
                    0.0020084056680060958
                ], "bwd": [
                    0.0,
                    0.0,
                    0.0,
                    0.0,
                    0.0,
                    0.0,
                    0.0,
                    0.0,
                    0.0,
                    0.0
                ], "cons": [
                    0.0,
                    0.0,
                    0.0,
                    0.0,
                    0.0,
                    0.0,
                    0.0,
                    0.0,
                    0.0,
                    0.0
                ], "eigen": [
                    0.05515667455925789,
                    0.0553338446029245,
                    0.055760021895578465,
                    0.056743786487405155,
                    0.05786547595507478,
                    0.05888335971527448,
                    0.059894122217343825,
                    0.061058914008205886,
                    0.0621432055077052,
                    0.06307230937426493
                ], "fwd_val": [
                    0.015910317980340906,
                    0.014562618545288048,
                    0.012066632653204139,
                    0.007992438660055735,
                    0.005487620218652458,
                    0.00680993156036701,
                    0.004602179243176839,
                    0.0031860960128562653,
                    0.0014983877875570707,
                    0.0017139073821225603
                ]
            }
        }, "gaussianEigen": {"1e0": {"loss": [
                    0.24707917513912672,
                    0.23733041144941494,
                    0.22848039740296805,
                    0.2245797631947417,
                    0.2205232245737015,
                    0.22093323311304938,
                    0.2217068606860017,
                    0.2209613120719178,
                    0.22074735458583047,
                    0.22057457492776114
                ], "iden": [
                    0.017965670372253138,
                    0.012247863316644817,
                    0.006907114264083235,
                    0.004173295791835001,
                    0.001374752663041903,
                    0.0014374888650902874,
                    0.0017996793468248898,
                    0.0013501265277601267,
                    0.001209659010307974,
                    0.001131622976364066
                ], "fwd": [
                    0.013666988181196936,
                    0.009030245428215967,
                    0.0049174739889902615,
                    0.003191179989679763,
                    0.0012247670186709052,
                    0.001268327617209796,
                    0.0015730240573621776,
                    0.0012211274882974145,
                    0.0010110482777634711,
                    0.0009778475652546643
                ], "bwd": [
                    0.0,
                    0.0,
                    0.0,
                    0.0,
                    0.0,
                    0.0,
                    0.0,
                    0.0,
                    0.0,
                    0.0
                ], "cons": [
                    0.0,
                    0.0,
                    0.0,
                    0.0,
                    0.0,
                    0.0,
                    0.0,
                    0.0,
                    0.0,
                    0.0
                ], "eigen": [
                    0.215446525512765,
                    0.21605228724544995,
                    0.21665579978733845,
                    0.21721528871963014,
                    0.21792371632301644,
                    0.218227420223358,
                    0.21833413703256546,
                    0.21839006415240841,
                    0.21852663554013046,
                    0.21846507999994982
                ], "fwd_val": [
                    0.011421360999297789,
                    0.006800248583061876,
                    0.0037150880420841457,
                    0.001905472328265508,
                    0.0017032637838244246,
                    0.0011577033790221346,
                    0.0012154949352073208,
                    0.001233445945377319,
                    0.0010408551616657184,
                    0.0008038281539572034
                ]
            }
        }
    }
}