{"none": {"gaussianElement": {"1e0": {"loss": [1.1670508975074403, 1.1552538553873697, 1.1285113561721076, 1.1222342354910715, 1.1278109232584634, 1.114925493512835, 1.0918373289562406, 1.0784485771542502, 1.0755617050897506, 1.0724637531098866, 1.0676784878685361, 1.0647764296758744, 1.0598519098191037, 1.0555728004092262, 1.0517046065557571, 1.0471392676943823, 1.0422390710739862, 1.0373629433768137, 1.0322336832682293, 1.027499498639788], "iden": [0.0, 0.0, 0.0, 0.0, 0.0, 0.0, 0.0, 0.0, 0.0, 0.0, 0.0, 0.0, 0.0, 0.0, 0.0, 0.0, 0.0, 0.0, 0.0, 0.0], "fwd": [0.6908604303995769, 0.6790633882795062, 0.6523208799816314, 0.6460437502179828, 0.6516204198201497, 0.6387349991571336, 0.6156468436831519, 0.6022580918811616, 0.5993712107340495, 0.5962732405889601, 0.5914880025954474, 0.5885859444027857, 0.5836614154634021, 0.57938232421875, 0.575514148530506, 0.5709488096691313, 0.5660486130487351, 0.5611724490211123, 0.5560432070777529, 0.5513090678623744], "bwd": [0.0, 0.0, 0.0, 0.0, 0.0, 0.0, 0.0, 0.0, 0.0, 0.0, 0.0, 0.0, 0.0, 0.0, 0.0, 0.0, 0.0, 0.0, 0.0, 0.0], "cons": [0.0, 0.0, 0.0, 0.0, 0.0, 0.0, 0.0, 0.0, 0.0, 0.0, 0.0, 0.0, 0.0, 0.0, 0.0, 0.0, 0.0, 0.0, 0.0, 0.0], "eigen": [0.47619047619047616, 0.47619047619047616, 0.47619047619047616, 0.47619047619047616, 0.47619047619047616, 0.47619047619047616, 0.47619047619047616, 0.47619047619047616, 0.47619047619047616, 0.47619047619047616, 0.47619047619047616, 0.47619047619047616, 0.47619047619047616, 0.47619047619047616, 0.47619047619047616, 0.47619047619047616, 0.47619047619047616, 0.47619047619047616, 0.47619047619047616, 0.47619047619047616], "fwd_val": [2.6611039903428817, 2.5405643886990017, 2.471124182807075, 2.5122979058159722, 2.4716070387098523, 2.3644412994384765, 2.2834051767985026, 2.266108067830404, 2.2558221181233726, 2.233093727959527, 2.2188020918104385, 2.196362601386176, 2.1769913143581814, 2.157605997721354, 2.138032404581706, 2.1161223941379124, 2.093176057603624, 2.0703739166259765, 2.047415500217014, 2.0258120642768014], "testAccuracy": [0.06417879462242126, 0.06427624076604843, 0.05736900866031647, 0.3567144274711609, 0.6494318246841431, 0.7333764433860779, 0.7754518389701843], "testStd": [0.0, 0.0, 0.0, 0.0, 0.0, 0.0, 0.0]}}, "unitPerturb": {"1e0": {"loss": [1.1716173262823195, 1.0026406969342914, 0.882385980515253, 0.8352588199433827, 0.7340416499546596, 0.7327550524757022, 0.675958724248977, 0.679621206011091, 0.6715785526093982, 0.6532924742925734, 0.6706859770275299, 0.6599753061930338, 0.6481273832775298, 0.6525503521873837, 0.6482986268543062, 0.664007904416039, 0.6467544918968564, 0.6963456290108818, 0.6505891436622256, 0.6405625933692569], "iden": [0.0, 0.0, 0.0, 0.0, 0.0, 0.0, 0.0, 0.0, 0.0, 0.0, 0.0, 0.0, 0.0, 0.0, 0.0, 0.0, 0.0, 0.0, 0.0, 0.0], "fwd": [0.6954268591744559, 0.5264502025785901, 0.40619550432477675, 0.3590683482942127, 0.25785117830548965, 0.2565645740145729, 0.19976826168241954, 0.203430750256493, 0.1953880855015346, 0.17710198901948476, 0.19449548721313478, 0.18378482773190455, 0.17193692298162552, 0.17635988280886694, 0.17210815293448312, 0.18781744412013462, 0.17056400435311453, 0.22015514600844605, 0.17439865838913687, 0.16437212399074008], "bwd": [0.0, 0.0, 0.0, 0.0, 0.0, 0.0, 0.0, 0.0, 0.0, 0.0, 0.0, 0.0, 0.0, 0.0, 0.0, 0.0, 0.0, 0.0, 0.0, 0.0], "cons": [0.0, 0.0, 0.0, 0.0, 0.0, 0.0, 0.0, 0.0, 0.0, 0.0, 0.0, 0.0, 0.0, 0.0, 0.0, 0.0, 0.0, 0.0, 0.0, 0.0], "eigen": [0.47619047619047616, 0.47619047619047616, 0.47619047619047616, 0.47619047619047616, 0.47619047619047616, 0.47619047619047616, 0.47619047619047616, 0.47619047619047616, 0.47619047619047616, 0.47619047619047616, 0.47619047619047616, 0.47619047619047616, 0.47619047619047616, 0.47619047619047616, 0.47619047619047616, 0.47619047619047616, 0.47619047619047616, 0.47619047619047616, 0.47619047619047616, 0.47619047619047616], "fwd_val": [2.1641765594482427, 1.3995738771226673, 1.2416011810302734, 0.659155093299018, 0.7637094762590195, 0.43734271791246204, 0.40523132218254937, 0.41136322551303445, 0.2894537952211168, 0.40411306487189397, 0.3432263082928128, 0.25231341256035694, 0.31483521196577285, 0.28196950753529865, 0.33860800531175406, 0.29416213035583494, 0.3004224406348334, 0.4126112169689603, 0.2193522771199544, 0.25024889045291476], "testAccuracy": [0.15519188344478607, 0.12633171677589417, 0.1984102725982666, 0.15792247653007507, 0.11524385958909988, 0.06319861114025116, 0.05683338642120361], "testStd": [0.0, 0.0, 0.0, 0.0, 0.0, 0.0, 0.0]}}}, "unit_circle_mse": {"gaussianElement": {"1e0": {"loss": [1.031816173735119, 1.0224850064232236, 0.9966679527646018, 0.9786898658389138, 0.9616810208275206, 0.9477964673723493, 0.9395515441894531, 0.9339603424072266, 0.9275147755940756, 0.9215041569301061, 0.9151887802850632, 0.9087894984654019, 0.9022604987734841, 0.8964432125999814, 0.8908573695591517, 0.8851374308268228, 0.8807451883951825, 0.8765227181570869, 0.871899922688802, 0.8676276434035529], "iden": [0.0, 0.0, 0.0, 0.0, 0.0, 0.0, 0.0, 0.0, 0.0, 0.0, 0.0, 0.0, 0.0, 0.0, 0.0, 0.0, 0.0, 0.0, 0.0, 0.0], "fwd": [0.6912996564592635, 0.6830307824271065, 0.6582234882173085, 0.64120606921968, 0.6251032874697731, 0.6120834350585938, 0.6046768551781063, 0.5999023165021624, 0.594255238487607, 0.5890270687284924, 0.5834774017333983, 0.5778266089303152, 0.5720297768002464, 0.5669311069306873, 0.5620516731625512, 0.5570270356677828, 0.5533190046037946, 0.5497706912812733, 0.5458103543236142, 0.5421869732084729], "bwd": [0.0, 0.0, 0.0, 0.0, 0.0, 0.0, 0.0, 0.0, 0.0, 0.0, 0.0, 0.0, 0.0, 0.0, 0.0, 0.0, 0.0, 0.0, 0.0, 0.0], "cons": [0.0, 0.0, 0.0, 0.0, 0.0, 0.0, 0.0, 0.0, 0.0, 0.0, 0.0, 0.0, 0.0, 0.0, 0.0, 0.0, 0.0, 0.0, 0.0, 0.0], "eigen": [0.34051649002801804, 0.339454223996117, 0.3384444736299061, 0.33748383294968376, 0.3365777469816662, 0.3357130186898368, 0.3348746799287342, 0.3340580440702892, 0.3332595325651623, 0.3324771063668387, 0.3317113921755836, 0.3309629122416179, 0.330230712890625, 0.32951210112798784, 0.3288056827726818, 0.32811035882859, 0.32742618379138766, 0.32675201779320123, 0.32608955019996283, 0.32544067927769255], "fwd_val": [2.673360909356011, 2.5721186743842233, 2.46827769809299, 2.405813768174913, 2.3317621866861975, 2.296787389119466, 2.2728406270345056, 2.250029797024197, 2.2235028160942925, 2.195857705010308, 2.17061636182997, 2.142689344618055, 2.119039111667209, 2.0940950181749134, 2.072983508639866, 2.0530007680257163, 2.036569341023763, 2.0200366973876953, 2.002895948621962, 1.9842048221164277], "testAccuracy": [0.07360436767339706, 0.056005340069532394, 0.11364222317934036, 0.4514807462692261, 0.6821734309196472, 0.749117910861969, 0.7713503837585449], "testStd": [0.0, 0.0, 0.0, 0.0, 0.0, 0.0, 0.0]}}, "unitPerturb": {"1e0": {"loss": [0.9569093250093008, 0.64750733148484, 0.4579641614641462, 0.3434785933721633, 0.299620855422247, 0.2913868767874581, 0.28321480523972287, 0.2760666756402879, 0.2715961910429455, 0.2578857149396624, 0.26406278610229494, 0.24897587639944896, 0.2487373397463844, 0.24678844724382673, 0.25322679792131697, 0.2484327270871117, 0.24247728075299943, 0.2558581443060012, 0.2609872227623349, 0.30390183130900067], "iden": [0.0, 0.0, 0.0, 0.0, 0.0, 0.0, 0.0, 0.0, 0.0, 0.0, 0.0, 0.0, 0.0, 0.0, 0.0, 0.0, 0.0, 0.0, 0.0, 0.0], "fwd": [0.8643373398553758, 0.5560420899164109, 0.36737021037510464, 0.2536192939394996, 0.21042522702898298, 0.20277570996965683, 0.1951223714011056, 0.18844435555594308, 0.18439791997273763, 0.17109166781107582, 0.17765413465954008, 0.16295195988246375, 0.1631044319697789, 0.1615536962236677, 0.1683814798082624, 0.1639580068134126, 0.1583477633340018, 0.17206676119849798, 0.17752879006522043, 0.22075465747288298], "bwd": [0.0, 0.0, 0.0, 0.0, 0.0, 0.0, 0.0, 0.0, 0.0, 0.0, 0.0, 0.0, 0.0, 0.0, 0.0, 0.0, 0.0, 0.0, 0.0, 0.0], "cons": [0.0, 0.0, 0.0, 0.0, 0.0, 0.0, 0.0, 0.0, 0.0, 0.0, 0.0, 0.0, 0.0, 0.0, 0.0, 0.0, 0.0, 0.0, 0.0, 0.0],