{"none-consistent": {"gaussianElement": {"1e0": {"loss": [0.6018900088886511, 0.5514994953683886, 0.4977131789859208, 0.4384772499583809, 0.3896011793813023, 0.36280483205205954, 0.29722499063570207, 0.2600730861158676, 0.2239968217126855, 0.1631408087557672, 0.14520527042754708, 0.12870941394358829, 0.12592940192607258, 0.12840610080295137, 0.1274183671042618, 0.12614242112436977, 0.1257994908720391, 0.12436393377806317, 0.12636491610034958, 0.12766540155744624], "iden": [0.0, 0.0, 0.0, 0.0, 0.0, 0.0, 0.0, 0.0, 0.0, 0.0, 0.0, 0.0, 0.0, 0.0, 0.0, 0.0, 0.0, 0.0, 0.0, 0.0], "fwd": [0.192894811064141, 0.18552857374310314, 0.17585688435686597, 0.1650353000588613, 0.146797586612324, 0.1437769502265268, 0.11150215880511559, 0.09646812915076224, 0.06813258573163408, 0.039848637689738516, 0.03434749701977502, 0.024059442552075903, 0.021996629038539287, 0.022435153165727265, 0.02379939980702857, 0.020889338547054853, 0.02416438214492217, 0.021919692923489224, 0.02303172420693315, 0.02372469038360921], "bwd": [0.17889601523836274, 0.17983233845215774, 0.18560615826959478, 0.169054954599935, 0.15254941592659219, 0.1316640991417059, 0.10216214384662507, 0.07858270980996085, 0.07243528001384648, 0.041220706710350934, 0.02776795563541772, 0.023033049693572102, 0.02206595457489269, 0.024881299790363517, 0.022078821271703308, 0.024775584670325212, 0.022123272147715728, 0.023572212362398298, 0.024453121346607237, 0.0246705273061401], "cons": [0.005229043946055698, 0.005203049907945608, 0.0051835844193782255, 0.005169519822165666, 0.005157939754120292, 0.0051477404322979835, 0.0051379808806211805, 0.0051273396461521655, 0.00511596832972139, 0.005102201987256379, 0.005083790632506302, 0.005061862347514299, 0.005037259866839312, 0.00501138734744927, 0.004987726829912019, 0.004966247721168367, 0.004943639235590872, 0.004921113448237357, 0.004899943538996726, 0.004879575290999275], "eigen": [0.06575342465753424, 0.06575342465753424, 0.06575342465753424, 0.06575342465753424, 0.06575342465753424, 0.06575342465753424, 0.06575342465753424, 0.06575342465753424, 0.06575342465753424, 0.06575342465753424, 0.06575342465753424, 0.06575342465753424, 0.06575342465753424, 0.06575342465753424, 0.06575342465753424, 0.06575342465753424, 0.06575342465753424, 0.06575342465753424, 0.06575342465753424, 0.06575342465753424], "fwd_val": [0.1585621398044285, 0.16359020994353282, 0.1556362732724995, 0.14493469048493407, 0.133318043689349, 0.11509251572147723, 0.10294126264523001, 0.06981367253514943, 0.0485572264806212, 0.03629920431285281, 0.02904911993558344, 0.033173325277117076, 0.029669689567448688, 0.027336538013948655, 0.030362545444129682, 0.03309598206769889, 0.03252691820751769, 0.03399001486635438, 0.02657944592684747, 0.03107634985792464], "testAccuracy": [0.05190643202513456, 0.07821648009121418, 0.09823525945345561, 0.10558920043210189, 0.1322852292408546, 0.13537715623776117, 0.14186918114622435, 0.13916748886307082, 0.14768749723831812, 0.14270222435394922, 0.13297343626618385, 0.11965768784284592, 0.10983018701275189, 0.10062927256027858, 0.09554350997010867, 0.09363144760330518, 0.09099484855930011, 0.09014623487989108, 0.08817799886067708, 0.0864737406373024, 0.08329915627837181, 0.08026168992122014, 0.07837420950333278, 0.07337602103749911, 0.07097337146600087, 0.06856555305421352, 0.06559166871011257, 0.0628567033757766, 0.060966417814294495], "testStd": [0.030704951842004318, 0.042685090508615096, 0.05902943759409747, 0.060233518440086994, 0.05898459855917991, 0.04811818051402934, 0.046186762607435594, 0.03584895694167701, 0.026662469085141607, 0.02672628733938191, 0.018404804772255746, 0.01445571449804223, 0.016709001858587723, 0.018000834873438558, 0.01913143956775542, 0.019661276443920205, 0.01584188565711623, 0.014744280083662015, 0.013531838601728992, 0.01201805846396404, 0.013355202008349172, 0.01349276222809494, 0.016531131446543845, 0.012486382550241917, 0.010853168401255787, 0.010779887623075761, 0.008473657909737366, 0.00970537503297624, 0.009918128400377157]}}}}