{"none-consistent": {"gaussianElement": {"1e0": {"loss": [374.933, 312.4387, 293.1978, 273.08456666666666, 267.0509, 259.89226666666667, 269.51261666666664, 264.54786666666666, 258.95526666666666, 252.17133333333334, 248.87166666666667, 252.76215, 245.38528333333332, 251.53398333333334, 245.04855, 246.80256666666668, 244.58756666666667, 244.00391666666667, 242.8728, 241.33078333333333, 243.28443333333334, 244.20321666666666, 240.07683333333333, 238.49711666666667, 235.29965], "iden": [0.0, 0.0, 0.0, 0.0, 0.0, 0.0, 0.0, 0.0, 0.0, 0.0, 0.0, 0.0, 0.0, 0.0, 0.0, 0.0, 0.0, 0.0, 0.0, 0.0, 0.0, 0.0, 0.0, 0.0, 0.0], "fwd": [36.9658625, 28.7762375, 26.882722916666665, 26.206345833333334, 25.92351875, 24.91206875, 28.149172916666668, 28.912102083333334, 25.004195833333334, 27.042889583333334, 26.383322916666668, 25.553035416666667, 24.340416666666666, 25.762747916666665, 23.7815625, 22.149020833333335, 22.690347916666667, 24.154516666666666, 24.178291666666667, 21.907560416666666, 20.976077083333333, 19.001027083333334, 18.639829166666665, 19.6707, 17.16895], "bwd": [39.876412978108725, 38.59596336771647, 41.14815259195964, 39.23436772969564, 39.62545417582194, 40.16765467631022, 40.669966313680014, 38.140040258789064, 41.35780053304036, 36.29692655131022, 36.640395232137045, 39.428360596720374, 37.22810575968425, 36.357731493123374, 38.20445401407878, 39.46546945495606, 38.724764723714195, 38.36457946675618, 37.14774764912923, 37.84838698628744, 40.546528281656904, 42.74944879150391, 40.56075654805501, 38.97732049255371, 39.81712466125488], "cons": [0.23715899175008137, 0.22622566553751627, 0.22288384278615317, 0.21995415643056235, 0.2180137507756551, 0.2158458625793457, 0.2157198793411255, 0.21770811475118002, 0.2187513126373291, 0.2208590284347534, 0.22345408960978191, 0.22637019182840984, 0.22229002424875896, 0.22374972922007244, 0.22517505652109782, 0.22845817426045736, 0.22932965571085612, 0.2292370672225952, 0.22830301717122395, 0.22688327007293702, 0.22598770669301352, 0.22817236213684083, 0.22464928379058838, 0.2243123929977417, 0.2260545166651408], "eigen": [125.33333333333333, 125.33333333333333, 125.33333333333333, 125.33333333333333, 125.33333333333333, 125.33333333333333, 125.33333333333333, 125.33333333333333, 125.33333333333333, 125.33333333333333, 125.33333333333333, 125.33333333333333, 125.33333333333333, 125.33333333333333, 125.33333333333333, 125.33333333333333, 125.33333333333333, 125.33333333333333, 125.33333333333333, 125.33333333333333, 125.33333333333333, 125.33333333333333, 125.33333333333333, 125.33333333333333, 125.33333333333333], "fwd_val": [30.681160804748536, 23.46004123687744, 25.873417526245117, 29.09603810119629, 36.20079929351807, 22.39829273223877, 26.160314559936523, 23.3415987701416, 22.5407638092041, 23.27550834655762, 31.1170343170166, 24.5222163772583, 24.282559364318846, 26.258794723510743, 20.880898780822754, 27.313064918518066, 24.656811248779295, 22.792174095153808, 20.321864448547363, 24.41102624511719, 23.598883232116698, 20.665703453063966, 20.553925437927248, 19.21332433319092, 16.766023063659667], "testAccuracy": [23.503486557612344, 21.26549508836534, 22.085567890651642, 22.163324969155447, 23.057123388562882, 23.929425769382053, 24.030484419020397, 24.52560863797627, 25.040459875076536, 25.828026960766504, 26.613205712939067, 27.463275122264076, 28.676214959886337, 29.976519804152232, 30.60716123807998, 30.798821305471755, 31.73067908059983, 32.376027500818644, 32.61999667636932, 32.21574407153659, 33.6734495541406, 34.40858677455357, 34.42147205746363], "testStd": [17.208340249074674, 15.785587833862403, 15.46922183716204, 15.835770334252473, 16.723966023173436, 18.1594854524596, 18.680512092052485, 19.4300341647466, 20.398300551319583, 20.35290207596921, 20.41288272604379, 21.69300440031172, 22.658494581332555, 23.180355786993708, 22.910514364423523, 22.487451505941674, 23.988784289419876, 24.42743077791443, 23.584749671370925, 23.05855855514008, 24.593481960969708, 25.55338386499364, 26.038563565833865]}}}, "unit_circle_mse-consistent": {"gaussianElement": {"1e0": {"loss": [385.8835, 288.0203, 278.11705, 263.95138333333335, 263.1503666666667, 259.882, 247.77513333333334, 250.66161666666667, 251.28016666666667, 250.29651666666666, 243.1019, 244.5817, 243.27198333333334, 243.15395, 242.19905, 241.93386666666666, 237.47786666666667, 242.4383, 238.88091666666668, 234.91206666666668, 236.58498333333333, 235.18916666666667, 242.206, 238.8544, 239.19021666666666], "iden": [0.0, 0.0, 0.0, 0.0, 0.0, 0.0, 0.0, 0.0, 0.0, 0.0, 0.0, 0.0, 0.0, 0.0, 0.0, 0.0, 0.0, 0.0, 0.0, 0.0, 0.0, 0.0, 0.0, 0.0, 0.0], "fwd": [34.3380125, 27.848795833333334, 25.8105, 22.97881458333333, 20.748022916666667, 20.7285125, 19.936133333333334, 20.501916666666666, 21.572470833333334, 21.093129166666667, 20.1053625, 19.91573125, 20.31674375, 20.41015625, 20.081135416666665, 20.027925, 20.3781375, 20.2629875, 19.851, 18.547975, 19.3120125, 18.66601875, 21.00438958333333, 19.827935416666666, 20.912791666666667], "bwd": [40.00960453389486, 39.0317185933431, 42.003610559082034, 39.84772964274089, 42.16643353271484, 39.07178135274251, 38.795869856770835, 38.544925986735024, 35.660746435546876, 40.58421732279459, 38.311030157470704, 40.56579350992838, 37.283175490315756, 41.18041478271484, 38.687714926147464, 40.02625174357097, 37.821033087158206, 42.383093291219076, 39.23449399515788, 40.150915360514325, 39.50861438598633, 41.36089066060384, 40.74270412801107, 40.077756345621744, 38.078922532145185], "cons": [0.24363495279947917, 0.22786539808909098, 0.22022592519124348, 0.2143028933207194, 0.21217427355448404, 0.21008188120524088, 0.21344943548838297, 0.21070728073120118, 0.2105966115951538, 0.20893077170054117, 0.20683484649658204, 0.20979637749989827, 0.20499681002298992, 0.20162341537475587, 0.20123180027008056, 0.20513709729512533, 0.2058932019551595, 0.21044753061930338, 0.21148035278320312, 0.20779476337432862, 0.2074310094833374, 0.21190804862976073, 0.2144719430287679, 0.21448928890228272, 0.21408980407714845], "eigen": [125.33333333333333, 125.33333333333333, 125.33333333333333, 125.33333333333333, 125.33333333333333, 125.33333333333333, 125.33333333333333, 125.33333333333333, 125.33333333333333, 125.33333333333333, 125.33333333333333, 125.33333333333333, 125.33333333333333, 125.33333333333333, 125.33333333333333, 125.33333333333333, 125.33333333333333, 125.33333333333333, 125.33333333333333, 125.33333333333333, 125.33333333333333, 125.33333333333333, 125.33333333333333, 125.33333333333333, 125.33333333333333], "fwd_val": [32.86909745788574, 19.858400695800782, 32.67357557678223, 26.21388511657715, 23.741035346984862, 21.39796319580078, 19.89382152557373, 20.0397431640625, 21.810311492919922, 20.322254096984864, 21.340699676513673, 18.091908737182617, 16.67788892364502, 20.047215660095215, 20.85111697387695, 22.977134773254395, 20.79898038482666, 18.05470484161377, 21.975392623901367, 19.20686247253418, 22.941509368896483, 17.599786643981933, 18.644070938110353, 17.83415905761719, 18.857733215332033], "testAccuracy": [24.32165157227289, 22.1508758635748, 22.112212748754594, 22.285704960898748, 22.799872640579466, 23.279955939641074, 24.751532872517902, 25.297764429970393, 25.83441858443003, 26.60559968342857, 27.58364839402456, 28.366191636948358, 28.819356782095774, 29.995020480383012, 31.29434063321068, 31.92462942335341, 31.45896063153706, 32.260033403124126, 33.25622712998163, 33.72292638960339, 33.342413902282715, 34.01945536477225, 35.14029223578317], "testStd": [14.180165121087946, 11.76244060774554, 11.797094643983007, 12.099145997493293, 12.30084118226651, 13.267528742570786, 13.906364772616381, 14.054546597803053, 14.574913349469915, 15.635017238272336, 17.256802992624213, 19.466949071916705, 20.14694486558275, 21.852821438374505, 23.88546508157618, 24.394325969653092, 24.698999438744124, 25.58674659321726, 25.769776549691702, 25.645594322622713, 23.72050008662177, 23.64353339098777, 24.38479188393895]}}}}