{"none": {"gaussianElement": {"1e0": {"loss": [0.2627021462079053, 0.2550365932238156, 0.2356875345587186, 0.23103823587774688, 0.20050916140482306, 0.16932188269210185, 0.1401312506688784, 0.11101163402539953, 0.09858582518416452, 0.09068687125428082, 0.08921099240377069, 0.0885153853185645, 0.0891101534072667, 0.08736605570196561, 0.08838438826608877, 0.08854577469499143, 0.08683071746129423, 0.08798166771457619, 0.08650745687963757, 0.08750479084171661], "iden": [0.0, 0.0, 0.0, 0.0, 0.0, 0.0, 0.0, 0.0, 0.0, 0.0, 0.0, 0.0, 0.0, 0.0, 0.0, 0.0, 0.0, 0.0, 0.0, 0.0], "fwd": [0.1969487159763841, 0.18928316577928794, 0.16993410711419094, 0.16528480564622575, 0.1347557283863085, 0.10356845106708404, 0.07437783297882776, 0.04525821145811037, 0.032832405403868795, 0.02493344589999822, 0.02345757053322988, 0.022761958570785175, 0.023356735717216037, 0.021612630347683005, 0.02263096395692869, 0.022792351430953907, 0.021077290713514912, 0.02222824479891285, 0.020754033615600027, 0.021751365835808185], "bwd": [0.0, 0.0, 0.0, 0.0, 0.0, 0.0, 0.0, 0.0, 0.0, 0.0, 0.0, 0.0, 0.0, 0.0, 0.0, 0.0, 0.0, 0.0, 0.0, 0.0], "cons": [0.0, 0.0, 0.0, 0.0, 0.0, 0.0, 0.0, 0.0, 0.0, 0.0, 0.0, 0.0, 0.0, 0.0, 0.0, 0.0, 0.0, 0.0, 0.0, 0.0], "eigen": [0.06575342465753424, 0.06575342465753424, 0.06575342465753424, 0.06575342465753424, 0.06575342465753424, 0.06575342465753424, 0.06575342465753424, 0.06575342465753424, 0.06575342465753424, 0.06575342465753424, 0.06575342465753424, 0.06575342465753424, 0.06575342465753424, 0.06575342465753424, 0.06575342465753424, 0.06575342465753424, 0.06575342465753424, 0.06575342465753424, 0.06575342465753424, 0.06575342465753424], "fwd_val": [0.1456875336534927, 0.17076222666219815, 0.14197436281256437, 0.14198239892001313, 0.1071809076072705, 0.07961549679246309, 0.06025425138104941, 0.043906231634858725, 0.027044439954074302, 0.03049987004574946, 0.038426776933401297, 0.029675398510243388, 0.03602510737720127, 0.03441411325896996, 0.032772305343845995, 0.031743616499186715, 0.03224202452554411, 0.032820995322364155, 0.03382777745884974, 0.033750913156595404], "testAccuracy": [0.062289691530168056, 0.0693509007493655, 0.0768368486315012, 0.10618738209207852, 0.13017359375953674, 0.14400498941540718, 0.15183929602305093, 0.14305254941185316, 0.15292132770021757, 0.14877668271462122, 0.15130649507045746, 0.1446594869097074, 0.1379690021276474, 0.12982910250624022, 0.12246503432591756, 0.11840533961852391, 0.11695498103896777, 0.1144902544716994, 0.11186281343301137, 0.10754477977752686, 0.10197718689839046, 0.09835529824097951, 0.09285441786050797, 0.0899834968149662, 0.08731250464916229, 0.0837222250799338, 0.08195580293734868, 0.07709035525719325, 0.07491762625674407], "testStd": [0.03125714841561848, 0.03781526802966833, 0.044435928491853766, 0.0445930979959093, 0.04783115610315558, 0.04037607793550131, 0.014990782897069345, 0.016947940969687436, 0.02425127460293195, 0.02840631020939277, 0.0381377250892579, 0.03163975191062923, 0.03228006142227952, 0.026345715061082162, 0.01989163041029241, 0.017638618719651975, 0.01709822777480453, 0.017114861215700227, 0.01847132903888958, 0.017018321250455735, 0.015264302884283685, 0.01636571693088901, 0.016877323902788885, 0.015402716260113107, 0.013470291678957224, 0.014976084711476047, 0.016061460275090214, 0.012663093974278573, 0.012647856962558797]}}, "unitPerturb": {"1e0": {"loss": [0.2439229134337543, 0.21144575841894975, 0.15963134208226312, 0.11855265717528181, 0.1041132845943921, 0.0970613272331621, 0.09122435408640125, 0.09038618113896618, 0.09428129710018907, 0.0890908088858269, 0.0901428152981414, 0.08601910874179508, 0.08515718782329125, 0.08484597680775541, 0.08604769075297874, 0.08147483512146833, 0.08369468375428082, 0.08504063436429794, 0.08343129893960474, 0.08501040523999356], "iden": [0.0, 0.0, 0.0, 0.0, 0.0, 0.0, 0.0, 0.0, 0.0, 0.0, 0.0, 0.0, 0.0, 0.0, 0.0, 0.0, 0.0, 0.0, 0.0, 0.0], "fwd": [0.17816949156321346, 0.14569232261344175, 0.09387791324423873, 0.05279922764050906, 0.03835986133035459, 0.031307901182131136, 0.025470929080492827, 0.02463275682980611, 0.028527871745906465, 0.023337385970163566, 0.02438939307922642, 0.020265685826131745, 0.019403762469008635, 0.019092552498595355, 0.020294262960076876, 0.015721409941372808, 0.017941258051624037, 0.019287209706763696, 0.017677874630444672, 0.01925698267270441], "bwd": [0.0, 0.0, 0.0, 0.0, 0.0, 0.0, 0.0, 0.0, 0.0, 0.0, 0.0, 0.0, 0.0, 0.0, 0.0, 0.0, 0.0, 0.0, 0.0, 0.0], "cons": [0.0, 0.0, 0.0, 0.0, 0.0, 0.0, 0.0, 0.0, 0.0, 0.0, 0.0, 0.0, 0.0, 0.0, 0.0, 0.0, 0.0, 0.0, 0.0, 0.0], "eigen": [0.06575342465753424, 0.06575342465753424, 0.06575342465753424, 0.06575342465753424, 0.06575342465753424, 0.06575342465753424, 0.06575342465753424, 0.06575342465753424, 0.06575342465753424, 0.06575342465753424, 0.06575342465753424, 0.06575342465753424, 0.06575342465753424, 0.06575342465753424, 0.06575342465753424, 0.06575342465753424, 0.06575342465753424, 0.06575342465753424, 0.06575342465753424, 0.06575342465753424], "fwd_val": [0.1458625861796012, 0.09489544620452488, 0.05915311753461903, 0.03773158606315773, 0.03328027198280113, 0.027803507960744912, 0.023792500916310556, 0.05236584142978257, 0.021161885557159327, 0.027110927529189133, 0.021784609258654806, 0.021247169097072645, 0.018285380517419028, 0.01996557441406588, 0.019965279217503497, 0.019384395668280107, 0.01943820912192985, 0.020901997946502698, 0.019814143861357526, 0.017752491276045352], "testAccuracy": [0.05019375619788965, 0.04381978108237187, 0.051496182257930435, 0.0719428953404228, 0.07451116666197777, 0.09306313563138247, 0.09580818749964237, 0.09015009179711342, 0.08010120379428069, 0.08051508789261182, 0.07820387122531731, 0.07616325592001279, 0.0718964704622825, 0.06962020446856816, 0.06214238330721855, 0.057385340332984924, 0.055770126481850944, 0.05417949582139651, 0.053955753333866596, 0.053995468032856785, 0.053713902831077576, 0.05162598875661691, 0.04867136478424072, 0.04832555912435055, 0.04518620949238539, 0.04434865092237791, 0.04306013292322556, 0.04124495945870876, 0.037421069107949734], "testStd": [0.02156273771450545, 0.026932940850985704, 0.02272656435708596, 0.03731731898125903, 0.04224838667132735, 0.04389216836990583, 0.027274726007573146, 0.029009232991106863, 0.02511916073980718, 0.028599329052960778, 0.03053536460857668, 0.029206649338957554, 0.025317580969110142, 0.020277705641188963, 0.014859432252206917, 0.011412269926493848, 0.011607659963197363, 0.01197031003581127, 0.012982331387034472, 0.013337517634037312, 0.01201936488104431, 0.012909121900275697, 0.012819127940566217, 0.01331185031841777, 0.012847902140953724, 0.012680707904537474, 0.012951652492266902, 0.011798192895965212, 0.009495896202611723]}}}, "unit_circle_mse": {"gaussianElement": {"1e0": {"loss": [0.2336740767248145, 0.22415745007937357, 0.21630645891302797, 0.2062471767756493, 0.18783937219071062, 0.14365356724011843, 0.1192988523718429, 0.08755188127630922, 0.06728577078205264, 0.06235330451024721, 0.06336800771216825, 0.06022376491598887, 0.06106243952224244, 0.060137167455943205, 0.057593615806266055, 0.05751237982484304, 0.05814004349381957, 0.05729745594878175, 0.058995524367241016, 0.05844783626190604], "iden": [0.0, 0.0, 0.0, 0.0, 0.0, 0.0, 0.0, 0.0, 0.0, 0.0, 0.0, 0.0, 0.0, 0.0, 0.0, 0.0, 0.0, 0.0, 0.0, 0.0], "fwd": [0.18826494608839897, 0.1796757890535816, 0.17257456600938212, 0.16312483556738727, 0.1452072436188998, 0.10144357341609589, 0.07752679276139769, 0.04630774789749215, 0.026663340390000713, 0.02240599122765946, 0.02416415314696151, 0.021735254575128423, 0.02328177012265001, 0.023070835479318277, 0.02122809074785067, 0.021775035771060755, 0.022964284539767052, 0.02268525528581175, 0.024908714120246502, 0.02485488508389965], "bwd": [0.0, 0.0, 0.0, 0.0, 0.0, 0.0, 0.0, 0.0, 0.0, 0.0, 0.0, 0.0, 0.0, 0.0, 0.0, 0.0, 0.0, 0.0, 0.0, 0.0], "cons": [0.0, 0.0, 0.0, 0.0, 0.0, 0.0, 0.0, 0.0, 0.0, 0.0, 0.0, 0.0, 0.0, 0.0, 0.0, 0.0, 0.0, 0.0, 0.0, 0.0],