{"AE": {"gaussianElement": {"1e0": {"loss": [0.25868938103476985, 0.2560636430389079, 0.23611606731443824, 0.22996927432636513, 0.20225347463761653, 0.1670448849008871, 0.1372245010538551, 0.11785761631424206, 0.0970405125726848, 0.09161734385033175, 0.08782271293744648, 0.09088717711752044, 0.08637489074985731, 0.08988916173554629, 0.08560180431813047, 0.08790486189146929, 0.08966393318350457, 0.09109847999235991, 0.0892465948514198, 0.08864066067351599], "iden": [0.0, 0.0, 0.0, 0.0, 0.0, 0.0, 0.0, 0.0, 0.0, 0.0, 0.0, 0.0, 0.0, 0.0, 0.0, 0.0, 0.0, 0.0, 0.0, 0.0], "fwd": [0.1929359470872574, 0.19031022767135178, 0.17036264265690404, 0.16421585431381994, 0.1365000592700604, 0.10129145559836378, 0.07147106362260096, 0.05210418004423515, 0.03128708094766695, 0.025863923837786577, 0.02206929002178314, 0.02513375304060984, 0.020621466672946693, 0.02413574114237746, 0.019848377338101693, 0.022151439556429554, 0.023910510267841217, 0.02534505359295478, 0.023493171935756455, 0.022887237177229], "bwd": [0.0, 0.0, 0.0, 0.0, 0.0, 0.0, 0.0, 0.0, 0.0, 0.0, 0.0, 0.0, 0.0, 0.0, 0.0, 0.0, 0.0, 0.0, 0.0, 0.0], "cons": [0.0, 0.0, 0.0, 0.0, 0.0, 0.0, 0.0, 0.0, 0.0, 0.0, 0.0, 0.0, 0.0, 0.0, 0.0, 0.0, 0.0, 0.0, 0.0, 0.0], "eigen": [0.06575342465753424, 0.06575342465753424, 0.06575342465753424, 0.06575342465753424, 0.06575342465753424, 0.06575342465753424, 0.06575342465753424, 0.06575342465753424, 0.06575342465753424, 0.06575342465753424, 0.06575342465753424, 0.06575342465753424, 0.06575342465753424, 0.06575342465753424, 0.06575342465753424, 0.06575342465753424, 0.06575342465753424, 0.06575342465753424, 0.06575342465753424, 0.06575342465753424], "fwd_val": [0.18363562605423245, 0.16482199626908275, 0.15103492273544664, 0.13440134284704908, 0.11729933626217927, 0.08027008478192316, 0.051151603284345405, 0.03724378080247745, 0.03053831331875781, 0.03302988050064603, 0.03138978372993357, 0.031862043856102744, 0.03092540966939747, 0.02525833029134006, 0.03491169112668009, 0.027397133118032577, 0.030069672287118352, 0.032729584733709106, 0.035815468124977316, 0.03021898510567424], "testAccuracy": [0.05950059213986, 0.07175305516769488, 0.09763710262874763, 0.12004843043784301, 0.12326089665293694, 0.13649256651600203, 0.13702905178070068, 0.12753458569447199, 0.12957300369938216, 0.12893357127904892, 0.12861625477671623, 0.12189397712548573, 0.11648896460731824, 0.10988179966807365, 0.10398254419366519, 0.1020201047261556, 0.09999517972270648, 0.09592713167270024, 0.09490797047813733, 0.09259051457047462, 0.08685363518695037, 0.08278761307398479, 0.08004562308390935, 0.07770085955659549, 0.07288159926732381, 0.07025436932841937, 0.06845221978922685, 0.0652252125243346, 0.06410488300025463], "testStd": [0.02716934387530262, 0.03419591049155028, 0.03772837706073929, 0.043727209959105194, 0.05161139376484091, 0.03709140272342923, 0.03961901516268248, 0.048027700040957556, 0.039307530930910786, 0.03847786463098702, 0.03664807970014653, 0.027652698793456637, 0.024223045966748045, 0.020858973626477317, 0.017043267149494116, 0.01814576134052072, 0.019662753273542406, 0.01885261598428774, 0.01863698875180881, 0.018145700791616287, 0.020710322776423415, 0.01720605779674345, 0.017472616043776472, 0.018581957147432868, 0.016078227822177618, 0.015737343959588444, 0.015250324546964277, 0.012748703394828233, 0.01202214933548353]}}}}