{"none-consistent": {"unitPerturb": {"1e0": {"loss": [3.5422058941566785, 1.9530132415632135, 1.0508562479933647, 0.6067660118346889, 0.3478162094882634, 0.3025799476937072, 0.26349423203838473, 0.26962908740457336, 0.2696627960901826, 0.2503171598530251, 0.25114734945776257, 0.2770586127015554, 0.27252354730754136, 0.24041143269299373, 0.2378002776402861, 0.24984416526202197, 0.25326730388484586, 0.2323170561768693, 0.2205549962988727, 0.22012898344971818], "iden": [0.0, 0.0, 0.0, 0.0, 0.0, 0.0, 0.0, 0.0, 0.0, 0.0, 0.0, 0.0, 0.0, 0.0, 0.0, 0.0, 0.0, 0.0, 0.0, 0.0], "fwd": [0.7954745357983732, 0.18785948731583546, 0.09733474592095641, 0.0631926027062821, 0.03490275378640928, 0.03615944222228168, 0.029544333018124376, 0.02966508734716128, 0.022159660025818706, 0.020924729299327552, 0.019090065019860117, 0.02440794330753692, 0.019336986106280322, 0.018091234006838167, 0.018718294465922873, 0.017308805631175976, 0.018599288975267105, 0.018834333550440122, 0.018236951087707797, 0.01885929020572471], "bwd": [