{"none": {"gaussianElement": {"1e0": {"loss": [23.420516666666664, 23.418792916666668, 23.306302916666667, 23.144335833333333, 22.940162916666665, 22.707335416666666, 22.879916666666666, 22.695416666666667, 22.69991791666667, 22.595000416666668, 22.578899999999997, 22.535142083333334, 21.717372500000003, 21.344776666666668, 20.978526666666664, 19.86346125, 18.852203125, 18.12004645833333, 17.535255833333334, 17.756516666666666], "iden": [0.0, 0.0, 0.0, 0.0, 0.0, 0.0, 0.0, 0.0, 0.0, 0.0, 0.0, 0.0, 0.0, 0.0, 0.0, 0.0, 0.0, 0.0, 0.0, 0.0], "fwd": [22.476516249999996, 22.47479375, 22.3623025, 22.20033375, 21.99616125, 21.76333541666667, 21.935917499999995, 21.751417500000002, 21.755919166666665, 21.651000833333335, 21.634898333333332, 21.591141666666665, 20.773371666666666, 20.40077625, 20.0345275, 18.919462708333334, 17.908203125, 17.176047291666666, 16.591256458333334, 16.81251645833333], "bwd": [0.0, 0.0, 0.0, 0.0, 0.0, 0.0, 0.0, 0.0, 0.0, 0.0, 0.0, 0.0, 0.0, 0.0, 0.0, 0.0, 0.0, 0.0, 0.0, 0.0], "cons": [0.0, 0.0, 0.0, 0.0, 0.0, 0.0, 0.0, 0.0, 0.0, 0.0, 0.0, 0.0, 0.0, 0.0, 0.0, 0.0, 0.0, 0.0, 0.0, 0.0], "eigen": [0.944, 0.944, 0.944, 0.944, 0.944, 0.944, 0.944, 0.944, 0.944, 0.944, 0.944, 0.944, 0.944, 0.944, 0.944, 0.944, 0.944, 0.944, 0.944, 0.944], "fwd_val": [42.71651987304687, 42.51859721679688, 42.032077148437494, 41.52986186523437, 41.2811451171875, 40.9201998046875, 40.78304140624999, 40.91011010742187, 40.8092685546875, 40.21315439453125, 40.52537124023438, 40.243311206054685, 37.60173220214843, 37.3653843383789, 33.849283728027345, 31.808138671874996, 29.337389337158204, 27.596228033447268, 27.854903039550784, 28.722230346679687], "testAccuracy": [0.06046269495467035, 0.12442424625138908, 0.2000922301861768, 0.28492834923478466, 0.3682555837246279, 0.41262425590927404, 0.40750162256881595, 0.371989739437898, 0.3376508797518909, 0.2847627253116419, 0.21843518258538097, 0.1509052304609213, 0.09230298992467094, 0.053328276767084994, 0.03966861715404472, 0.05468719955145692, 0.0986162541861025, 0.1615273903347164, 0.2337745634916549, 0.301521457460088, 0.3446645205646443, 0.3661094985048597, 0.35684163581269485, 0.31808818434365094, 0.2670397561741993, 0.2048078793256233, 0.14138660751632415, 0.08642892746138386, 0.051237945749107894], "testStd": [0.058182032823385396, 0.11580628794286439, 0.18329590435701695, 0.2507031071137931, 0.31389359376899983, 0.3511998925739456, 0.3418404811133284, 0.3148577755551552, 0.2791674539745268, 0.23917214598930947, 0.19458770101553896, 0.14479699008952993, 0.09741872756151788, 0.05717191324581785, 0.032202829465653615, 0.049219721097330346, 0.09718372059389575, 0.1561166409056409, 0.21544760905345978, 0.2655952392715419, 0.3012489694433895, 0.3220987391502144, 0.32464640801316896, 0.29709085047251793, 0.25397561521238254, 0.2021778800850564, 0.1460898399627635, 0.09756292497435021, 0.05831820228559239]}}, "unitPerturb": {"1e0": {"loss": [23.25248416666667, 22.359732916666665, 21.609352083333334, 20.510236666666664, 19.394316041666666, 18.6286875, 18.143438124999996, 18.057888541666664, 17.79077708333333, 17.966289375, 17.585499166666665, 17.89979625, 16.870307083333334, 17.817673958333337, 17.430340833333332, 17.543401666666668, 17.547255208333333, 17.031954166666665, 17.15023229166667, 16.75361375], "iden": [0.0, 0.0, 0.0, 0.0, 0.0, 0.0, 0.0, 0.0, 0.0, 0.0, 0.0, 0.0, 0.0, 0.0, 0.0, 0.0, 0.0, 0.0, 0.0, 0.0], "fwd": [22.308484583333332, 21.415733333333332, 20.665352916666667, 19.566235833333334, 18.45031458333333, 17.684688333333334, 17.199438125, 17.113887499999997, 16.846777916666667, 17.022289999999998, 16.6415, 16.955797291666666, 15.926307500000002, 16.873674583333333, 16.48634125, 16.5994025, 16.603256458333334, 16.087954375000002, 16.206232500000002, 15.809614583333333], "bwd": [0.0, 0.0, 0.0, 0.0, 0.0, 0.0, 0.0, 0.0, 0.0, 0.0, 0.0, 0.0, 0.0, 0.0, 0.0, 0.0, 0.0, 0.0, 0.0, 0.0], "cons": [0.0, 0.0, 0.0, 0.0, 0.0, 0.0, 0.0, 0.0, 0.0, 0.0, 0.0, 0.0, 0.0, 0.0, 0.0, 0.0, 0.0, 0.0, 0.0, 0.0], "eigen": [0.944, 0.944, 0.944, 0.944, 0.944, 0.944, 0.944, 0.944, 0.944, 0.944, 0.944, 0.944, 0.944, 0.944, 0.944, 0.944, 0.944, 0.944, 0.944, 0.944], "fwd_val": [40.82268828125, 39.35867170410156, 36.356536511230466, 32.36357403564453, 31.258997058105468, 28.43417387695312, 29.03494163208008, 29.420444732666017, 27.730382348632816, 26.77781753540039, 29.47829279785156, 26.288808874511716, 26.881739202880862, 31.280730151367187, 24.93742802734375, 24.90038126220703, 26.831645397949217, 25.27875648803711, 25.261486236572267, 27.502548596191406], "testAccuracy": [0.06545815394444314, 0.08272370951696455, 0.15158934897044674, 0.19822764293833947, 0.24415767549847564, 0.28133403533138335, 0.29567142281060416, 0.325332737993449, 0.2681865852015714, 0.22482880592967072, 0.185746528285866, 0.12139199357867862, 0.07832802400419799, 0.04594465700453535, 0.02996617760315227, 0.04773434052670685, 0.07566675215396874, 0.11993894446641207, 0.17400625976733863, 0.21208507738386592, 0.2657788953122993, 0.27930003955649835, 0.2824746500700712, 0.25751176468717557, 0.22057970834430307, 0.1674121021545337, 0.12877389616915025, 0.07627177383983508, 0.04738240877244001], "testStd": [0.06170629512191874, 0.07774507404816064, 0.1370508554632905, 0.156617993957604, 0.19287149526537262, 0.2325705603081676, 0.23768715555165126, 0.25209116039497204, 0.2223456302202704, 0.18977712973302988, 0.13973039970426546, 0.10024846348902622, 0.06489310587210492, 0.042102549783243425, 0.02282934107927837, 0.03296094220888125, 0.07468813599405605, 0.09245194412212121, 0.14200522027800588, 0.1853422486155241, 0.22559284389859569, 0.24245569954671758, 0.240102821735341, 0.2377221154573727, 0.21028924690883577, 0.16696191389288698, 0.1505337254739861, 0.08054132545092069, 0.05098713324779236]}}}, "unit_circle_mse": {"gaussianElement": {"1e0": {"loss": [23.223817499999996, 22.99072208333333, 22.83774375, 22.634271249999998, 22.480365833333334, 22.322259166666665, 22.28284625, 22.142379166666665, 22.177921666666666, 22.162569166666664, 22.025624583333332, 21.849420000000002, 21.702702083333335, 21.014134374999998, 20.766426458333335, 19.905276666666666, 19.022949583333336, 18.654017500000002, 17.882954583333337, 17.202352916666666], "iden": [0.0, 0.0, 0.0, 0.0, 0.0, 0.0, 0.0, 0.0, 0.0, 0.0, 0.0, 0.0, 0.0, 0.0, 0.0, 0.0, 0.0, 0.0, 0.0, 0.0], "fwd": [22.605060833333333, 22.432687916666666, 22.324840416666667, 22.155630416666668, 22.027247083333332, 21.89013875, 21.869194583333332, 21.745216250000002, 21.796235, 21.794988333333333, 21.670838333333336, 21.506229166666667, 21.369770833333334, 20.689625208333332, 20.449307291666663, 19.59388979166667, 18.715300416666665, 18.349224791666664, 17.580297083333335, 16.901043124999998], "bwd": [0.0, 0.0, 0.0, 0.0, 0.0, 0.0, 0.0, 0.0, 0.0, 0.0, 0.0, 0.0, 0.0, 0.0, 0.0, 0.0, 0.0, 0.0, 0.0, 0.0], "cons": [0.0, 0.0, 0.0, 0.0, 0.0, 0.0, 0.0, 0.0, 0.0, 0.0, 0.0, 0.0, 0.0, 0.0, 0.0, 0.0, 0.0, 0.0, 0.0, 0.0], "eigen": [0.6187515234374998, 0.5580347460937501, 0.51290244140625, 0.47864261067708325, 0.4531201171875, 0.4321179947916667, 0.4136497135416667, 0.39716373046875, 0.38168621744791664, 0.36758163411458333, 0.3547870703125, 0.34319210286458335, 0.3329336328125, 0.32451025390625, 0.3171201171875, 0.3113861165364583, 0.307650205078125, 0.30479069335937503, 0.30265297200520835, 0.3013084309895833], "fwd_val": [42.80989208984376, 42.47416391601563, 42.18343686523438, 41.494185205078125, 41.07153872070313, 41.04714702148438, 41.083016113281246, 40.94709682617188, 40.83383212890625, 40.9300701171875, 40.12019174804688, 40.193293505859366, 38.7262337890625, 36.71537012939453, 37.729295874023435, 33.76514512329101, 31.209987609863283, 30.081390405273435, 28.36731671142578, 26.750553161621088],