{"none": {"gaussianElement": {"1e0": {"loss": [1.8914275396437872, 1.7019399007161458, 1.499805632091704, 1.369095938546317, 1.3278054736909413, 1.3403985159737724, 1.3236880529494512, 1.3156116122291202, 1.3172405787876673, 1.2978757222493489, 1.289920443580264, 1.2892980121430897, 1.277426038469587, 1.2721141633533297, 1.2705118088495164, 1.2674377078101748, 1.2500711168561662, 1.256153288341704, 1.2507297879173642, 1.2507958185105097], "iden": [0.7242406663440523, 0.544328734988258, 0.35332157498314265, 0.2255110059465681, 0.19305274600074404, 0.21245470501127697, 0.1918255715143113, 0.18928597086951846, 0.2013067290896461, 0.18326772962297713, 0.17796986443655832, 0.18448952266148158, 0.17319810958135695, 0.16953662463596889, 0.17163147245134627, 0.1708385149637858, 0.1569677988688151, 0.16620345342726933, 0.16324654079618908, 0.16748428344726562], "fwd": [0.6909964879353842, 0.6814207349504743, 0.670293580918085, 0.6673944564092726, 0.658562251499721, 0.6517533347720191, 0.6556719825381324, 0.6501351311093285, 0.6397433508010137, 0.6384175164358956, 0.6357601256597609, 0.6286180132911319, 0.6280374981108165, 0.6263870965866816, 0.622689928327288, 0.6204086939493815, 0.616912841796875, 0.6137593587239584, 0.6112927936372303, 0.6071211042858305], "bwd": [0.0, 0.0, 0.0, 0.0, 0.0, 0.0, 0.0, 0.0, 0.0, 0.0, 0.0, 0.0, 0.0, 0.0, 0.0, 0.0, 0.0, 0.0, 0.0, 0.0], "cons": [0.0, 0.0, 0.0, 0.0, 0.0, 0.0, 0.0, 0.0, 0.0, 0.0, 0.0, 0.0, 0.0, 0.0, 0.0, 0.0, 0.0, 0.0, 0.0, 0.0], "eigen": [0.47619047619047616, 0.47619047619047616, 0.47619047619047616, 0.47619047619047616, 0.47619047619047616, 0.47619047619047616, 0.47619047619047616, 0.47619047619047616, 0.47619047619047616, 0.47619047619047616, 0.47619047619047616, 0.47619047619047616, 0.47619047619047616, 0.47619047619047616, 0.47619047619047616, 0.47619047619047616, 0.47619047619047616, 0.47619047619047616, 0.47619047619047616, 0.47619047619047616], "fwd_val": [2.6647938622368708, 2.601131863064236, 2.5825814141167536, 2.551874796549479, 2.5073663923475475, 2.5210789574517145, 2.5180914137098522, 2.4607645670572915, 2.441642549302843, 2.4426201714409723, 2.4038308461507163, 2.394634246826172, 2.3932982550726996, 2.375433603922526, 2.3630888197157116, 2.3522822062174478, 2.334605958726671, 2.3223241170247397, 2.3004205491807728, 2.284216139051649], "testAccuracy": [0.10126479715108871, 0.1683298647403717, 0.5529848337173462, 0.735765278339386, 0.7792861461639404, 0.7941853404045105, 0.7940667867660522], "testStd": [0.0, 0.0, 0.0, 0.0, 0.0, 0.0, 0.0]}}, "unitPerturb": {"1e0": {"loss": [1.8599684579031808, 1.506976082211449, 1.1996615273611886, 0.9782191685267857, 0.9031451997302827, 0.8730407896496001, 0.8443330128987631, 0.8252799624488467, 0.8238719758533296, 0.8292093731108165, 0.8287357148670015, 0.8332094464983258, 0.8145327795119512, 0.8093532380603609, 0.8667423611595517, 0.8157491229829335, 0.8122593107677641, 0.8228180294945127, 0.8210044134230841, 0.8075203668503534], "iden": [0.7109589349655878, 0.5206782477242606, 0.3130992253621419, 0.24391589845929826, 0.1957060041881743, 0.18532976650056385, 0.17921688443138487, 0.17266103199550084, 0.1740549405415853, 0.17124577930995397, 0.1692422003973098, 0.16628778548467726, 0.17065400169009254, 0.16847658157348633, 0.17763534046354748, 0.16169235819862002, 0.1700896762666248, 0.16432546433948336, 0.171203579221453, 0.16696474665687197], "fwd": [0.6728191375732422, 0.5101074037097749, 0.4103718258085705, 0.25811268034435453, 0.23124876476469494, 0.2115205583118257, 0.18892565227690197, 0.17642843155633836, 0.17362651370820545, 0.18177315167018346, 0.18330308369227818, 0.19073120752970377, 0.1676882789248512, 0.16468622570946104, 0.2129165558587937, 0.17786625453404017, 0.16597920372372582, 0.18230202084495908, 0.17361034665788924, 0.16436522347586496], "bwd": [0.0, 0.0, 0.0, 0.0, 0.0, 0.0, 0.0, 0.0, 0.0, 0.0, 0.0, 0.0, 0.0, 0.0, 0.0, 0.0, 0.0, 0.0, 0.0, 0.0], "cons": [0.0, 0.0, 0.0, 0.0, 0.0, 0.0, 0.0, 0.0, 0.0, 0.0, 0.0, 0.0, 0.0, 0.0, 0.0, 0.0, 0.0, 0.0, 0.0, 0.0], "eigen": [0.47619047619047616, 0.47619047619047616, 0.47619047619047616, 0.47619047619047616, 0.47619047619047616, 0.47619047619047616, 0.47619047619047616, 0.47619047619047616, 0.47619047619047616, 0.47619047619047616, 0.47619047619047616, 0.47619047619047616, 0.47619047619047616, 0.47619047619047616, 0.47619047619047616, 0.47619047619047616, 0.47619047619047616, 0.47619047619047616, 0.47619047619047616, 0.47619047619047616], "fwd_val": [1.9078655242919922, 1.6512565612792969, 0.7043092515733507, 0.515221807691786, 0.545190069410536, 0.3982424471113417, 0.3047422303093804, 0.3072875870598687, 0.34004441897074383, 0.2450748019748264, 0.47559769948323566, 0.25392113791571724, 0.2573610676659478, 0.47117794884575737, 0.27223912874857586, 0.2440407011244032, 0.3045985433790419, 0.28300661510891384, 0.2774479124281142, 0.27631184789869523], "testAccuracy": [0.07931402325630188, 0.0709095224738121, 0.11358225345611572, 0.09169318526983261, 0.111806221306324, 0.07844992727041245, 0.09366017580032349], "testStd": [0.0, 0.0, 0.0, 0.0, 0.0, 0.0, 0.0]}}}, "unit_circle_mse": {"gaussianElement": {"1e0": {"loss": [1.76047606695266, 1.590527852376302, 1.3678605215890067, 1.2440922146751767, 1.192212422688802, 1.16998291015625, 1.2009290059407551, 1.1760416485014415, 1.1628568740118117, 1.1578331901913597, 1.1488876342773438, 1.1344094957624162, 1.1267569405691964, 1.118316377912249, 1.113168443952288, 1.1190369015648252, 1.1237918308803014, 1.1147208440871466, 1.1090191432407923, 1.1007147289457775], "iden": [0.7301395961216518, 0.5671877179827008, 0.35280513763427734, 0.23825291224888392, 0.19221001579647973, 0.17409111204601468, 0.21724769047328404, 0.1894639219556536, 0.1879203206016904, 0.18602592604500906, 0.18342783337547666, 0.17356747672671363, 0.16827240444365002, 0.16665316763378324, 0.16156740415663945, 0.17457354636419387, 0.18116419655936106, 0.17386890593029203, 0.17441981179373606, 0.16825035640171596], "fwd": [0.6912683759416852, 0.685682841709682, 0.6786461784726098, 0.6705716451009115, 0.6658051354544503, 0.66270569392613, 0.6514448892502558, 0.6551903315952846, 0.6443570909045991, 0.6420079639979771, 0.6364024026053292, 0.6324955168224516, 0.6308489754086449, 0.6247412363688151, 0.6253728412446522, 0.6189203262329102, 0.6177617935907274, 0.6166230156308129, 0.6109995614914667, 0.6094680059523809], "bwd": [0.0, 0.0, 0.0, 0.0, 0.0, 0.0, 0.0, 0.0, 0.0, 0.0, 0.0, 0.0, 0.0, 0.0, 0.0, 0.0, 0.0, 0.0, 0.0, 0.0], "cons": [0.0, 0.0, 0.0, 0.0, 0.0, 0.0, 0.0, 0.0, 0.0, 0.0, 0.0, 0.0, 0.0, 0.0, 0.0, 0.0, 0.0, 0.0, 0.0, 0.0], "eigen": [0.33906807218279156, 0.33765731539045063, 0.3364092508951823, 0.33526761191231863, 0.33419722602480934, 0.33318614959716797, 0.3322364716302781, 0.33138733818417504, 0.3305794170924595, 0.3297992433820452, 0.3290574210030692, 0.328346502213251, 0.32763553801037015, 0.32692196255638484, 0.32622814178466797, 0.3255430403209868, 0.32486590884980704, 0.32422901335216703, 0.323599792662121, 0.3229962984720866], "fwd_val": [2.6764329274495444, 2.6401634216308594, 2.5979451073540583, 2.5859523349338107, 2.5563218858506946, 2.5072383880615234, 2.521031697591146, 2.487033208211263, 2.4582511054144964, 2.4537005954318576, 2.4141373104519315, 2.415708541870117, 2.386586719089084, 2.387504153781467, 2.3614976671006946, 2.3499158223470054, 2.350179248385959, 2.3217680189344616, 2.3087226019965277, 2.307708740234375], "testAccuracy": [0.10708203166723251, 0.22889550030231476, 0.6381329894065857, 0.7512744665145874, 0.7704253196716309, 0.7851524353027344, 0.7879441380500793], "testStd": [0.0, 0.0, 0.0, 0.0, 0.0, 0.0, 0.0]}},