{"unit_circle_mse": {"unitPerturb": {"1e0": {"loss": [1.5302489676976312, 0.15446853986069492, 0.08595414183455516, 0.05186319917304331, 0.04337667526175443, 0.03764071529858733, 0.03206880473655108, 0.024702851630781338, 0.022285967439276987, 0.021940692919030037, 0.02243449328696891, 0.02599205992537546, 0.020988529675627407, 0.019584256002347762, 0.019953070165904144, 0.018390649421029984, 0.01501144774972576, 0.018996131583435896, 0.01902372891500116, 0.018236351884119043], "iden": [0.0, 0.0, 0.0, 0.0, 0.0, 0.0, 0.0, 0.0, 0.0, 0.0, 0.0, 0.0, 0.0, 0.0, 0.0, 0.0, 0.0, 0.0, 0.0, 0.0], "fwd": [1.5301785403735018, 0.1544069473057577, 0.08589820687629317, 0.051811597989574416, 0.04332705806923784, 0.03759258392194635, 0.03202156693968054, 0.024656841852893567, 0.022240059560836724, 0.021895271893505635, 0.022388892848742063, 0.025946722509654144, 0.020943923845683058, 0.01954052546252943, 0.019909579133334226, 0.018348058935714093, 0.014969205638589379, 0.018954153365740495, 0.018982100813356165, 0.01819396955237541], "bwd": [0.0, 0.0, 0.0, 0.0, 0.0, 0.0, 0.0, 0.0, 0.0, 0.0, 0.0, 0.0, 0.0, 0.0, 0.0, 0.0, 0.0, 0.0, 0.0, 0.0], "cons": [0.0, 0.0, 0.0, 0.0, 0.0, 0.0, 0.0, 0.0, 0.0, 0.0, 0.0, 0.0, 0.0, 0.0, 0.0, 0.0, 0.0, 0.0, 0.0, 0.0], "eigen": [7.0262043715612e-05, 6.159105121272884e-05, 5.594026892696885e-05, 5.159804844148627e-05, 4.961696117435961e-05, 4.8130318590495146e-05, 4.72370705239849e-05, 4.6013023483154435e-05, 4.590817102014202e-05, 4.54211216334883e-05, 4.56025305131799e-05, 4.533799832950444e-05, 4.4605075530537734e-05, 4.372884472619453e-05, 4.349148504810247e-05, 4.259153911376108e-05, 4.2244245948856825e-05, 4.197675819810667e-05, 4.1629321294832445e-05, 4.238400046956049e-05], "fwd_val": [0.13535781192702756, 0.10686913934114858, 0.062126398662438145, 0.047115249046380966, 0.03476097805488512, 0.034117492164774596, 0.02974811169932238, 0.026817921327124086, 0.024691481857100163, 0.026453477173035846, 0.027212567087532818, 0.03483530574278747, 0.024417283262415594, 0.022510054414782932, 0.020039446735919578, 0.021232925427420703, 0.021760941427590958, 0.023516263218893524, 0.020286840937083855, 0.01627055943108219], "testAccuracy": [0.019787244343509276, 0.018128595780581236, 0.03031079253802697, 0.04303849457452694, 0.04654988584419092, 0.0690386351197958, 0.0734134189163645, 0.09205673014124234, 0.08780611058076222, 0.08390481645862262, 0.06885914566616218, 0.055352491016189255, 0.046102028960982956, 0.04332872573286295, 0.042459072855611645, 0.044204189752539, 0.04541461852689584, 0.044496843280891575, 0.04441366686175267, 0.04211885823557774, 0.04156689221660296, 0.040473489090800285, 0.04078753758221865, 0.04082799733926853, 0.03733771666884422, 0.03577149131645759, 0.032056448981165886, 0.031873547161618866, 0.031699231204887234], "testStd": [0.0037180879392149555, 0.0034011683674305456, 0.014204447412405443, 0.022260598924349104, 0.011472620087329221, 0.021092919666139402, 0.028372695025966767, 0.016917332582432037, 0.009334245155479034, 0.004587844012579543, 0.0045406445421423205, 0.005136704212677407, 0.004969736517837708, 0.007884857963071446, 0.008899128845314989, 0.009351227825500139, 0.009900015142564039, 0.007384224897749333, 0.007760260063904074, 0.008723275813637897, 0.00812028657981097, 0.007451895468599574, 0.008146672917109032, 0.008506823670674003, 0.003577667118758481, 0.0024952200571815293, 0.004643269769305388, 0.004915483328037345, 0.006207963676695478]}}}, "none": {"unitPerturb": {"1e0": {"loss": [0.49489250008918384, 0.20313327040302154, 0.1631908259979666, 0.13056142449923303, 0.1076215108235677, 0.10453138307893657, 0.0981034370317851, 0.09550184485030501, 0.09088966683165667, 0.092538103774258, 0.09141704959956479, 0.08813616957294343, 0.08895815496575343, 0.08560546456950985, 0.08966306224805579, 0.08650582718522581, 0.0844011210959796, 0.08794548348204731, 0.08383019503937464, 0.08542287121080372], "iden": [0.0, 0.0, 0.0, 0.0, 0.0, 0.0, 0.0, 0.0, 0.0, 0.0, 0.0, 0.0, 0.0, 0.0, 0.0, 0.0, 0.0, 0.0, 0.0, 0.0], "fwd": [0.42913907543164953, 0.13737985271297087, 0.09743740482417415, 0.06480801029292416, 0.04186808790790436, 0.03877796016327323, 0.03235000279396092, 0.02974842890212525, 0.02513623607757429, 0.026784683471400988, 0.02566362320015964, 0.02238274143166738, 0.02320473030821918, 0.019852043395717396, 0.02390962801023161, 0.02075240775330426, 0.018647690341897206, 0.02219205621170671, 0.01807676951090495, 0.01966944655326948], "bwd": [0.0, 0.0, 0.0, 0.0, 0.0, 0.0, 0.0, 0.0, 0.0, 0.0, 0.0, 0.0, 0.0, 0.0, 0.0, 0.0, 0.0, 0.0, 0.0, 0.0], "cons": [0.0, 0.0, 0.0, 0.0, 0.0, 0.0, 0.0, 0.0, 0.0, 0.0, 0.0, 0.0, 0.0, 0.0, 0.0, 0.0, 0.0, 0.0, 0.0, 0.0], "eigen": [0.06575342465753424, 0.06575342465753424, 0.06575342465753424, 0.06575342465753424, 0.06575342465753424, 0.06575342465753424, 0.06575342465753424, 0.06575342465753424, 0.06575342465753424, 0.06575342465753424, 0.06575342465753424, 0.06575342465753424, 0.06575342465753424, 0.06575342465753424, 0.06575342465753424, 0.06575342465753424, 0.06575342465753424, 0.06575342465753424, 0.06575342465753424, 0.06575342465753424], "fwd_val": [0.18205513623985498, 0.10398471048296745, 0.07685623619099555, 0.05592254120946506, 0.04490626275827343, 0.03567980205859155, 0.03303704829511627, 0.02940713543438873, 0.027380254005656343, 0.02979376122667402, 0.030777231482683937, 0.02789099646459263, 0.03032462799174774, 0.025612125026239097, 0.022368300016279576, 0.025690452344175697, 0.030590639958059156, 0.027071775361631613, 0.02005415622162934, 0.024594646157177942], "testAccuracy": [0.037115080282092094, 0.039188885440429054, 0.037254040129482746, 0.04119064348439375, 0.041760692838579416, 0.03453710380320748, 0.04345337953418493, 0.04648491585006317, 0.03960157992939154, 0.05013309884816408, 0.05168101874490579, 0.05472170375287533, 0.04632146283984184, 0.041968743627270065, 0.03581368767966827, 0.030794198935230572, 0.029214737626413505, 0.029937093922247488, 0.0291267780897518, 0.02724437617386381, 0.02702538079271714, 0.02550510099778573, 0.02416971791535616, 0.023273232392966747, 0.022584624588489532, 0.020641233151157696, 0.020682556554675102, 0.020359600738932688, 0.017452023302515347], "testStd": [0.02158955826786071, 0.023080778428288474, 0.02664325597115148, 0.020690145347169068, 0.02120397835375074, 0.0175212847356855, 0.015225124708361237, 0.019305277454086965, 0.01953064190105992, 0.028303100386408576, 0.030668260435551497, 0.03768870341507516, 0.031197486708658823, 0.025989578524154327, 0.01723203596605041, 0.011443572840618742, 0.009779536376223608, 0.009443331964803816, 0.008675716842384886, 0.010795283419334988, 0.011020905537139202, 0.009709118110701187, 0.01048077836747822, 0.009524589516117843, 0.009285440018079788, 0.008526672970475328, 0.009194578352276715, 0.00931696238125437, 0.005418936019631684]}}}}