{"none-consistent": {"unitPerturb": {"1e0": {"loss": [3.5422058941566785, 1.9530132415632135, 1.0508562479933647, 0.6067660118346889, 0.3478162094882634, 0.3025799476937072, 0.26349423203838473, 0.26962908740457336, 0.2696627960901826, 0.2503171598530251, 0.25114734945776257, 0.2770586127015554, 0.27252354730754136, 0.24041143269299373, 0.2378002776402861, 0.24984416526202197, 0.25326730388484586, 0.2323170561768693, 0.2205549962988727, 0.22012898344971818], "iden": [0.0, 0.0, 0.0, 0.0, 0.0, 0.0, 0.0, 0.0, 0.0, 0.0, 0.0, 0.0, 0.0, 0.0, 0.0, 0.0, 0.0, 0.0, 0.0, 0.0], "fwd": [0.7954745357983732, 0.18785948731583546, 0.09733474592095641, 0.0631926027062821, 0.03490275378640928, 0.03615944222228168, 0.029544333018124376, 0.02966508734716128, 0.022159660025818706, 0.020924729299327552, 0.019090065019860117, 0.02440794330753692, 0.019336986106280322, 0.018091234006838167, 0.018718294465922873, 0.017308805631175976, 0.018599288975267105, 0.018834333550440122, 0.018236951087707797, 0.01885929020572471], "eigen": [0.06575342465753424, 0.06575342465753424, 0.06575342465753424, 0.06575342465753424, 0.06575342465753424, 0.06575342465753424, 0.06575342465753424, 0.06575342465753424, 0.06575342465753424, 0.06575342465753424, 0.06575342465753424, 0.06575342465753424, 0.06575342465753424, 0.06575342465753424, 0.06575342465753424, 0.06575342465753424, 0.06575342465753424, 0.06575342465753424, 0.06575342465753424, 0.06575342465753424], "fwd_val": [0.16812889625868743, 0.13435851135883548, 0.08525047315683534, 0.05631947908520507, 0.03533840570568847, 0.030496940496655096, 0.03219724853257626, 0.02556369938376253, 0.021870959016244, 0.019910468139510223, 0.03131200387570017, 0.02171077400493929, 0.023822773985816663, 0.020632288330227087, 0.02201491164796402, 0.01835492459664214, 0.021617915655295823, 0.01912292408578446, 0.020564003243154567, 0.01925906210225945], "testAccuracy": [0.029240054233620565, 0.02804050672178467, 0.048472060821950436, 0.06394646130502224, 0.08282531114916007, 0.08479829815526803, 0.10578675692280133, 0.10458915866911411, 0.10466347386439641, 0.094532856096824, 0.08832527883350849, 0.07915758341550827, 0.074746398255229, 0.07390993585189183, 0.07402640084425609, 0.07499789757033189, 0.07468411947290103, 0.07389676446715991, 0.07031538647909959, 0.06901187698046367, 0.06565647261838119, 0.06014776602387428, 0.057369246147572994, 0.05278959280500809, 0.04692258716871341, 0.04027747719859084, 0.036149404011666775, 0.0329628378773729, 0.030864809174090624], "testStd": [0.02199609509798288, 0.014785764529193229, 0.028610484031542975, 0.014828041805618869, 0.02346869716570469, 0.02505393649167779, 0.028635723961307376, 0.03340548382655283, 0.04287422185397965, 0.038547421994263247, 0.03462813295142775, 0.027417359359135408, 0.023282251209926563, 0.022419662125932317, 0.02603955689279326, 0.026542935363308193, 0.026600151474504567, 0.02862935489419355, 0.027972731474067567, 0.026036722591756795, 0.022867422617630154, 0.02518115597760155, 0.024749957999221014, 0.0229738986378443, 0.02125530527001576, 0.01701401766290136, 0.01494822921164204, 0.013562076732608027, 0.012866942306558684]}}}}