{"FF": {"gaussianElement": {"1e0": {"loss": [0.28579861482710234, 0.2646641375630232, 0.21800811628228453, 0.21042577549021357, 0.20239090128394932, 0.18001795845670424, 0.13792448697024828, 0.10933887127509039, 0.09386802452702864, 0.08747893729710687, 0.08852723004066781, 0.0832101249985136, 0.08722678174348364, 0.08704937799880495, 0.08661635353866415, 0.09093750325149234, 0.08993393246260227, 0.08726383714371076, 0.09112109876658818, 0.09124131805094772], "iden": [0.0, 0.0, 0.0, 0.0, 0.0, 0.0, 0.0, 0.0, 0.0, 0.0, 0.0, 0.0, 0.0, 0.0, 0.0, 0.0, 0.0, 0.0, 0.0, 0.0], "fwd": [0.22004518552457908, 0.19891070361551086, 0.15225468697976122, 0.14467234618769026, 0.13663746733643692, 0.11426453147667548, 0.07217106463520856, 0.04358544313381433, 0.02811460625635434, 0.021725512058949, 0.022773806544380826, 0.017456698018484828, 0.02147335476345486, 0.021295955663765225, 0.020862932364871693, 0.02518408265832352, 0.024180512450057076, 0.021510414808671042, 0.02536767410905394, 0.025487898619026172], "bwd": [0.0, 0.0, 0.0, 0.0, 0.0, 0.0, 0.0, 0.0, 0.0, 0.0, 0.0, 0.0, 0.0, 0.0, 0.0, 0.0, 0.0, 0.0, 0.0, 0.0], "cons": [0.0, 0.0, 0.0, 0.0, 0.0, 0.0, 0.0, 0.0, 0.0, 0.0, 0.0, 0.0, 0.0, 0.0, 0.0, 0.0, 0.0, 0.0, 0.0, 0.0], "eigen": [0.06575342465753424, 0.06575342465753424, 0.06575342465753424, 0.06575342465753424, 0.06575342465753424, 0.06575342465753424, 0.06575342465753424, 0.06575342465753424, 0.06575342465753424, 0.06575342465753424, 0.06575342465753424, 0.06575342465753424, 0.06575342465753424, 0.06575342465753424, 0.06575342465753424, 0.06575342465753424, 0.06575342465753424, 0.06575342465753424, 0.06575342465753424, 0.06575342465753424], "fwd_val": [0.17494032777129997, 0.16933440144703202, 0.15976664499128243, 0.12354708562534596, 0.1135326432913014, 0.0791503530289624, 0.05067782591922399, 0.03037003759280751, 0.02832130295930853, 0.029908340606264572, 0.02889821506032877, 0.02915084638777306, 0.028767027892672242, 0.02779329346989792, 0.033184449869781425, 0.033762963593678, 0.02980308665809488, 0.02990754906905958, 0.03230610993749278, 0.03150015717479278], "testAccuracy": [0.06759894204636414, 0.07682494757076104, 0.0777248755718271, 0.11144081875681877, 0.12414864699045818, 0.15863163272539774, 0.15442800397674242, 0.14831560105085373, 0.15191848948597908, 0.14519573748111725, 0.1431260866423448, 0.13671036809682846, 0.1325825738410155, 0.12810935700933138, 0.1223559242983659, 0.11649312327305476, 0.11383913084864616, 0.10904120157162349, 0.10758900518218677, 0.10293914501865704, 0.09858500212430954, 0.09693919867277145, 0.09004973495999972, 0.08758981277545293, 0.08270342151323955, 0.08040269588430722, 0.0780828669667244, 0.07344174633423488, 0.07133724478383859], "testStd": [0.03344503170927683, 0.038791202520351536, 0.036898162723531504, 0.03863354080315071, 0.04507228642062647, 0.03195046164171509, 0.021226160904466974, 0.03116149960604286, 0.026709389640939614, 0.028792407559272096, 0.034175215881839666, 0.025015565958217596, 0.02359822713756529, 0.015444919746225036, 0.00938836562195807, 0.010302066182010267, 0.010523676139390113, 0.009140777470783179, 0.010975395814118858, 0.013638088668559667, 0.011931535554132856, 0.011176607026827467, 0.01226754990027063, 0.011958378033096137, 0.009985660121664961, 0.01065191047966895, 0.01171615091542199, 0.008516197047990094, 0.008615180639105116]}}}}