{"unit_circle_mse": {"unitPerturb": {"1e0": {"loss": [3.1994650099012585, 1.2752112736777654, 2.0034740992954796, 0.7493991094922262, 0.7334243229457309, 0.6499988919212704, 0.5980140746585906, 0.5758946736653646, 0.527882560851082, 0.5164903913225447, 0.5200735273815337, 0.5192532615056115, 0.5256375963725741, 0.5249952588762555, 0.5155284669664172, 0.5417064485095796, 0.5239528625730484, 0.5319556281680153, 0.5351633495754666, 0.5133659574720595, 0.5443158679538304, 0.5049890639289977, 0.544668227907211, 0.5762436125013563, 0.4968961534045991, 0.5113676918877496, 0.5085023546975757, 0.5047949079483275, 0.4926250548589797, 0.4838514176626054, 0.4842590604509627, 0.48045692746601415, 0.47524226657927976, 0.4895821677313911, 0.5003765045650422, 0.49067834823850603, 0.4931932479616195, 0.49314884912400014, 0.4825290346902514, 0.5169390723818824, 0.5828877252245707, 0.5018781328958178, 0.4876763480050223, 0.5048343416244264, 0.4945003872825986, 0.5151746840704056, 0.4859553897191608, 0.4733108641609313, 0.48640450977143795, 0.4847887281387571, 0.4758518309820266, 0.459431042746892, 0.4595520836966378, 0.44810166434636195, 0.46950052654932417, 0.46130953894721144, 0.47638938540504094, 0.46270747411818736, 0.4584616857861716, 0.45230122218056334, 0.4512348477802579, 0.46750712016272167, 0.4541981409466456, 0.46682251824272997, 0.4598233207823738, 0.4478326979137603, 0.4453910797361344, 0.4535499603029281, 0.44230196211073136, 0.44724284278021914, 0.4437144143240792, 0.44173579745822483, 0.4517874490647089, 0.44580998496403773, 0.45613608284602086, 0.4630459982251364, 0.45212108369857545, 0.4528728969513424, 0.45032906910729786, 0.43930147564600386], "iden": [0.0, 0.0, 0.0, 0.0, 0.0, 0.0, 0.0, 0.0, 0.0, 0.0, 0.0, 0.0, 0.0, 0.0, 0.0, 0.0, 0.0, 0.0, 0.0, 0.0, 0.0, 0.0, 0.0, 0.0, 0.0, 0.0, 0.0, 0.0, 0.0, 0.0, 0.0, 0.0, 0.0, 0.0, 0.0, 0.0, 0.0, 0.0, 0.0, 0.0, 0.0, 0.0, 0.0, 0.0, 0.0, 0.0, 0.0, 0.0, 0.0, 0.0, 0.0, 0.0, 0.0, 0.0, 0.0, 0.0, 0.0, 0.0, 0.0, 0.0, 0.0, 0.0, 0.0, 0.0, 0.0, 0.0, 0.0, 0.0, 0.0, 0.0, 0.0, 0.0, 0.0, 0.0, 0.0, 0.0, 0.0, 0.0, 0.0, 0.0], "fwd": [3.087511213998946, 1.1659077841138084, 1.8951841990152996, 0.6411562117319258, 0.6250269299461727, 0.5411990937732515, 0.48888858916267514, 0.4670466771201482, 0.42084590972415986, 0.4117115262954954, 0.4175979674808563, 0.4187442840091766, 0.4267739946880038, 0.4274526929098463, 0.41906505160861546, 0.4462097410171751, 0.42927867647201295, 0.43796365223233663, 0.4417679499066065, 0.4205392504495287, 0.45205081455291257, 0.41335838560074095, 0.4536874710567414, 0.4857924173748682, 0.40691805642748635, 0.4219531256055075, 0.41961353544204955, 0.41645654042561847, 0.4048785860576327, 0.39676560295952695, 0.39789908272879465, 0.39488842373802546, 0.3905519833640447, 0.40575962974911645, 0.41734830159989617, 0.408420411367265, 0.4117099217006139, 0.41253441099136595, 0.40266663687569754, 0.43779934777153867, 0.5044581246754479, 0.42413342188275055, 0.4105882947407071, 0.4284259553939577, 0.4187313261486236, 0.4399816422235398, 0.41124961489722844, 0.399056631421286, 0.41270013839479475, 0.411634641980368, 0.40324215661911733, 0.38734392135862317, 0.3879873033553835, 0.3771406733800495, 0.39927228291829425, 0.39177675095815506, 0.4075227919079008, 0.3944250288463775, 0.3907259456695072, 0.3851091899569073, 0.38458924066452754, 0.40146926849607434, 0.3887230706593347, 0.4018571338956318, 0.3953102354019407, 0.3837542458186074, 0.3817754473005022, 0.3904100826808385, 0.3796786656455388, 0.38520713079543345, 0.38224431446620394, 0.3808158768547906, 0.39137044028630336, 0.3858932313464936, 0.39674515194363064, 0.404155277070545, 0.3936870665777297, 0.39488470743572895, 0.39279204323178246, 0.3822466910831512], "bwd": [0.0, 0.0, 0.0, 0.0, 0.0, 0.0, 0.0, 0.0, 0.0, 0.0, 0.0, 0.0, 0.0, 0.0, 0.0, 0.0, 0.0, 0.0, 0.0, 0.0, 0.0, 0.0, 0.0, 0.0, 0.0, 0.0, 0.0, 0.0, 0.0, 0.0, 0.0, 0.0, 0.0, 0.0, 0.0, 0.0, 0.0, 0.0, 0.0, 0.0, 0.0, 0.0, 0.0, 0.0, 0.0, 0.0, 0.0, 0.0, 0.0, 0.0, 0.0, 0.0, 0.0, 0.0, 0.0, 0.0, 0.0, 0.0, 0.0, 0.0, 0.0, 0.0, 0.0, 0.0, 0.0, 0.0, 0.0, 0.0, 0.0, 0.0, 0.0, 0.0, 0.0, 0.0, 0.0, 0.0, 0.0, 0.0, 0.0, 0.0], "cons": [0.0, 0.0, 0.0, 0.0, 0.0, 0.0, 0.0, 0.0, 0.0, 0.0, 0.0, 0.0, 0.0, 0.0, 0.0, 0.0, 0.0, 0.0, 0.0, 0.0, 0.0, 0.0, 0.0, 0.0, 0.0, 0.0, 0.0, 0.0, 0.0, 0.0, 0.0, 0.0, 0.0, 0.0, 0.0, 0.0, 0.0, 0.0, 0.0, 0.0, 0.0, 0.0, 0.0, 0.0, 0.0, 0.0, 0.0, 0.0, 0.0, 0.0, 0.0, 0.0, 0.0, 0.0, 0.0, 0.0, 0.0, 0.0, 0.0, 0.0, 0.0, 0.0, 0.0, 0.0, 0.0, 0.0, 0.0, 0.0, 0.0, 0.0, 0.0, 0.0, 0.0, 0.0, 0.0, 0.0, 0.0, 0.0, 0.0, 0.0], "eigen": [0.11195415731460329, 0.1093035236237541, 0.10828994380103217, 0.10824287316155812, 0.10839741381387862, 0.10879979057917517, 0.10912549306475927, 0.1088480003296383, 0.10703665869576591, 0.10477883096725221, 0.1024755523318336, 0.10050900020296612, 0.09886361114562504, 0.09754259245736259, 0.09646340022011408, 0.09549668857029507, 0.09467419556209018, 0.09399197215125675, 0.0933953845311725, 0.09282672783685109, 0.09226506096976143, 0.0916307010347881, 0.09098076441931346, 0.09045118566543336, 0.08997813671354264, 0.08941455871339828, 0.08888884196205744, 0.08833836373828706, 0.08774646690913608, 0.08708582227192226, 0.08635996258448041, 0.08556849142861744, 0.08469027753860231, 0.08382250486858307, 0.08302817742029826, 0.08225795200892858, 0.08148331301552908, 0.08061443340210687, 0.07986235429370214, 0.07913972366423834, 0.07842961190238831, 0.07774473088128227, 0.07708805137210421, 0.07640841082921103, 0.07576908857103377, 0.07519303711633833, 0.07470576914529951, 0.07425424125459458, 0.07370434299347893, 0.07315410034997123, 0.07260969896165152, 0.07208709962784297, 0.07156478034125434, 0.0709609928585234, 0.07022825498429557, 0.06953278231242346, 0.06886659728156196, 0.068282441487388, 0.06773571930234394, 0.06719205114576553, 0.06664559576246475, 0.06603787626538958, 0.06547507974836561, 0.0649653502873012, 0.06451307024274554, 0.0640784426340981, 0.06361562770510477, 0.06313987005324591, 0.06262327943529401, 0.06203571198478578, 0.06147008945071508, 0.06091990357353574, 0.06041702770051502, 0.05991677017438979, 0.059390922387441, 0.05889072493901329, 0.05843401239031837, 0.05798819282698253, 0.057537016414460684, 0.05705478834727453], "fwd_val": [4.166047943962945, 8.209798318368417, 1.3064582436173051, 1.472398969862196, 0.9535176312481916, 0.6935074241073044, 0.445378753874037, 0.3729154445506908, 0.3223276579821552, 0.3387386710555465, 0.29086603941740813, 0.3254344639954743, 0.30851506303857873, 0.3688482973310683, 0.3519649770524767, 0.4195553726620145, 0.2800926279138635, 0.5272038247850206, 0.30572553475697833, 0.32693824061640986, 0.2901061022723163, 0.4164455201890734, 0.5293532124272099, 0.32336273899784795, 0.3269334722448278, 0.3575599723392063, 0.3340796188071922, 0.29814043751469366, 0.22989343272315133, 0.2340836789872911, 0.2319920857747396, 0.22481691395794903, 0.2183887870223434, 0.31968967119852704, 0.26823762169590704, 0.2732806073294745, 0.2647244488751446, 0.299244138929579, 0.292899732236509, 0.7670593173415573, 0.4424176966702496, 0.2766872070453785, 0.35811068393565987, 0.28600765157628943, 0.48974630567762584, 0.3716846925240976, 0.25074897872077095, 0.2838052113850911, 0.28890535125025996, 0.3139606846703424, 0.19876129097408715, 0.21634113788604736, 0.1700721449322171, 0.2710490005987662, 0.2449339230855306, 0.2502571035314489, 0.23835054150334112, 0.1853546345675433, 0.1997659780361034, 0.17780168851216635, 0.2483597331576877, 0.17427283304708974, 0.22256072362263998, 0.23915836546156144, 0.18288811489387793, 0.1798661152521769, 0.17575951417287192, 0.16024919792457862, 0.1822659417434975, 0.17113827334509957, 0.1732750027268021, 0.19947790216516567, 0.17910769250657824, 0.2275705028463293, 0.3002078489021019, 0.23161870020407216, 0.2318230116808856, 0.1951279596046165, 0.167287513061806, 0.1715615855322944],