{
    "unit_circle_mse-consistent": {
        "gaussianElement": {
            "1e0": {
                "loss": [
                    2.4704537819872527,
                    2.128889528039384,
                    1.577136211888794,
                    1.2282704438974505,
                    1.0686314970390982,
                    0.9693589394858257,
                    0.965358451947774,
                    0.9229403189509608,
                    0.8747901951341325,
                    0.8485608151695682,
                    0.7830531290132705,
                    0.7533350649852549,
                    0.7175869504792143,
                    0.720741604089374,
                    0.6794126281273782,
                    0.6602711670293474,
                    0.6464470664478691,
                    0.6347433290525114,
                    0.6327569830907535,
                    0.6367466756742295
                ],
                "iden": [
                    0.0,
                    0.0,
                    0.0,
                    0.0,
                    0.0,
                    0.0,
                    0.0,
                    0.0,
                    0.0,
                    0.0,
                    0.0,
                    0.0,
                    0.0,
                    0.0,
                    0.0,
                    0.0,
                    0.0,
                    0.0,
                    0.0,
                    0.0
                ],
                "fwd": [
                    0.1896657354392599,
                    0.19535173622259086,
                    0.1798407521240606,
                    0.17253229382194157,
                    0.16813343344213758,
                    0.14151917432904063,
                    0.13879200370707287,
                    0.1281213397486206,
                    0.09921154562196775,
                    0.0937772800207501,
                    0.07504557895515244,
                    0.060321467615879476,
                    0.04194096720563403,
                    0.042416212293836804,
                    0.02922312244432702,
                    0.025906744830684576,
                    0.025519101913661173,
                    0.02224572644749007,
                    0.02552517523685728,
                    0.022591838517326924
                ],
                "bwd": [
                    0.17059758155857588,
                    0.19669471868459854,
                    0.1888218663417404,
                    0.18755293429532915,
                    0.16312168998079576,
                    0.16276169868364723,
                    0.1462518375576722,
                    0.12447528810080148,
                    0.11197887170986136,
                    0.08794972319581192,
                    0.07529424379949701,
                    0.05182458654023378,
                    0.039321626520955215,
                    0.03413051332331502,
                    0.026880341505169686,
                    0.02660430548216473,
                    0.025549992252158246,
                    0.023836750744684648,
                    0.022826719356635574,
                    0.02346632389898895
                ],
                "cons": [
                    0.5291452068172089,
                    0.5262423673539763,
                    0.5234132159971937,
                    0.5202354675014269,
                    0.5164948392313546,
                    0.5121674002033391,
                    0.5077032498573059,
                    0.5036324000249714,
                    0.4997807193564498,
                    0.4959550134667523,
                    0.4921120653776636,
                    0.48814297796565825,
                    0.48388617993126903,
                    0.4795025922754947,
                    0.4749610378317637,
                    0.47019847480855215,
                    0.46518415337828195,
                    0.46020036810609305,
                    0.45530625899269883,
                    0.4502969541506136
                ],
                "eigen": [
                    0.06575342465753424,
                    0.06575342465753424,
                    0.06575342465753424,
                    0.06575342465753424,
                    0.06575342465753424,
                    0.06575342465753424,
                    0.06575342465753424,
                    0.06575342465753424,
                    0.06575342465753424,
                    0.06575342465753424,
                    0.06575342465753424,
                    0.06575342465753424,
                    0.06575342465753424,
                    0.06575342465753424,
                    0.06575342465753424,
                    0.06575342465753424,
                    0.06575342465753424,
                    0.06575342465753424,
                    0.06575342465753424,
                    0.06575342465753424
                ],
                "fwd_val": [
                    0.1747301036928907,
                    0.1798484027225742,
                    0.15721870434904892,
                    0.13723563604052835,
                    0.15191933533483723,
                    0.14176486527734203,
                    0.1396145579703572,
                    0.1003569412858526,
                    0.08037581078416227,
                    0.07138410424968598,
                    0.062121012984458567,
                    0.05267337357332421,
                    0.040828765782373155,
                    0.0350413264059854,
                    0.03296559417177386,
                    0.029448771262386444,
                    0.028704703917953833,
                    0.027664137635254053,
                    0.02683668730403554,
                    0.028425907911117914
                ],
                "testAccuracy": [
                    0.058015854408343635,
                    0.05849864582220713,
                    0.05750684874753157,
                    0.07270912888149421,
                    0.0769526691486438,
                    0.10476559462646644,
                    0.1141572284201781,
                    0.1255890503525734,
                    0.13727465892831484,
                    0.1495523788034916,
                    0.1484964688618978,
                    0.14177909741799036,
                    0.1297517605125904,
                    0.11892214665810268,
                    0.10762409990032513,
                    0.1014233094950517,
                    0.09933955408632755,
                    0.09768007509410381,
                    0.09714281372725964,
                    0.09439251944422722,
                    0.09202397428452969,
                    0.08951519864300887,
                    0.08664032133917014,
                    0.08384705459078153,
                    0.07871239818632603,
                    0.07586137764155865,
                    0.07175310949484508,
                    0.06665339631338914,
                    0.06235820117096106
                ],