{"unit_circle_mse": {"unitPerturb": {"1e0": {"loss": [7.7187629578605526, 1.6088480570959665, 3.447106558179098, 0.8863035837809244, 0.6210698778667147, 0.9166096278599332, 0.6863687454708037, 0.49048299638051834, 0.4953099810887897, 0.5582038334437779, 0.5109577935839457, 0.5215498454987056, 0.6346883168296208, 0.4445011502220517, 0.4823623536125063, 0.4344071130903941, 0.44612259334988064, 0.5542568933396113, 0.44030271257672987, 0.42694114503406344, 0.5080831618536087, 0.43445064907982234, 0.40886483873639784, 0.40827300056578625, 0.39305206329103504, 0.423665031554207, 0.40270983983599945, 0.434038449847509, 0.39920501103476874, 0.42137781778971356, 0.428511483328683, 0.3978996125478593, 0.39168147435263984, 0.40870633200993617, 0.398837407430013, 0.4114895775204614, 0.39876980251736116, 0.39160430242144867, 0.3876182313949343, 0.38688920793079196, 0.4016076496669225, 0.3861523053002736, 0.3953397538926866, 0.39543811858646455, 0.39453008439805776, 0.3885934012276786, 0.3897580797710116, 0.41562707840450225, 0.4477746146065848, 0.3903118012443421], "iden": [0.0, 0.0, 0.0, 0.0, 0.0, 0.0, 0.0, 0.0, 0.0, 0.0, 0.0, 0.0, 0.0, 0.0, 0.0, 0.0, 0.0, 0.0, 0.0, 0.0, 0.0, 0.0, 0.0, 0.0, 0.0, 0.0, 0.0, 0.0, 0.0, 0.0, 0.0, 0.0, 0.0, 0.0, 0.0, 0.0, 0.0, 0.0, 0.0, 0.0, 0.0, 0.0, 0.0, 0.0, 0.0, 0.0, 0.0, 0.0, 0.0, 0.0], "fwd": [7.717834957062252, 1.608196561298673, 3.446483188205295, 0.8857009221637059, 0.6204828232053726, 0.916040193466913, 0.6858105129665799, 0.48993340749589226, 0.4947670527866908, 0.5576694882105268, 0.5104319254557291, 0.5210354668753489, 0.6341792363969107, 0.4440021514892578, 0.4818736787826296, 0.4339319410778228, 0.445659047081357, 0.5537957085503472, 0.43984092227996335, 0.42647532811240546, 0.5076156797863188, 0.4339801091996451, 0.4083905749850803, 0.4077946950518896, 0.39256782380361405, 0.4231744191003224, 0.40221394432915575, 0.4335392391870892, 0.3987030755905878, 0.42087456536671475, 0.42800859421018567, 0.39739637526254806, 0.39117905450245694, 0.4082035791306269, 0.3983332921588232, 0.4109831159076993, 0.3982610248384022, 0.3910940412491087, 0.38710535140264596, 0.3863730960422092, 0.4010888962518601, 0.38563140990242123, 0.39481654242863734, 0.3949116600884331, 0.394001461210705, 0.3880624771118164, 0.38922345449054047, 0.41509071985880536, 0.44723696935744517, 0.3897680857824901], "bwd": [0.0, 0.0, 0.0, 0.0, 0.0, 0.0, 0.0, 0.0, 0.0, 0.0, 0.0, 0.0, 0.0, 0.0, 0.0, 0.0, 0.0, 0.0, 0.0, 0.0, 0.0, 0.0, 0.0, 0.0, 0.0, 0.0, 0.0, 0.0, 0.0, 0.0, 0.0, 0.0, 0.0, 0.0, 0.0, 0.0, 0.0, 0.0, 0.0, 0.0, 0.0, 0.0, 0.0, 0.0, 0.0, 0.0, 0.0, 0.0, 0.0, 0.0], "cons": [0.0, 0.0, 0.0, 0.0, 0.0, 0.0, 0.0, 0.0, 0.0, 0.0, 0.0, 0.0, 0.0, 0.0, 0.0, 0.0, 0.0, 0.0, 0.0, 0.0, 0.0, 0.0, 0.0, 0.0, 0.0, 0.0, 0.0, 0.0, 0.0, 0.0, 0.0, 0.0, 0.0, 0.0, 0.0, 0.0, 0.0, 0.0, 0.0, 0.0, 0.0, 0.0, 0.0, 0.0, 0.0, 0.0, 0.0, 0.0, 0.0, 0.0], "eigen": [0.0009281112708979184, 0.0006514717898671589, 0.0006234945936335458, 0.0006026287141832567, 0.0005870531091377849, 0.0005694439501634667, 0.0005582283520775418, 0.0005495931125349469, 0.0005429250498612722, 0.0005343381337644088, 0.0005259162798109981, 0.0005143733347751318, 0.0005090463119337246, 0.0004989870783266803, 0.0004886792056144231, 0.0004751778665989164, 0.0004635561545867296, 0.0004611868329996627, 0.00046179768082404895, 0.00046582252622419406, 0.0004674626499532707, 0.00047054720510329517, 0.00047423421878308526, 0.0004782934140946183, 0.00048423561614952866, 0.0004906034510996607, 0.0004958962829458334, 0.0004992181479576088, 0.0005018960625406296, 0.0005032157022801657, 0.000502891252778234, 0.0005032441741417325, 0.0005024658323871711, 0.0005027502109961851, 0.0005041050155543619, 0.0005064609512272808, 0.0005087878717671312, 0.0005102540063302196, 0.0005128876350465275, 0.0005161203000517119, 0.0005187289087131382, 0.0005208898949185534, 0.0005232094831409908, 0.0005264527548754972, 0.0005286345443141366, 0.0005309458688965866, 0.0005346051018152918, 0.0005363620566352019, 0.0005376716366126424, 0.0005437121874401494], "fwd_val": [9.125889813458478, 19.11912141022859, 2.698103304262515, 1.7549215246129917, 2.782139742815936, 1.9042566087510853, 0.6677881876627604, 0.5594807907387063, 0.46777199815820764, 0.8553715811835394, 0.8607388249150029, 0.8744583748005055, 0.3376181478853579, 0.6526561489811651, 0.4563742213779025, 0.3461737367841932, 0.947938080187197, 0.46742823388841415, 0.39185390649018464, 0.6964425731588294, 0.39234592296459053, 0.2640266550911798, 0.25371859691761156, 0.23257798618740502, 0.22164777473167138, 0.2715209369306211, 0.2853053057635272, 0.2540079222785102, 0.31269226250825105, 0.29328918015515365, 0.2630183255230939, 0.24275672877276389, 0.3151853084564209, 0.27025792333814835, 0.24131107330322266, 0.302776884149622, 0.29780614817584, 0.2111515689779211, 0.17450103936371977, 0.20624882645077172, 0.21411598170245136, 0.22427706365232114, 0.21472636858622232, 0.2297050688001845, 0.21819951357664882, 0.199810610877143, 0.26838299080177586, 0.3994282881418864, 0.20979679072344748, 0.28011735280354816], "testAccuracy": [0.09760744869709015, 0.09789105504751205, 0.095969058573246, 0.09429312497377396, 0.08700549602508545, 0.07218971103429794, 0.06998000293970108, 0.06881058216094971, 0.06663443148136139, 0.07776276022195816, 0.06677184253931046, 0.0756780356168747, 0.08864141255617142, 0.09401911497116089, 0.1000434011220932], "testStd": [0.0, 0.0, 0.0, 0.0, 0.0, 0.0, 0.0, 0.0, 0.0, 0.0, 0.0, 0.0, 0.0, 0.0, 0.0]}}}, "none-consistent": {"unitPerturb": {"1e0": {"loss": [13.428215874565973, 15.714584592788938, 19.84885757688492, 9.529548766121032, 8.273972284226192, 6.700620863172742, 6.447714063856336, 6.385675823877729, 6.490621173192584, 6.252034747411334, 6.307906377883185, 6.212308732290116, 6.267057025243365, 5.812485346718439, 5.764879256959946, 5.903081379239521, 5.819698515392485, 5.693631974477616, 6.112723335387215, 5.956712874155197, 5.897098844013517, 5.716996813577318, 5.697672283838666, 5.5345594618055545, 5.849210708860366, 5.655490935794891, 6.209749736483135, 5.939822968982515, 6.655883062453498, 5.933914668976314, 5.687150501069568, 6.08600083608476, 5.7172009907071555, 5.805008903382316, 5.7934158567398315, 7.18646736750527, 5.80056895906963, 5.663838825528583, 5.855370052277095, 5.760406373039125, 6.152728610568576, 6.050917610289559, 5.792191883874319, 5.930100819421193, 5.735816834464906, 5.887409391857329, 6.0199770246233255, 5.667311047750807, 5.561312841990637, 5.772699749658979], "iden": [0.0, 0.0, 0.0, 0.0, 0.0, 0.0, 0.0, 0.0, 0.0, 0.0, 0.0, 0.0, 0.0, 0.0, 0.0, 0.0, 0.0, 0.0, 0.0, 0.0, 0.0, 0.0, 0.0, 0.0, 0.0, 0.0, 0.0, 0.0, 0.0, 0.0, 0.0, 0.0, 0.0, 0.0, 0.0, 0.0, 0.0, 0.0, 0.0, 0.0, 0.0, 0.0, 0.0, 0.0, 0.0, 0.0, 0.0, 0.0, 0.0, 0.0], "fwd": [2.5873911418612043, 2.8311856587727866, 2.325522498478965, 0.8124521951826792, 0.733460683671255, 0.6088590773325118, 0.5747507488916791, 0.5212383573017423, 0.5170122328258696, 0.507423098125155, 0.5374292343381851, 0.4601164923773871, 0.49223426031687906, 0.4298148685031467, 0.4332247537279885, 0.4381130006578233, 0.4208170270162916, 0.42626265873984687, 0.4855924636598617, 0.4573636282057989, 0.4486077929299975, 0.42524844881088014, 0.4347998149811276, 0.4447114429776631, 0.4432578465295216, 0.42420063321552587, 0.45295467073955226, 0.4306615647815522, 0.4708224705287389, 0.4681806261577304, 0.42861622098892455, 0.4358366860283746, 0.4291310688805958, 0.42919862838018513, 0.4282021446833535, 0.5443435093713185, 0.41906559656536774, 0.42938688066270614, 0.4428203673589797, 0.44714134458511595, 0.42891019488137866, 0.4423233365255688, 0.4342650913056873, 0.43765281495593844, 0.4233622929406544, 0.4417645590645926, 0.4324409696790907, 0.4266992447868226, 0.4114062445504325, 0.42147300356910344],