{"none": {"xavierElement": {"1e0": {"loss": [0.2727849115519763, 0.25140308397545663, 0.2274954948251106, 0.21234730759712114, 0.18655987047169306, 0.1633341192654823, 0.13751490344739942, 0.10524076000196204, 0.09249981048444635, 0.0879647241879816, 0.08595226061398581, 0.08366522941415168, 0.08852806265495683, 0.08364807198581087, 0.0855832104269228, 0.08957666196779573, 0.08713976019593678, 0.08777136955087042, 0.08921600411471711, 0.0864874608984821, 0.08368420883945134, 0.08768865506942958, 0.08509978202924337, 0.08645933316722852, 0.08770482311510061], "iden": [0.0, 0.0, 0.0, 0.0, 0.0, 0.0, 0.0, 0.0, 0.0, 0.0, 0.0, 0.0, 0.0, 0.0, 0.0, 0.0, 0.0, 0.0, 0.0, 0.0, 0.0, 0.0, 0.0, 0.0, 0.0], "fwd": [0.20703148689444206, 0.18564966628540597, 0.16174207016757636, 0.14659386203713615, 0.12080644581415881, 0.09758068415672266, 0.07176148227360696, 0.03948734057004049, 0.026746389310653894, 0.022211302143253692, 0.02019882550522617, 0.01791180475661744, 0.022774631900874448, 0.017894646457341165, 0.019829785769388555, 0.02382323643932604, 0.021386338151208887, 0.02201794315146529, 0.023462584682795554, 0.020734034499076945, 0.01793078592378799, 0.021935222573476295, 0.019346358242644565, 0.02070590067127524, 0.021951398457566353], "bwd": [0.0, 0.0, 0.0, 0.0, 0.0, 0.0, 0.0, 0.0, 0.0, 0.0, 0.0, 0.0, 0.0, 0.0, 0.0, 0.0, 0.0, 0.0, 0.0, 0.0, 0.0, 0.0, 0.0, 0.0, 0.0], "cons": [0.0, 0.0, 0.0, 0.0, 0.0, 0.0, 0.0, 0.0, 0.0, 0.0, 0.0, 0.0, 0.0, 0.0, 0.0, 0.0, 0.0, 0.0, 0.0, 0.0, 0.0, 0.0, 0.0, 0.0, 0.0], "eigen": [0.06575342465753424, 0.06575342465753424, 0.06575342465753424, 0.06575342465753424, 0.06575342465753424, 0.06575342465753424, 0.06575342465753424, 0.06575342465753424, 0.06575342465753424, 0.06575342465753424, 0.06575342465753424, 0.06575342465753424, 0.06575342465753424, 0.06575342465753424, 0.06575342465753424, 0.06575342465753424, 0.06575342465753424, 0.06575342465753424, 0.06575342465753424, 0.06575342465753424, 0.06575342465753424, 0.06575342465753424, 0.06575342465753424, 0.06575342465753424, 0.06575342465753424], "fwd_val": [0.16485623873758237, 0.15444795799332156, 0.15756339021926918, 0.14122486709588583, 0.10889525061260291, 0.07377443768551961, 0.05152748587530784, 0.03601196732210076, 0.030527716883474693, 0.02421847401537757, 0.030638697954575606, 0.022920782187422693, 0.032515650750070374, 0.03315209368192823, 0.028352192250618802, 0.035197924060714036, 0.02747241435227571, 0.034074219456617386, 0.030726806577085104, 0.0315590003406368, 0.03540219283766216, 0.03512473097266014, 0.03258169280446094, 0.03302719941941629, 0.024782169004377345], "testAccuracy": [0.042160264837245144, 0.04036185424774885, 0.044186935760080814, 0.058341561195751034, 0.07428281009197235, 0.09353026996056239, 0.11818024888634682, 0.15512988343834877, 0.1470021903514862, 0.171430341899395, 0.1581042284766833, 0.1509569101035595, 0.1398234417041143, 0.129623431712389, 0.11929064740737279, 0.11811987186471622, 0.11452819779515266, 0.11150594924887021, 0.11308330669999123, 0.10926242421070735, 0.10612500086426735, 0.10364037255446117, 0.10130531092484792, 0.09764738505085309, 0.09226106231411298, 0.08809080471595128, 0.08252875631054242, 0.08089521775643031, 0.07555808375279109], "testStd": [0.011921034833778441, 0.010283658481479085, 0.024663850749510323, 0.03437739136184038, 0.03483483201046371, 0.05753051538651571, 0.04528679806171367, 0.04810927061531277, 0.05159578640656626, 0.030203276296130767, 0.021592496479424867, 0.030471536995522273, 0.02536577304609272, 0.018978252369882476, 0.015059318617162573, 0.01797528005686402, 0.018588533770097147, 0.01765641796557911, 0.018708592523389456, 0.015513425240703687, 0.015416235247852185, 0.015508952381222612, 0.015359563821264006, 0.01459815954078099, 0.014188324319724476, 0.01775902298486116, 0.01318066002091676, 0.01153045984152163, 0.011073498109560414]}}}}